seq_no,instn_code,instn_name,instn_srvc_type_cde,instn_srvc_type,instn_blk_hse_no,instn_street_name,instn_flr_no,instn_unit_no,instn_bldg_name,instn_pc,instn_ofc_no,instn_email,ap_user_name
201500000373,PT9160,SAFARI HOUSE PRESCHOOL YISHUN,CC,Childcare Centre,5.0,YISHUN INDUSTRIAL STREET 1,1.0,2.0,NORTH SPRING BIZHUB,768161,67107328.0,YS@ZOO-PHONICS.COM.SG,
201500000372,15C0226,TSI & PARTNERS FAMILY CLINIC,HC,Healthcare Institution,151.0,SERANGOON NORTH AVENUE 2,1.0,1.0,,550151,63834818.0,,
201500000366,SS20150009,UNITED EYECARE (BOON KENG) LLP,OS,Optical Shop,27.0,BENDEMEER ROAD,1.0,641.0,BENDEMEER SHOPPING MALL,330027,62978298.0,ueyecare@yahoo.com.sg,
201500000364,YM0160,MY WORLD PRESCHOOL LTD.,CC,Childcare Centre,,WOODLANDS CRESCENT,1.0,82.0,,732787,63621566.0,ccadm@myworld.org.sg,
201500000363,YM0159,MY WORLD PRESCHOOL LTD.,CC,Childcare Centre,270.0,YISHUN STREET 22,1.0,58.0,,760270,67560729.0,ccynl@myworld.org.sg,
201500000362,YM0158,MY WORLD PRESCHOOL LTD.,CC,Childcare Centre,14.0,ST. GEORGE'S ROAD,1.0,70.0,,320014,62982543.0,ccstg@myworld.org.sg,
201500000361,PT9159,LITTLE FOOTPRINTS PRESCHOOL PTE LTD,CC,Childcare Centre,,COMPASSVALE DRIVE,,,,541201,62436639.0,sivaneswary.n@littlefootprints.com.sg,
201500000360,PT9158,LITTLE FOOTPRINTS PRESCHOOL PTE LTD,CC,Childcare Centre,,COMPASSVALE LINK,,,,541275,62350109.0,jacqueline.teo@littlefootprint.com.sg,
201500000282,15D0165,NOBLE DENTAL SURGERY,HC,Healthcare Institution,219.0,BEDOK CENTRAL,1.0,126.0,,460219,65561126.0,,
201500000280,PT9152,STAR LEARNERS @ CCK SPORTS CENTRE PTE. LTD.,CC,Childcare Centre,1.0,CHOA CHU KANG STREET 53,1.0,1.0,CHOA CHU KANG SPORTS CENTRE,689236,62500173.0,mengwei.tan@starlearners.com.sg,
201500000276,15D0161,NEUA DENTAL,HC,Healthcare Institution,321.0,ALEXANDRA ROAD,2.0,17.0,ALEXANDRA CENTRAL,159971,62500128.0,contact@neua.com.sg,
201500000273,SS20150102,MANCHESTER EYEWEAR,OS,Optical Shop,30.0,SEMBAWANG DRIVE,1.0,4.0,SUN PLAZA,757713,67541965.0,luciuscheong@916@gmail.com,
201500000272,PT9151,PAT'S SCHOOLHOUSE PTE. LTD.,CC,Childcare Centre,755.0,UPPER SERANGOON ROAD,,,,534625,62800891.0,lilianlai@patschoolhouse.com,
201500000271,RC1768,BETHLEHEM EDUCARE CENTRE,CC,Childcare Centre,320.0,TAMPINES STREET 33,1.0,106.0,,520320,66046912.0,KOMALA.DAVID@YAHOO.COM,
201500000270,PT9150,SDM-MORIAH PRESCHOOL (GREENWICH) PTE LTD,CC,Childcare Centre,1.0,SELETAR ROAD,2.0,7.0,"GREENWICH, THE",807011,62579877.0,sdmmoriah_gv@sdmgroup.sg,
201500000269,PT9149,CAMBRIDGE@FERNVALE PTE. LTD.,CC,Childcare Centre,,FERNVALE ROAD,1.0,46.0,CORAL VALE,791409,64257560.0,fernvale@cambridge.school,
201500000268,PT9148,STAR LEARNERS @ WOODLANDS CIRCLE PTE. LTD.,CC,Childcare Centre,,WOODLANDS CIRCLE,1.0,300.0,,731764,67632030.0,MENGWEI.TAN@STARLEARNERS.COM.SG,
201500000267,PT9147,STAR LEARNERS RESPECT PTE. LTD.,CC,Childcare Centre,51.0,LORONG PUNTONG,,,"INGLEWOOD, THE",576441,62500173.0,MENGWEI.TAN@STARLEARNERS.COM.SG,
201500000265,PT9145,ORION PRESCHOOL,CC,Childcare Centre,90.0,TANJONG KATONG ROAD,1.0,0.0,NINE DEGREES,436959,64456628.0,ADMIN@ORIONPRESCHOOL.COM.SG,
201500000263,SS20150112,APPLE EYEWEAR,OS,Optical Shop,725.0,CLEMENTI WEST STREET 2,1.0,196.0,,120725,68730255.0,amberpeh@gmail.com,
201500000260,15M0156,HEALTHWAY MEDICAL CLINIC,HC,Healthcare Institution,190.0,LORONG 6 TOA PAYOH,2.0,512.0,,310190,67333855.0,jed.wong@healthwaymedical.com,
201500000351,SS20150024,WINK OPTICS PREMIUM,OS,Optical Shop,3.0,TEMASEK BOULEVARD,2.0,418.0,SUNTEC CITY MALL,38983,66943195.0,suntec@winkoptics.com.sg,
201500000350,SS20150025,WINK OPTICS,OS,Optical Shop,3.0,SIMEI STREET 6,,7.0,EASTPOINT MALL,528833,63762862.0,eastpoint@winkoptics.com.sg,
201500000349,SS20150026,WINK OPTICS,OS,Optical Shop,33.0,SENGKANG WEST AVENUE,,27.0,THE SELETAR MALL,797653,63416922.0,seletarmall@winkoptics.com.sg,
201500000348,PT9157,STAR LEARNERS @ YIO CHU KANG PTE. LTD.,CC,Childcare Centre,645.0,ANG MO KIO AVENUE 6,1.0,4991.0,,560645,62500173.0,MENGWEI.TAN@STARLEARNERS.COM.SG,
201500000347,PT9156,LITTLE FOOTPRINTS PRESCHOOL PTE LTD,CC,Childcare Centre,,EDGEFIELD PLAINS,,,,824107,62436650.0,urmila.rai@littlefootprints.com.sg,
201500000345,PT9154,ICHIBAN MONTESSORI CHILDCARE CENTRE (PURVIS) PTE. LTD.,CC,Childcare Centre,17.0,PURVIS STREET,1.0,1.0,,188596,63339392.0,icb_631@yahoo.com,
201500000343,15M0216,PANHEALTH FAMILY CLINIC,HC,Healthcare Institution,,SUMANG LINK,1.0,3.0,,822312,69660595.0,,
201500000344,15D0215,TOA PAYOH DENTAL CENTRE,HC,Healthcare Institution,107.0,LORONG 1 TOA PAYOH,1.0,258.0,,310107,62501493.0,,
201500000341,15D0213,PURE DENTAL STUDIO,HC,Healthcare Institution,190.0,LORONG 6 TOA PAYOH,1.0,572.0,,310190,94387600.0,studio@puredentalpractice.com,
201500000339,YM0157,MY WORLD PRESCHOOL LTD.,CC,Childcare Centre,52.0,LENGKOK BAHRU,1.0,301.0,,150052,64733109.0,cclke@myworld.org.sg,
201500000338,PT9153,LITTLE FOOTPRINTS PRESCHOOL PTE LTD,CC,Childcare Centre,,SENGKANG EAST WAY,1.0,468.0,,544260,62436640.0,a.rajeswary@littlefootprints.com.sg,
201500000336,15M0211,ACUMED MEDICAL GROUP,HC,Healthcare Institution,1.0,JOO KOON CIRCLE,1.0,23.0,FAIRPRICE HUB,629117,68615755.0,,
201500000335,ST0153,PCF SPARKLETOTS PRESCHOOL @ TAMAN JURONG BLK 161 (CC),CC,Childcare Centre,161.0,YUNG PING ROAD,1.0,35.0,,610161,62686016.0,Carole.SeePG@pcf.org.sg,
201500000334,RC1769,WHOLE CHILD NURTURE CENTRE,CC,Childcare Centre,,FERNVALE LINK,1.0,243.0,,793430,62864298.0,PRINCIPALPRESCHOOL@KAMPUNGSENANG.ORG,
201500000333,15D0208,UNITY DENTICARE,HC,Healthcare Institution,301.0,UPPER THOMSON ROAD,,12.0,THOMSON PLAZA,574408,63366222.0,DC_license@ntuchealth.sg,
201500000328,15D0204,TRIPOD DENTAL CLINIC,HC,Healthcare Institution,5.0,UPPER BOON KENG ROAD,1.0,18.0,MULTI STOREY CAR PARK,380005,66357993.0,tripod.dentalclinic@gmail.com,
201500000332,15C0201,TSD DENTAL GROUP (PRIMECARE),HC,Healthcare Institution,681.0,HOUGANG AVENUE 8,1.0,823.0,,530681,63868136.0,,
201500000323,ST0152,PCF SPARKLETOTS PRESCHOOL @ZHENGHUA BLK 550B (CC),CC,Childcare Centre,,SEGAR ROAD,1.0,628.0,,672550,67104138.0,NG.LIAN.SEE@PCF.ORG.SG,
201500000319,SS20150056,AEROV PTE LTD,OS,Optical Shop,6.0,SIN MING ROAD,1.0,18.0,SIN MING PLAZA,575585,62614700.0,brian@aerov.com.sg,
201500000317,15C0194,ALEXANDER DENTAL ASSOCIATES,HC,Healthcare Institution,304.0,ORCHARD ROAD,5.0,30.0,LUCKY PLAZA,238863,67320107.0,dr.audrey.alexander@gmail.com,
201500000315,15D0192,TSD DENTAL GROUP (TAMPINES),HC,Healthcare Institution,20.0,TAMPINES CENTRAL 1,1.0,7.0,TAMPINES MRT STATION,529538,67895488.0,,
201500000311,15M0188,SMG SPECIALIST CENTRE,HC,Healthcare Institution,290.0,ORCHARD ROAD,16.0,12.0,THE PARAGON,238859,62352152.0,sspc@smg.sg,
201500000308,YM0156,MY WORLD PRESCHOOL LTD.,CC,Childcare Centre,,CANBERRA ROAD,1.0,221.0,,752350,64815569.0,cccbr@myworld.org.sg,
201500000307,SS20150068,VISION LAB EYEWEAR PTE LTD,OS,Optical Shop,30.0,SEMBAWANG DRIVE,,19.0,SUN PLAZA,757713,65556559.0,jingyi@visionlabeyewear.com.sg,
201500000306,SS20150069,VISION LAB EYEWEAR PTE LTD,OS,Optical Shop,709.0,ANG MO KIO AVENUE 8,1.0,2597.0,,560709,64580025.0,jingyi@visionlabeyewear.com.sg,
201500000303,15M0182,SENNETT MEDICAL CLINIC,HC,Healthcare Institution,55.0,SIGLAP ROAD,,10.0,SIGLAP CENTRE,455871,62800670.0,sennettmedicalclinic@gmail.com,
201500000301,15C0173,TSD DENTAL GROUP (YISHUN),HC,Healthcare Institution,747.0,YISHUN STREET 72,1.0,100.0,,760747,67582112.0,,
201500000290,15M0171,ONECARE CLINIC BUKIT BATOK,HC,Healthcare Institution,630.0,BUKIT BATOK CENTRAL,1.0,148.0,,650630,65636913.0,onecare.bukitbatok@gmail.com,
201500000300,15C0175,TSD DENTAL GROUP (HOUGANG),HC,Healthcare Institution,809.0,HOUGANG CENTRAL,1.0,166.0,,530809,63851733.0,,
201500000299,15C0174,TSD DENTAL GROUP (CCK306),HC,Healthcare Institution,306.0,CHOA CHU KANG AVENUE 4,1.0,683.0,,680306,64623349.0,,
201500000295,15M0180,RAFFLESMEDICAL,HC,Healthcare Institution,1.0,SCOTTS ROAD,4.0,,SHAW CENTRE,228208,68380080.0,shawcentre@rafflesmedical.com,
201500000288,SS20150087,V'SION CO. EYEWEAR LLP,OS,Optical Shop,1.0,JELEBU ROAD,1.0,5.0,BUKIT PANJANG PLAZA,677743,67540980.0,andreagoh@live.com.sg,
201500000287,SS20150088,GO EYECARE (PASIR RIS) PTE. LTD.,OS,Optical Shop,443.0,PASIR RIS DRIVE 6,1.0,18.0,,510443,65817677.0,,
201500000286,EP15100,SG REHAB PTE LTD,EI,Early Intervention Programmes,316.0,TANGLIN ROAD,2.0,1.0,,247978,68010664.0,admin@sgrehab.com,
201500000285,SS20150090,MAGICAL EYE CARE,OS,Optical Shop,123.0,BUKIT MERAH LANE 1,1.0,102.0,,150123,68780098.0,magicaleyecare@gmail.com,
201500000281,15M0168,HEARTLAND FAMILY CLINIC,HC,Healthcare Institution,,YISHUN STREET 31,1.0,167.0,,763333,62500655.0,enquiry@heartlandfamilyclinic.sg,
201500000108,PT9610,AL-NASRY@SENGKANG SOUTH KINDERGARTEN,KN,Kindergarten,552.0,HOUGANG STREET 51,,296.0,,530552,90223305.0,adleenazree@nigelherbs.com,
201500000107,PT9583,QUAYSIDE ISLE PREPARATORY SCHOOL,KN,Kindergarten,31.0,OCEAN WAY,1.0,17.0,QUAYSIDE ISLE,98375,62357527.0,oprokazova@quips.edu.sg,
201500000106,YM0154,MY WORLD PRESCHOOL LTD.,CC,Childcare Centre,725.0,WOODLANDS AVENUE 6,1.0,494.0,,730725,63622913.0,ccwlds.circle@myworld.org.sg,
201500000105,PT9111,ICHIBAN (NOBLE) CHILDCARE PTE. LTD.,CC,Childcare Centre,8.0,YUNNAN WALK 2,,,,638139,67953158.0,ICHIBANYUNNANCHILDCARE@GMAIL.COM,
201500000104,PT9110,BRIGHT SPARKS CHILDCARE LLP,CC,Childcare Centre,401.0,WOODLANDS STREET 41,1.0,30.0,,730401,63630264.0,brightsparks2512@gmail.com,
201500000103,PT9109,LIGHTHOUSE EDUCARE PTE LTD,CC,Childcare Centre,21.0,WOODLANDS CLOSE,1.0,13.0,,737854,63699572.0,info@jollyowlsh.com,
201500000102,NT0557,MY FIRST SKOOL,CC,Childcare Centre,,SUMANG LINK,1.0,163.0,,823312,66349989.0,INFO@MYFIRSTSKOOL.COM,
201500000101,15D0061,RAFFLESDENTAL,HC,Healthcare Institution,6.0,RAFFLES BOULEVARD,1.0,212.0,MARINA SQUARE,39594,63397800.0,dental_admin@raffleshospital.com,
201500000099,MCPHA1500060,GUARDIAN PHARMACY (SUN PLAZA 2),PH,Pharmacy,30.0,SEMBAWANG DRIVE,,11.0,SUN PLAZA,757713,62578939.0,,
201500000096,15D0059,ADVANCED DENTAL TOA PAYOH,HC,Healthcare Institution,19.0,LORONG 7 TOA PAYOH,1.0,270.0,,310019,63975411.0,,
201500000095,RC1765,BETHEL CHILD DEVELOPMENT CENTRE,CC,Childcare Centre,111.0,ALJUNIED CRESCENT,1.0,110.0,,380111,68469287.0,bcdcsupervisor@bethelcs.org.sg,
201500000093,RC1764,PLAYSCAPES@4PM,CC,Childcare Centre,606.0,BEDOK RESERVOIR ROAD,1.0,736.0,,470606,62420395.0,secretariat@4pm.org.sg,
201500000090,15D0053,THE DENTAL STUDIO,HC,Healthcare Institution,,SHENTON WAY,,,,68815,62213837.0,oue@dentalstudio.sg,
201500000089,15M0056,EAGLE EYE CENTRE,HC,Healthcare Institution,9.0,KING ALBERT PARK,1.0,,KAP RESIDENCES MALL,598332,64751000.0,,
201500000258,PT9143,EDUGARDEN DISCOVERY PTE. LTD.,CC,Childcare Centre,429.0,JURONG WEST AVENUE 1,1.0,310.0,,640429,68973938.0,edugarden@singnet.com.sg,
201500000256,15D0154,MYSMILE DENTAL CLINIC,HC,Healthcare Institution,108.0,HOUGANG AVENUE 1,1.0,1307.0,,530108,62808140.0,,
201500000251,RC1767,NEW LIFE COMMUNITY SERVICES,CC,Childcare Centre,580.0,WOODLANDS DRIVE 16,1.0,582.0,,730580,68920013.0,enquiry.wdlcc@newlife.org.sg,
201500000250,15D0151,SIMPLY DENTAL,HC,Healthcare Institution,212.0,LORONG 8 TOA PAYOH,1.0,35.0,,310212,62500129.0,,
201500000244,15C0147,MISSION (HOUGANG) MEDICAL CLINIC,HC,Healthcare Institution,356.0,HOUGANG AVE 7,1.0,799.0,,530356,62814567.0,,
201500000242,15M0146,ISLAND FAMILY CLINIC (SENGKANG),HC,Healthcare Institution,279.0,SENGKANG EAST AVENUE,1.0,5.0,,540279,63842759.0,ifcsengkang@gmail.com,
201500000240,SK0004,SKOOL4KIDZ CENTRE,CC,Childcare Centre,,YISHUN AVENUE 11,1.0,376.0,,761430,67105137.0,YISHUNCC@SKOOL4KIDZ.COM.SG,
201500000239,15D0140,NEO SMILES DENTAL STUDIO,HC,Healthcare Institution,214.0,BEDOK NORTH STREET 1,1.0,153.0,,460214,64810800.0,hello@neosmiles.com.sg,
201500000237,15D0139,EPISMILE (BT BATOK) DENTAL GROUP PTE LTD,HC,Healthcare Institution,275.0,BUKIT BATOK EAST AVENUE 4,1.0,130.0,,650275,66659300.0,jeekuan71@gmail.com,
201500000238,15D0142,LVDA DENTAL CENTRE,HC,Healthcare Institution,,UPPER THOMSON ROAD,,,,574357,64520498.0,,
201500000234,15D0137,Q & M DENTAL SURGERY (BEDOK),HC,Healthcare Institution,311.0,NEW UPPER CHANGI ROAD,2.0,1.0,BEDOK MALL,467360,63846288.0,,
201500000232,PT9585,CEDAN KINDERGARTEN,KN,Kindergarten,198.0,PUNGGOL FIELD,2.0,2.0,,820198,98567589.0,enquiry@cedankindergarten.com.sg,
201500000222,PT9140,STAR LEARNERS @ BOON KENG PTE. LTD.,CC,Childcare Centre,5.0,BOON KENG ROAD,1.0,84.0,,330005,62500173.0,mengwei.tan@starlearners.com.sg,
201500000220,15M0124,RAFFLESMEDICAL,HC,Healthcare Institution,585.0,NORTH BRIDGE ROAD,,,"LEVEL 2, RAFFLES HOSPITAL",188770,63112233.0,bugis@rafflesmedical.com,
201500000219,15M0125,RAFFLES EXECUTIVE MEDICAL CENTRE,HC,Healthcare Institution,585.0,NORTH BRIDGE ROAD,,,"LEVEL 12, RAFFLES HOSPITAL",188770,63112288.0,remc@rafflesmedical.com,
201500000215,PT9139,MLC (BISHAN) PTE. LTD.,CC,Childcare Centre,201.0,BISHAN STREET 23,1.0,467.0,,570201,64559677.0,admin201@mylittlecampus.com.sg,
201500000214,PT9138,MLC (CANBERRA) PTE. LTD.,CC,Childcare Centre,482.0,ADMIRALTY LINK,1.0,1.0,,750482,67535332.0,admin482@mylittlecampus.com.sg,
201500000210,YM0155,MY WORLD PRESCHOOL LTD.,CC,Childcare Centre,,SENGKANG EAST AVENUE,1.0,605.0,,542281,63842870.0,cccpv.ancilla@myworld.org.sg,
201500000208,PT9137,MLC (SEMBAWANG) PTE. LTD.,CC,Childcare Centre,406.0,SEMBAWANG DRIVE,1.0,828.0,,750406,67552278.0,admin406@mylittlecampus.com.sg,
201500000209,ST0151,PCF SPARKLETOTS PRESCHOOL @ CHONG PANG BLK 277 (CC),CC,Childcare Centre,277.0,YISHUN STREET 22,1.0,294.0,,760277,67563057.0,ho.sau.kuen@pcf.org.sg,
201500000207,PT9136,MLC (WELLINGTON) PTE. LTD.,CC,Childcare Centre,511.0,CANBERRA ROAD,3.0,1.0,SEMBAWANG MART,750511,68533089.0,admin511@mylittlecampus.com.sg,
201500000206,PT9135,MLC (YISHUN) PTE. LTD.,CC,Childcare Centre,849.0,YISHUN RING ROAD,2.0,3701.0,,760849,67561669.0,admin849@mylittlecampus.com.sg,
201500000205,PT9134,MLC (PASIR RIS) PTE. LTD,CC,Childcare Centre,735.0,PASIR RIS STREET 72,2.0,344.0,PASIR RIS WEST PLAZA,510735,65824898.0,admin735@mylittlecampus.com.sg,
201500000204,PT9133,POSSO PRESCHOOL @ BIG BOX PTE. LTD.,CC,Childcare Centre,1.0,VENTURE AVENUE,4.0,11.0,BIG BOX,608521,86879980.0,charmaine.ng@POSSOPRESCHOOL.COM,
201500000200,15M0115,RAFFLESMEDICAL,HC,Healthcare Institution,3.0,SIMEI STREET 6,2.0,27.0,EASTPOINT MALL,528833,66361458.0,eastpoint@rafflesmedical.com,
201500000198,RC1766,KIDZ MEADOW CHILDCARE & DEVELOPMENT CENTRE,CC,Childcare Centre,,JURONG WEST STREET 65,1.0,237.0,,643663,63165103.0,jurongwest.chc@merculearning.com,
201500000197,PT9131,ICHIBAN MONTESSORI CHILDCARE CENTRE (FERNVALE) PTE. LTD.,CC,Childcare Centre,439.0,SENGKANG WEST AVENUE,1.0,1.0,,790439,66349138.0,icb_631@yahoo.com,
201500000196,PT9130,MINDCHAMPS PRESCHOOL @JUNCTION 10 PTE LIMITED,CC,Childcare Centre,1.0,WOODLANDS ROAD,2.0,15.0,THE TENNERY,677899,67672381.0,michelleseow@mindchamps.org,
201500000195,15D0114,Q & M DENTAL SURGERY (PASIR RIS MRT),HC,Healthcare Institution,10.0,PASIR RIS CENTRAL,1.0,22.0,PASIR RIS MRT STATION,519634,65838313.0,,
201500000194,15M0113,PROCROSS MEDICAL CLINIC,HC,Healthcare Institution,,WOODLANDS DRIVE 75,1.0,86.0,,731689,62199648.0,calebho79@hotmail.com,
201500000192,15D0111,ADVENT DENTAL SURGERY PTE. LTD.,HC,Healthcare Institution,,JURONG WEST AVENUE 1,1.0,907.0,,641530,66596778.0,drsharonleng@gmail.com,
201500000193,15D0112,THE BRACES PRACTICE,HC,Healthcare Institution,,LORONG MAMBONG,,,HOLLAND VILLAGE,277676,64632306.0,,
201500000186,SS20150188,INFINITY OPTICAL,OS,Optical Shop,683.0,TESSENSOHN ROAD,1.0,33.0,,210683,63415313.0,infinityop@yahoo.com.sg,
201500000179,PT9129,GLOBALKIDS EDU PTE LTD,CC,Childcare Centre,19.0,SERANGOON NORTH AVENUE 5,3.0,3.0,,554913,64811389.0,discoveryglobalkids@gmail.com,
201500000176,15M0102,DR. TAN & PARTNERS @ SCOTTS,HC,Healthcare Institution,9.0,SCOTTS ROAD,6.0,6.0,PACIFIC PLAZA,228210,66942348.0,JUSTINS11@DRTANANDPARTNERS.COM,
201500000172,15D0099,JESSELTON DENTAL CENTRE,HC,Healthcare Institution,9.0,SCOTTS ROAD,6.0,5.0,PACIFIC PLAZA,228210,67342234.0,info@jesseltondentalcentre.com,
201500000173,15D0096,NUFFIELD DENTAL SIGLAP PRIVATE LIMITED,HC,Healthcare Institution,914.0,EAST COAST ROAD,1.0,3.0,THE DOMAIN,459108,66361303.0,siglap@nuffieldheathcare.com.sg,
201500000170,PT9128,ICHIBAN MONTESSORI CHILDCARE CENTRE (CCK) PTE LTD,CC,Childcare Centre,427.0,CHOA CHU KANG AVENUE 4,,,,680427,67655957.0,icb_631@yahoo.com,
201500000169,PT9127,BUSY BEES SINGAPORE PTE.LTD,CC,Childcare Centre,6.0,SERANGOON NORTH AVENUE 5,2.0,1.0,,554910,62579201.0,karenlee@smallwonder.com.sg,
201500000167,MCPH11500182,WATSON'S PERSONAL CARE STORES PTE LTD (VIVO CITY),PH,Pharmacy,1.0,HARBOURFRONT WALK,,,VIVO CITY,98585,63768084.0,187@watsons.com.sg,
201500000166,CPE318992,MELBOURNE SPECIALIST INTERNATIONAL SCHOOL PTE LTD,KP,CPE Kindergarten,970.0,TOA PAYOH NORTH,6.0,1.0,,318992,62554230.0,finance@whitelodge.com.sg,
201500000164,PT9125,TOTS N TOYS PTE LTD,CC,Childcare Centre,16.0,BOON LAY WAY,1.0,40.0,TRADEHUB 21,609965,83229228.0,ENQUIRY@TOTSNTOYS.COM.SG,
201500000161,15M0092,NUFFIELD MEDICAL SIGLAP,HC,Healthcare Institution,914.0,EAST COAST ROAD,1.0,3.0,THE DOMAIN,459108,66363083.0,siglap@nuffieldmedical.com.sg,
201500000160,ST0150,PCF SPARKLETOTS PRESCHOOL @ SEMBAWANG BLK 780D (CC),CC,Childcare Centre,,WOODLANDS CRESCENT,1.0,65.0,,734780,63975675.0,Cindy.Sim@pcf.org.sg,
201500000159,ST0149,PCF SPARKLETOTS PRESCHOOL @ GAMBAS BLK 333D (CC),CC,Childcare Centre,,YISHUN STREET 31,1.0,151.0,,764333,67107550.0,bintus.sadaa.binte.abdul.talib@pcf.org.sg,
201500000158,PT9124,SUPERLAND PRE-SCHOOL (OUTRAM) PTE LTD,CC,Childcare Centre,240.0,OUTRAM ROAD,,,,169043,62215110.0,outram@superland.sg,
201500000155,15D0091,DENTAL FOCUS JURONG WEST CLINIC,HC,Healthcare Institution,959.0,JURONG WEST STREET 92,1.0,162.0,,640959,67913189.0,PIONEER@SMILESDFI.COM,
201500000152,15D0087,HEALTHWAY DENTAL,HC,Healthcare Institution,721.0,ANG MO KIO AVENUE 8,1.0,2801.0,,560721,64554629.0,karen.ling@healthwaymedical.com,
201500000151,SS20150222,OPTIQUE@HG PTE. LTD.,OS,Optical Shop,682.0,HOUGANG AVENUE 4,1.0,370.0,,530682,67023766.0,optiqueholdings@gmail.com,
201500000150,SS20150223,OPTIQUE@JW PTE. LTD.,OS,Optical Shop,502.0,JURONG WEST AVENUE 1,1.0,815.0,,640502,65671137.0,optiqueholdings@gmail.com,
201500000149,NT0560,MY FIRST SKOOL,CC,Childcare Centre,,PASIR RIS STREET 51,2.0,593.0,,513524,66349989.0,INFO@MYFIRSTSKOOL.COM,
201500000147,NT0559,MY FIRST SKOOL,CC,Childcare Centre,678.0,WOODLANDS AVENUE 6,2.0,724.0,,730678,66349989.0,info@myfirstskool.com,
201500000146,ST0148,PCF SPARKLETOTS PRESCHOOL @ CANBERRA BLK 413 (CC),CC,Childcare Centre,413.0,SEMBAWANG DRIVE,1.0,712.0,,750413,65552078.0,Kang.Lee.Kung@pcf.org.sg,
201500000145,PT9123,JUS INFANTS @ EAST COAST PTE. LTD.,CC,Childcare Centre,715.0,EAST COAST ROAD,,,,459067,86860777.0,stephanielee@jusinfants.com,
201500000141,PT9598,DREAMKIDS KINDERGARTEN @ EAST GATE PTE LTD,KN,Kindergarten,46.0,46 EAST COAST ROAD,1.0,3.0,EASTGATE,428766,81021249.0,dawn@dreamkids.com.sg,
201500000140,PT9122,CHILDTIME CARE & DEVELOPMENT CENTRE PTE.LTD.,CC,Childcare Centre,21.0,WOODLANDS CLOSE,1.0,1.0,PRIMZ BIZHUB,737854,63974988.0,principal.wdl@mulberrylearning.com,
201500000137,ST0147,PCF SPARKLETOTS PRESCHOOL @ TECK GHEE BLK 415 (CC),CC,Childcare Centre,415.0,ANG MO KIO AVENUE 10,1.0,967.0,,560415,64597789.0,M.suseela@pcf.org.sg,
201500000136,SS20150237,VISION 27,OS,Optical Shop,,TAMPINES ST 23,1.0,98.0,,527201,65874568.0,vision27sg@gmail.com,
201500000135,PT9121,LITTLE KINDER MONTESSORI LLP,CC,Childcare Centre,55.0,CHU LIN ROAD,,,BAMBOO GROVE PARK,669949,69526471.0,principal@littlekindermontessori.com,
201500000134,PT9120,STAR LEARNERS @ RIVERVALE PTE LTD,CC,Childcare Centre,195.0,RIVERVALE DRIVE,1.0,743.0,,540195,62500173.0,mengwei.tan@starlearners.com.sg,
201500000131,15D0080,ADVANCED DENTAL CLINIC JURONG WEST PTE LTD,HC,Healthcare Institution,498.0,JURONG WEST STREET 41,1.0,482.0,,640498,65650054.0,,
201500000129,PT9119,SUNSHINE KIDS CARE CENTRE @ TAMPINES PTE. LTD.,CC,Childcare Centre,,TAMPINES CENTRAL 8,1.0,11.0,,521519,64836828.0,sunshinekidstamp@singnet.com.sg,
201500000126,15X0073,BJIOS IMAGING,HC,Healthcare Institution,1.0,FARRER PARK STATION ROAD,13.0,,CONNEXION,217562,69086933.0,,
201500000125,PT9118,SAFARI HOUSE PRESCHOOL WOODLANDS,CC,Childcare Centre,11.0,WOODLANDS CLOSE,1.0,25.0,WOODLANDS 11,737853,62620098.0,wl@safarihouse.com,
201500000124,PT9117,BUSY BEES SINGAPORE PTE LTD,CC,Childcare Centre,,ANCHORVALE ROAD,1.0,322.0,,542327,67021937.0,nazyraabdulrashid@smallwonder.com.sg,
201500000123,PT9116,STAR LEARNERS @ WOODLANDS PTE LTD,CC,Childcare Centre,11.0,WOODLANDS CLOSE,1.0,22.0,WOODLANDS 11,737853,62500173.0,mengwei.tan@starlearners.com.sg,
201500000119,PT9115,HUDA CHILDCARE (WOODLANDS11) PTE. LTD.,CC,Childcare Centre,11.0,WOODLANDS CLOSE,1.0,19.0,WOODLANDS 11,737853,63343119.0,SSAM97@HOTMAIL.COM,
201500000118,15D0068,LUMINOUS DENTAL CLINIC @ BEDOK POINT,HC,Healthcare Institution,799.0,NEW UPPER CHANGI ROAD,3.0,27.0,BEDOK POINT,467351,64811618.0,lumindental@hotmail.com,
201500000116,PT9114,ETONHOUSE BILINGUAL PRE-SCHOOL PTE. LTD.,CC,Childcare Centre,215.0,UPPER BUKIT TIMAH ROAD,,,COURTAULDS HOUSE,588184,67623322.0,215bt@etonhouse.edu.sg,
201500000113,PT9113,ICHIBAN MONTESSORI CHILDCARE CENTRE (SEGAR) PTE. LTD,CC,Childcare Centre,,SEGAR ROAD,1.0,67.0,,671546,63699692.0,icb_631@yahoo.com,
201500000112,NT0558,MY FIRST SKOOL,CC,Childcare Centre,756.0,JURONG WEST STREET 74,1.0,68.0,,640756,66349989.0,info@myfirstskool.com,
201500000109,PT9112,BERRY TREE PRESCHOOL@SEMBAWANG PRIVATE LIMITED,CC,Childcare Centre,511.0,CANBERRA ROAD,3.0,2.0,SEMBAWANG MART,750511,65554740.0,yywp5656@gmail.com,
201500000019,SS20150354,OKE OPTICAL,OS,Optical Shop,163.0,ANG MO KIO AVENUE 4,1.0,434.0,,560163,64514909.0,wpohwah@yahoo.com.sg,
201500000018,PT9711,RAFFLES MONTESSORI KINDERGARTEN (ALJUNIED),KN,Kindergarten,,LORONG 23 GEYLANG,4.0,,FANSIDA BUILDING,388375,67452722.0,bluehouselearning@gmail.com,
201500000013,15M0003,ACCESS MEDICAL (CIRCUIT ROAD),HC,Healthcare Institution,88.0,CIRCUIT ROAD,1.0,965.0,,370088,65478840.0,betterhealth@accessmedical.com.sg,
201500000012,SS20150361,SPECTACLE HUT,OS,Optical Shop,1.0,JOO KOON CIRCLE,2.0,23.0,FAIRPRICE HUB,629117,63974571.0,thwe@spectaclehut.com.sg,
201500000011,SS20150362,SPECTACLE HUT,OS,Optical Shop,33.0,SENGKANG WEST AVE,1.0,42.0,THE SELETAR MALL,797653,67027522.0,thwe@spectaclehut.com.sg,
201500000010,PT9099,STAR LEARNERS @ NORTH EAST PTE. LTD.,CC,Childcare Centre,57.0,ANCHORVALE ROAD,1.0,4.0,SENGKANG SPORTS AND RECREATION C,544964,62500173.0,MENGWEI.TAN@STARLEARNERS.COM.SG,
201500000009,PT9098,LITTLE FOOTPRINTS PRESCHOOL @ THOMSON PTE LTD,CC,Childcare Centre,157.0,SIN MING ROAD,2.0,1.0,AMTECH BUILDING,575624,65541445.0,lena.lin@littlefootprints.com.sg,
201500000008,14D0395,PURE NZ DENTAL,HC,Healthcare Institution,62.0,JALAN JURONG KECHIL,,,JK BUILDING,598584,91062268.0,info@purenzdental.com,
201500000005,14M0391,KINDER CLINIC PTE LTD,HC,Healthcare Institution,38.0,IRRAWADDY ROAD,4.0,23.0,MOUNT ELIZABETH NOVENA SPECIALIS,329563,62685441.0,contactus@kinderclinic.com.sg,
201500000001,14M0396,BJIOS ORTHOPAEDICS,HC,Healthcare Institution,1.0,FARRER PARK STATION ROAD,13.0,,CONNEXION,217562,69086933.0,,
201400003431,WP1111,SAFARI HOUSE PRESCHOOL TOA PAYOH,CC,Childcare Centre,530.0,LORONG 6 TOA PAYOH,3.0,1.0,HDB HUB,310530,63347118.0,TOAPAYOH@ZOO-PHONICS.COM.SG,
201400003390,14M0372,PROCROSS MEDICAL CENTRE,HC,Healthcare Institution,449.0,HOUGANG AVENUE 10,,509.0,,530449,67022848.0,admin@procross.com.sg,
201400003389,14M0373,PHOENIX MEDICAL GROUP (PAYA LEBAR),HC,Healthcare Institution,60.0,PAYA LEBAR ROAD,2.0,9.0,PAYA LEBAR SQUARE,409051,67022940.0,angelafong@phoenixmedical.sg,
201400003387,PT9709,RAFFLES MONTESSORI KINDERGARTEN (STILL ROAD),KN,Kindergarten,105.0,LORONG STANGEE,,,,425080,97319697.0,RAFFLESMONT@SINGNET.COM.SG,
201400003384,14D0366,SMILES R US DENTAL CENTRE,HC,Healthcare Institution,11.0,TANJONG KATONG ROAD,3.0,10.0,ONE KM,437157,67023345.0,smilesrus_dental@hotmail.sg,
201400003382,14D0368,Q & M DENTAL SURGERY (SELETAR),HC,Healthcare Institution,33.0,SENGKANG WEST AVENUE,4.0,16.0,THE SELETAR MALL,797653,67023738.0,Q&M@qandm.com.sg,
201400003379,14D0364,DE DENTAL PRACTICE,HC,Healthcare Institution,3.0,SIMEI  STREET 6,3.0,13.0,EASTPOINT MALL,528833,67847800.0,,
201400003374,14D0359,DE PACIFIC DENTAL GROUP (BALESTIER) PTE. LTD.,HC,Healthcare Institution,20.0,AH HOOD ROAD,1.0,25.0,ZHONGSHAN MALL,329984,66844862.0,,
201400003368,SS20150436,SPECSHOP PTE LTD,OS,Optical Shop,204.0,HOUGANG ST 21,1.0,99.0,,530204,62829195.0,shawn_ng21@yahoo.com,
201400003430,ST0144,PCF SPARKLETOTS PRESCHOOL @ JURONG CENTRAL BLK 308 (CC),CC,Childcare Centre,308.0,JURONG EAST STREET 32,1.0,270.0,,600308,65609622.0,Nur.Shaheila.Kaspan@PCF.org.sg,
201400003429,ST0143,PCF SPARKLETOTS PRESCHOOL @ BEDOK RESERVOIR-PUNGGOL BLK 470C (CC),CC,Childcare Centre,,UPPER SERANGOON CRESCENT,1.0,352.0,,533470,63416906.0,shield.wangxe@pcf.org.sg,
201400003428,ST0142,PCF SPARKLETOTS PRESCHOOL @ TAMPINES CENTRAL BLK 858 (CC),CC,Childcare Centre,858.0,TAMPINES AVENUE 5,1.0,529.0,,520858,67885737.0,KYLYN.CHIAMS@PCF.ORG.SG,
201400003427,ST0141,PCF SPARKLETOTS PRESCHOOL @ PIONEER BLK 661B (CC),CC,Childcare Centre,,JURONG WEST STREET 64,1.0,426.0,,642661,67900433.0,Hamidah.Juhan@pcf.org.sg,
201400003425,PT9097,ISMART MONTESSORI,CC,Childcare Centre,256.0,BANGKIT ROAD,2.0,73.0,,670256,68779158.0,patricksbs@gmail.com,
201400003424,PT9096,JEET'S LITTLE LEARNERS (BEDOK) PTE. LTD.,CC,Childcare Centre,327.0,BEDOK ROAD,,,,469498,62425354.0,JEETPEREIRA@EDUCARE.COM.SG,
201400003423,PT9095,JUST KIDS @ JURONG WEST PTE. LTD.,CC,Childcare Centre,,JURONG WEST STREET 65,1.0,139.0,,643667,67919909.0,jurongwest@justkids.com.sg,
201400003414,ST0140,PCF SPARKLETOTS PRESCHOOL @ SENGKANG CENTRAL BLK 262A (CC),CC,Childcare Centre,,COMPASSVALE STREET,1.0,117.0,,541262,63841026.0,Priscilla.LohHK@pcf.org.sg,
201400003413,PT9094,NURTURESTARS CHILD CARE,CC,Childcare Centre,333.0,BOON LAY WAY,,3.0,SAFRA JURONG,649848,62540859.0,tsuifern@nurturestars.sg,
201400003412,PT9093,KINDERCARE @ JOO SENG PTE. LTD.,CC,Childcare Centre,17.0,JOO SENG ROAD,3.0,133.0,JOO SENG HEIGHTS,360017,67286866.0,Liena@hi-5world.com,
201400003411,SS20150393,PRECIOUS EYES OPTICAL PTE LTD,OS,Optical Shop,445.0,PASIR RIS DRIVE 6,1.0,98.0,,510445,65829382.0,preciouseyes1314@yahoo.com.sg,
201400003410,SS20150394,OTTICA  PTE LTD,OS,Optical Shop,1.0,SCOTTS ROAD,3.0,,SHAW CENTRE,228208,62352868.0,ovottica@gmail.com,
201400003409,ST0139,PCF SPARKLETOTS PRESCHOOL @ MARSILING BLK 334 (CC),CC,Childcare Centre,334.0,WOODLANDS STREET 32,1.0,13.0,,730334,63656787.0,Lim.Mui.Cheng@pcf.org.sg,
201400003405,SS20150399,EYEZ OPTOMETRY,OS,Optical Shop,11.0,TANJONG KATONG ROAD,1.0,,ONE KM,357147,67022122.0,tonsonghui@gmail.com,
201400003403,NT0555,MY FIRST SKOOL,CC,Childcare Centre,3.0,SIMEI STREET 6,6.0,6.0,EASTPOINT MALL,528833,66349989.0,info@myfirstskool.com,
201400003394,SS20150410,EYES PALACE,OS,Optical Shop,2.0,TAMPINES CENTRAL 5,2.0,23.0,CENTURY SQUARE SHOPPING MALL,529509,66948728.0,eyespalace@gmail.com,
201400003393,WP1110,THE LITTLE SKOOL-HOUSE INTERNATIONAL PTE LTD,CC,Childcare Centre,,CLEMENTI ROAD,,,,129798,67739362.0,gohcm@littleskoolhouse.com,
201400003391,NT0554,MY FIRST SKOOL,CC,Childcare Centre,,ANCHORVALE LINK,1.0,372.0,,542332,66349989.0,INFO@MYFIRSTSKOOL.COM,
201500000085,AT201528,ORTHOPAEDIA PTE. LTD.,AT,Assistive Technology Device Providers,1.0,COMMONWEALTH LANE,8.0,16.0,,149544,64794738.0,susanna@orthopaedia.com.sg,
201500000084,PT9108,PRECIOUS ANGELS PLAYLAND,CC,Childcare Centre,83.0,LORONG 2 TOA PAYOH,1.0,451.0,,310083,62583505.0,ROBIN@JESSIN.EDU.SG,
201500000081,PT9726,BRAINY BUNCH HOUGANG PTE. LTD.,KN,Kindergarten,247.0,HOUGANG AVENUE 3,1.0,452.0,,530247,62834490.0,info.sg@brainybunch.com,
201500000080,SS20150293,33 SPEX,OS,Optical Shop,282.0,BISHAN STREET 22,1.0,139.0,,570282,64564773.0,nigellcheok@gmail.com,
201500000079,15M0047,YISHUN RING ROAD CLINIC,HC,Healthcare Institution,236.0,YISHUN RING ROAD,1.0,1010.0,,760236,62577202.0,,
201500000078,RC1763,HAVEN SCHOOLHOUSE @ BAHAGIA,CC,Childcare Centre,29.0,JALAN BAHAGIA,1.0,348.0,,320029,63551433.0,HAVENSCHOOL29@GMAIL.COM,
201500000077,PT9107,TWINKLEKIDZ PLAYHOUSE PTE. LTD.,CC,Childcare Centre,11.0,LORONG 3 TOA PAYOH,1.0,18.0,JACKSON SQUARE,319579,62580125.0,toa.payoh@twinklekidz.com,
201500000075,SS20150298,SPECKY,OS,Optical Shop,417.0,YISHUN AVENUE 11,1.0,329.0,,760417,67596619.0,speckyoptic@gmail.com,
201500000072,15M0044,ETERNA MEDICAL CLINIC,HC,Healthcare Institution,629.0,ANG MO KIO AVENUE 4,1.0,994.0,,560629,68023050.0,eternamedicalgroup@gmail.com,
201500000065,15D0037,TS DENTAL CARE,HC,Healthcare Institution,809.0,FRENCH ROAD,2.0,,KITCHENER COMPLEX,200809,62984863.0,info@loyaldental.com.sg,
201500000062,15M0035,ELYON FAMILY CLINIC AND SURGERY,HC,Healthcare Institution,,TELOK BLANGAH STREET 32,1.0,22.0,,102078,68027208.0,elyonfamilyclinic@gmail.com,
201500000069,15M0033,VIVA MEDICAL GROUP,HC,Healthcare Institution,,TAMPINES CENTRAL 8,1.0,8.0,,521519,66357240.0,,
201500000067,15C0038,SIGLAP CLINIC PTE LTD,HC,Healthcare Institution,308.0,TELOK KURAU ROAD,1.0,8.0,VIBES @ EAST COAST,423858,63488389.0,siglapclinic@gmail.com,
201500000057,15D0027,DENTAL FOCUS GSM CLINIC,HC,Healthcare Institution,1.0,GEYLANG SERAI,1.0,206.0,,402001,68485495.0,GSM@SMILESDFI.COM,
201500000055,ST0362,PCF SPARKLETOTS PRESCHOOL @ TAMPINES CENTRAL BLK 868A (KN),KN,Kindergarten,,TAMPINES AVENUE 8,1.0,534.0,,520868,63416820.0,junainah.haron@pcf.org.sg,
201500000054,PT9612,PAPER SCISSORS STONE MONTESSORI KINDERGARTEN (BEDOK RESEVOIR BRANCH),KN,Kindergarten,718.0,BEDOK RESERVOIR ROAD,1.0,4590.0,,470718,98351077.0,mscherylng@gmail.com,
201500000052,PT9106,LUCAS CHILDREN ACADEMY PTE. LTD.,CC,Childcare Centre,7030.0,ANG MO KIO AVENUE 5,1.0,39.0,NORTHSTAR @ AMK,569880,66592636.0,Lucas.child.acad@gmail.com,
201500000050,15D0025,NEUSMILE DENTAL GROUP (KOVAN) PTE LTD,HC,Healthcare Institution,988.0,UPPER SERANGOON ROAD,1.0,23.0,STARS OF KOVAN,534733,62860616.0,,
201500000048,PT9105,LICDO @ RIVERVALE PRESCHOOL TEAM PTE. LTD.,CC,Childcare Centre,145.0,RIVERVALE DRIVE,1.0,529.0,,540145,,,
201500000043,EP15098,OLIVE TREE EDUCENTRE PTE LTD,EI,Early Intervention Programmes,1.0,GOLDHILL PLAZA,3.0,27.0,,308899,62593900.0,olivetree.educentre@gmail.com,
201500000041,ST0146,PCF SPARKLETOTS PRESCHOOL @ BUKIT PANJANG BLK 412 (CC),CC,Childcare Centre,412.0,SAUJANA ROAD,1.0,66.0,,670412,67648858.0,Yuhua.Janice.Ong@pcf.org.sg,
201500000040,ST0145,PCF SPARKLETOTS PRESCHOOL @ TAMPINES EAST BLK 385 (CC),CC,Childcare Centre,385.0,TAMPINES STREET 32,1.0,53.0,,520385,67833417.0,Daisy.sohys@pcf.org.sg,
201500000038,PT9102,LICDO @BEDOK PRESCHOOL TEAM PTE. LTD.,CC,Childcare Centre,656.0,JALAN TENAGA,1.0,104.0,,410656,67457723.0,weesim@licdo.com.sg,
201500000032,MCPHA1500059,Guardian Pharmacy (Eastpoint Mall),PH,Pharmacy,3.0,SIMEI STREET 6,2.0,,EASTPOINT MALL,528833,65382394.0,gepm@guardian.com.sg,
201500000029,15M0011,ONECARE CLINIC YISHUN,HC,Healthcare Institution,431.0,YISHUN AVENUE 1,1.0,4.0,MULTI STOREY CAR PARK,760431,63342373.0,admin@onecaremedical.com.sg,
201500000030,15M0012,THE CLINIC @ APERIA,HC,Healthcare Institution,12.0,KALLANG AVENUE,3.0,15.0,APERIA,339511,63416892.0,contact@theclinicataperia.com,
201500000026,NT0556,MY FIRST SKOOL,CC,Childcare Centre,604.0,SEMBAWANG ROAD,2.0,31.0,SEMBAWANG SHOPPING CENTRE,758459,66349989.0,INFO@MYFIRSTSKOOL.COM,
201500000024,SS20150349,EYEWEAR HOUSE,OS,Optical Shop,9.0,BISHAN PLACE,2.0,14.0,JUNCTION 8 SHOPPING CENTRE,579837,62588806.0,eyewearhousesg@gmail.com,
201500000022,MCPH1400321,WATSON'S PERSONAL CARE STORES PTE LTD (JUNCTION 8),PH,Pharmacy,9.0,BISHAN PLACE,2.0,,JUNCTION 8 SHOPPING CENTRE,579837,63373433.0,063@str.watsons.com.sg,
201400003217,SS20150587,NANYANG OPTICAL CO PTE LTD,OS,Optical Shop,101.0,THOMSON ROAD,,,UNITED SQUARE,307591,62507768.0,nyo-unitedsquare@nanyang.com.sg,
201400003216,PT9073,LITTLE FOOTPRINTS SCHOOLHOUSE (AMK) PTE. LTD.,CC,Childcare Centre,7030.0,ANG MO KIO AVENUE 5,1.0,32.0,NORTHSTAR @ AMK,569880,65709316.0,vikneshwari.r@littlefootprints.com.sg,
201400003215,14D0264,UNITY DENTICARE,HC,Healthcare Institution,1.0,MARITIME SQUARE,3.0,17.0,HARBOURFRONT CENTRE,99253,63366222.0,DC_License@ntuchealth.sg,
201400003209,PT9072,STAR LEARNERS @ JURONG PTE. LTD.,CC,Childcare Centre,8.0,BOON LAY WAY,1.0,24.0,8 @ TRADEHUB 21,609964,62500173.0,mengwei.tan@starlearners.com.sg,
201400003201,PT9071,KIDDIWINKIE SCHOOLHOUSE @ NOVENA PTE. LTD.,CC,Childcare Centre,1.0,NOVENA TERRACE,,,,307903,63550555.0,suzana.ali@kiddiwinkie.com.sg,
201400003199,PT9069,HAMILTON PRESCHOOL,CC,Childcare Centre,,SEMBAWANG DRIVE,1.0,385.0,,752463,67104648.0,sembawang@hamiltonpreschool.com.sg,
201400003198,14M0251,KL NG MEDICAL CLINIC PTE LTD,HC,Healthcare Institution,1.0,JALAN BUKIT MERAH,1.0,4530.0,,150001,62712554.0,ngshuwei@hotmail.com,
201400003367,SS20150437,HAZEL EYECARE,OS,Optical Shop,,BISHAN ST 11,1.0,412.0,,573505,62592818.0,hazel.luh@gmail.com,
201400003366,PT9092,HAPPY KIDS CHILDCARE & DEVELOPMENT CENTRE,CC,Childcare Centre,882.0,TAMPINES STREET 84,,,,521882,67864998.0,hkidstam@hotmail.com,
201400003362,PT9091,LICDO @ BB PRESCHOOL TEAM PTE. LTD.,CC,Childcare Centre,,BUKIT BATOK STREET 25,1.0,66.0,,654288,65612201.0,weesim@licdo.com.sg,
201400003361,PT9090,CHERIE HEARTS HOLDINGS PTE. LTD.,CC,Childcare Centre,743.0,BEDOK RESERVOIR ROAD,2.0,3083.0,,470743,64425887.0,bedokreservoir@cheriehearts.com.sg,
201400003360,PT9089,SDM CHILDCARE CENTRE (BARTLEY) PTE LTD,CC,Childcare Centre,267.0,UPPER PAYA LEBAR ROAD,,,,534908,62888193.0,yvonne_cheng@sdmgroup.sg,
201400003359,NT0553,MY FIRST SKOOL,CC,Childcare Centre,491.0,ADMIRALTY LINK,1.0,191.0,,750491,66349989.0,info@myfirstskool.com,
201400003357,14M0347,RAFFLESMEDICAL,HC,Healthcare Institution,33.0,SENGKANG WEST AVENUE,1.0,,THE SELETAR MALL,797653,67026917.0,seletarmall@rafflesmedical.com,
201400003353,ST0138,PCF SPARKLETOTS PRESCHOOL @ CLEMENTI BLK 420A (CC),CC,Childcare Centre,,CLEMENTI AVENUE 1,2.0,1.0,,120420,66844166.0,Geok.Hoon.Cheah@PCF.org.sg,
201400003349,SS20150455,OREGON OPTICS PTE LTD,OS,Optical Shop,106.0,HOUGANG AVE 1,1.0,1229.0,,530106,62856433.0,oregonoptics@gmail.com,
201400003348,MCPHA1400057,GUARDIAN PHARMACY (SELETAR MALL),PH,Pharmacy,33.0,SENGKANG WEST AVENUE,,,THE SELETAR MALL,797653,67027053.0,gslm@guardian.com.sg,
201400003346,PT9087,STAR LEARNERS PTE LTD,CC,Childcare Centre,3.0,LORONG G TELOK KURAU,,,,426165,62500173.0,MENGWEI.TAN@STARLEARNERS.COM.SG,
201400003345,PT9086,WHIZ KIDS MONTESSORI PTE. LTD.,CC,Childcare Centre,,RIVERVALE DRIVE,1.0,452.0,,544122,68812777.0,WHIZKIDSMONTESSORI@GMAIL.COM,
201400003337,PT9085,SAFARI HOUSE PRESCHOOL BT BATOK,CC,Childcare Centre,2.0,BUKIT BATOK WEST AVENUE 7,1.0,5.0,,659003,66844378.0,SHIDAH@SAFARIHOUSE.COM,
201400003336,PT9084,JOSIAH BABIES (APERIA),CC,Childcare Centre,12.0,KALLANG AVENUE,3.0,37.0,APERIA,339511,67022177.0,LENA.LIM@JOSIAH.COM.SG,
201400003334,SS20150470,WILLMAX GROUP PTE LTD,OS,Optical Shop,21.0,BUKIT BATOK CRESCENT,17.0,82.0,WCEGA TOWER,658065,62255788.0,VINCEKHOR@WILLMAXGROUP.COM,
201400003330,SS20150474,THE EYE OPTIQUE (BEDOK),OS,Optical Shop,539.0,BEDOK NORTH STREET 3,1.0,623.0,,460539,62466445.0,theeyeoptique@yahoo.com.sg,
201400003326,14D0332,HEALTHWAY DENTAL,HC,Healthcare Institution,417.0,YISHUN AVENUE 11,1.0,321.0,,760417,67573228.0,karen.ling@healthwaymedical.com,
201400003324,14D0330,FDC DENTAL TAMAN JURONG,HC,Healthcare Institution,399.0,YUNG SHENG ROAD,1.0,6.0,TAMAN JURONG SHOPPING CENTRE,610399,62651931.0,tjdental@singnet.com.sg,
201400003322,PT9082,IMONTESSORI PTE. LTD.,CC,Childcare Centre,12.0,KALLANG AVENUE,3.0,37.0,APERIA,339511,67023902.0,tammy@imontessori.sg,
201400003315,14M0327,FOCAL EYE CENTRE,HC,Healthcare Institution,38.0,IRRAWADDY ROAD,10.0,,MOUNT ELIZABETH NOVENA SPECIALIS,329563,63398936.0,drzena@ceec.com.sg,
201400003317,14M0325,THE CHILDREN'S EYE AND ENT CENTRE,HC,Healthcare Institution,38.0,IRRAWADDY ROAD,10.0,,MOUNT ELIZABETH NOVENA SPECIALIS,329563,63398938.0,drdawn@ceec.com.sg,
201400003318,14M0326,THE ENT SPECIALIST CENTRE,HC,Healthcare Institution,38.0,IRRAWADDY ROAD,10.0,,MT ELIZABETH NOVENA SPECIALIST C,329563,63398939.0,,
201400003311,SS20150493,RESIDENTS OPTICAL (BEDOK) PTE LTD,OS,Optical Shop,510.0,BEDOK NORTH STREET 3,1.0,53.0,,460510,64452944.0,residentsoptical@gmail.com,
201400003310,EP14096,SPEECH MATTERS PTE LTD,EI,Early Intervention Programmes,15.0,SCOTTS ROAD,9.0,11.0,THONG TECK BUILDING,228218,62359778.0,speechmatters@gmail.com,
201400003309,EP14097,THINK KIDS PTE LTD,EI,Early Intervention Programmes,123.0,PENANG ROAD,3.0,13.0,REGENCY HOUSE (OFFICE TOWER),238465,67354438.0,info@think-kids.com,
201400003308,MCPH1400248,WATSON'S PERSONAL CARE STORES PTE LTD (CHANGI AIRPORT TERMINAL 3 TRANSIT NORTH),PH,Pharmacy,65.0,AIRPORT BOULEVARD,2.0,66.0,CHANGI AIRPORT TERMINAL 3,819663,69081401.0,183@str.watsons.com.sg,
201400003307,14C0321,ELITE DENTAL GROUP,HC,Healthcare Institution,1.0,GRANGE ROAD,12.0,3.0,ORCHARD BUILDING,239693,63334456.0,enquiry@edg.com.sg,
201400003306,SS20150498,SPORT ON EYEWEAR,OS,Optical Shop,1.0,STADIUM PLACE,1.0,48.0,KALLANG WAVE MALL,397628,67027331.0,sporton-kw@nanyang.com.sg,
201400003297,14M0313,MY FAMILY CLINIC (SEGAR),HC,Healthcare Institution,485.0,SEGAR ROAD,1.0,508.0,,670485,67107269.0,mfc.segar@alliance.md,
201400003296,MCPHA1400055,GUARDIAN PHARMACY (ONE KIM),PH,Pharmacy,11.0,TANJONG KATONG ROAD,,,ONE KM,437157,67022289.0,g1km@guardian.com.sg,
201400003286,14D0305,LUMINOUS DENTAL CLINIC @ TAMPINES,HC,Healthcare Institution,827.0,TAMPINES STREET 81,1.0,142.0,,520827,67820368.0,lumindental@hotmail.com,
201400003287,14M0306,MY FAMILY CLINIC (ANCHORVALE),HC,Healthcare Institution,,ANCHORVALE ROAD,1.0,260.0,,541326,67023963.0,mfc.anchorvale@alliance.md,
201400003285,14M0301,ZENITH MEDICAL CLINIC,HC,Healthcare Institution,,PUNGGOL WAY,1.0,374.0,,823266,64433678.0,punggolzenith@gmail.com,
201400003278,AT201552,SINGAPORE ASSOCIATION OF THE VISUALLY HANDICAPPED,AT,Assistive Technology Device Providers,47.0,TOA PAYOH RISE,,,,298104,62514331.0,enquiries@savh.org.sg,
201400003277,RC1761,HAVEN INFANT & TODDLER CENTRE,CC,Childcare Centre,114.0,WHAMPOA ROAD,1.0,123.0,,320114,62511768.0,havencareedu@gmail.com,
201400003276,14D0296,LITTLE INDIA DENTIST,HC,Healthcare Institution,12.0,KERBAU ROAD,,,,219151,62930355.0,samintharaj.kumar@gmail.com,
201400003274,PT9079,LITTLE SAGE INTERNATIONAL PRESCHOOL,CC,Childcare Centre,22.0,LICHI AVENUE,,,,348796,62833830.0,principal@littlesagepreschool.com.sg,
201400003273,PT9078,CHILDFIRST@TAMPINES PTE. LTD.,CC,Childcare Centre,3.0,TAMPINES CENTRAL 1,5.0,1.0,ABACUS PLAZA,529540,92702977.0,JOANNA_WEI@CHILDFIRST.COM.SG,
201400003269,YM0153,MY WORLD PRESCHOOL LTD.,CC,Childcare Centre,354.0,KANG CHING ROAD,1.0,23.0,,610354,62674907.0,cckc@myworld.org.sg,
201400003266,KG1544,BRITISH COUNCIL (SINGAPORE) PRE-SCHOOL,KN,Kindergarten,11.0,TAMPINES CONCOURSE,1.0,,,528729,67839209.0,vivien.kwok@britishcouncil.org,
201400003265,PT9077,LITTLE TREE HOUSE @ HOUGANG PTE. LTD.,CC,Childcare Centre,62.0,JALAN NAUNG,,,MIRAMAR GARDENS,537727,63861211.0,cindy.low@littletreehouse.com.sg,
201400003264,14C0290,HISEMAINN MEDICAL CLINIC (SIMS PLACE),HC,Healthcare Institution,48.0,SIMS PLACE,1.0,167.0,,380048,67424413.0,skoh@hisemainn.com,
201400003262,14M0288,LYNNE LIM EAR NOSE THROAT & HEARING CENTRE (CHILD & ADULT),HC,Healthcare Institution,3.0,MOUNT ELIZABETH,17.0,7.0,MOUNT ELIZABETH MEDICAL CENTRE,228510,67377787.0,enquiry@drlynnelim.com,
201400003259,PT9076,LEARNING KIDZ ACADEMY PTE. LTD.,CC,Childcare Centre,5.0,TAMPINES CENTRAL 1,5.0,1.0,TAMPINES PLAZA,529541,67892298.0,julie@LEARNINGKIDZ.COM.SG,
201400003255,SS20150549,SPECTACLE HUT,OS,Optical Shop,313.0,ORCHARD ROAD,,,313 SOMERSET,238895,66367717.0,shs31@singnet.com.sg,
201400003253,14D0284,NUFFIELD DENTAL SIMPANG BEDOK,HC,Healthcare Institution,430.0,UPPER CHANGI ROAD,1.0,63.0,EAST VILLAGE,487048,67023238.0,bedok@nuffieldhealthcare.com.sg,
201400003251,YM0152,MY WORLD PRESCHOOL LTD.,CC,Childcare Centre,4.0,BOON KENG ROAD,1.0,110.0,,330004,62930279.0,CCBK@MYWORLD.ORG.SG,
201400003249,14M0281,PHOENIX MEDICAL GROUP (HILLVIEW),HC,Healthcare Institution,4.0,HILLVIEW RISE,2.0,20.0,HILLV2,667979,67107151.0,enquiries@phoenixmedical.sg,
201400003250,14D0282,SMILEARTS DENTAL STUDIO (HILLVIEW),HC,Healthcare Institution,4.0,HILLVIEW RISE,2.0,15.0,HILLV2,667979,63540111.0,,
201400003247,ST0137,PCF SPARKLETOTS PRESCHOOL @ WOODLANDS BLK 604 (CC),CC,Childcare Centre,604.0,WOODLANDS DRIVE 42,1.0,11.0,,730604,63625530.0,Toh.Lu.See@pcf.org.sg,
201400003246,14D0276,TOOFDOCTOR DENTAL SURGEONS (TOA PAYOH),HC,Healthcare Institution,128.0,LORONG 1 TOA PAYOH,1.0,831.0,,310128,62511811.0,toapayoh@toofdoctor.com.sg,
201400003242,14D0277,CASA DENTAL (AMK),HC,Healthcare Institution,710.0,ANG MO KIO AVENUE 8,1.0,2611.0,,560710,64580667.0,casadental.management@gmail.com,
201400003241,MCPHA1400052,Guardian Pharmacy (Pasir Ris Drive 6),PH,Pharmacy,442.0,PASIR RIS DRIVE 6,1.0,38.0,,510442,65836439.0,gprd@guardian.com.sg,
201400003240,YM0151,MY WORLD PRESCHOOL LTD.,CC,Childcare Centre,428.0,TAMPINES STREET 41,1.0,459.0,,520428,67810592.0,CCTMP.NORTH@MYWORLD.ORG.SG,
201400003239,EB0003,E-BRIDGE PRE-SCHOOL PTE. LTD.,CC,Childcare Centre,,RIVERVALE CRESCENT,1.0,453.0,,541178,64436563.0,rivervale178@e-bridge.edu.sg,
201400003238,14D0273,NUFFIELD DENTAL KOVAN,HC,Healthcare Institution,2.0,KOVAN ROAD,1.0,3.0,SIMON PLAZA,548008,62814313.0,kovan@nuffieldhealthcare.com.sg,
201400003235,NT0552,MY FIRST SKOOL,CC,Childcare Centre,,BOON LAY DRIVE,1.0,664.0,,642180,66349989.0,info@myfirstskool.com,
201400003234,ST0318,PCF SPARKLETOTS PRESCHOOL @ HONG KAH NORTH BLK 319 (KN),KN,Kindergarten,319.0,BUKIT BATOK STREET 33,1.0,40.0,,650319,65694373.0,ooi.kim.cheng@pcf.org.sg,
201400003233,ST0311,PCF SPARKLETOTS PRESCHOOL @ PIONEER BLK 654B (KN),KN,Kindergarten,,JURONG WEST STREET 61,1.0,490.0,,642654,67922802.0,Chiew.Hoon.Tan@pcf.org.sg,
201400003231,ST0347,PCF SPARKLETOTS PRESCHOOL @ CANBERRA BLK 487 (KN),KN,Kindergarten,487.0,ADMIRALTY LINK,1.0,131.0,,750487,65700224.0,Nuryani.Binte.Jeman@pcf.org.sg,
201400003230,14M0271,THE FAMILY PHYSICIAN CLINIC,HC,Healthcare Institution,,SERANGOON NORTH AVENUE 3,1.0,2.0,,552542,65551828.0,regina.fpclinic@gmail.com,
201400003227,SS20150577,KOOLOOK PTE LTD,OS,Optical Shop,304.0,LUCKY PLAZA,1.0,77.0,LUCKY PLAZA,238863,67344166.0,luckyplaza77@koolook.com.sg,
201400003226,SS20150578,KOOLOOK PTE LTD,OS,Optical Shop,304.0,ORCHARD ROAD,2.0,85.0,LUCKY PLAZA,238863,67372209.0,luckyplaza85@koolook.com.sg,
201400003224,SS20150580,WINK OPTICS PTE LTD,OS,Optical Shop,3.0,GATEWAY DRIVE,3.0,41.0,WESTGATE,608532,64659182.0,westgate@winkoptics.com.sg,
201400003221,PT9075,GLOBAL TOTS PTE. LTD.,CC,Childcare Centre,,JALAN HITAM MANIS,,,,278418,64763231.0,ask@globaltots.com.sg,
201400003220,PT9074,MINDCHAMPS PRESCHOOL @ BEDOK PTE. LTD.,CC,Childcare Centre,,CHAI CHEE ROAD,1.0,1.0,TECHNOPARK @ CHAI CHEE,469003,98334567.0,estherpoh@mindchamps.org,
201400003130,PT9060,LITTLE FOOTPRINTS SCHOOLHOUSE (ST. ANNE'S) PTE. LTD.,CC,Childcare Centre,74.0,ST. ANNE'S WOOD,,,,545215,63125401.0,lily.ting@littlefootprints.com.sg,
201400003128,PT9058,SWEETLANDS CHILDCARE WOODLANDS 886C PTE. LTD.,CC,Childcare Centre,,WOODLANDS DRIVE 50,1.0,553.0,,733886,67341081.0,SWEETLANDSWOODLANDS886C@GMAIL.COM,
201400003129,PT9059,CHERIE HEARTS @ UPPER THOMSON PTE. LTD.,CC,Childcare Centre,6.0,TAGORE DRIVE,,5.0,TAGORE BUILDING,787623,64563802.0,ONG.YEN.LYN@CHERIEHEARTS.COM.SG,
201400003127,NT0549,MY FIRST SKOOL,CC,Childcare Centre,487.0,SEGAR ROAD,1.0,548.0,,670487,66349989.0,INFO@MYFIRSTSKOOL.COM,
201400003124,14M0202,RENAISSANCE DERMATOLOGY SPECIALIST CLINIC,HC,Healthcare Institution,38.0,IRRAWADDY ROAD,10.0,36.0,MOUNT ELIZABETH NOVENA SPECIALIS,329563,65702883.0,renaissancederm@gmail.com,
201400003117,PT9057,SHEFFIELD KIDSWORLD (ST ANNE) PTE. LTD.,CC,Childcare Centre,1.0,ST. ANNE'S WOOD,,,,545271,65751072.0,skw@sheffieldkidsworld.com,
201400003116,MCPH1400169,WATSON'S PERSONAL CARE STORES PTE LTD (BUKIT PANJANG PLAZA),PH,Pharmacy,1.0,JELEBU ROAD,1.0,,BUKIT PANJANG PLAZA,677743,68925145.0,062@str.watsons.com.sg,
201400003115,SS20150689,THE EYE OPTIQUE,OS,Optical Shop,,TELOK BLANGAH ST 32,1.0,4.0,,101078,62717725.0,theeyeoptique@yahoo.com.sg,
201400003108,14D0192,RAFFLESIA DENTAL SURGERY,HC,Healthcare Institution,100.0,JALAN SULTAN,1.0,,SULTAN PLAZA,199001,66352432.0,rafflesiadental@yahoo.com,
201400003050,PT9050,YAY! SG PTE. LTD.,CC,Childcare Centre,67.0,LORONG PENCHALAK,,,,536290,90119555.0,admin@redschhs-bly.com,
201400003044,PT9049,LEAP KIDS PRESCHOOL @JALAN LANA PTE. LTD.,CC,Childcare Centre,5.0,JALAN LANA,,,,419037,64490306.0,Alice@leapeducation.sg,
201400003109,14C0191,SMG SPECIALIST CENTRE,HC,Healthcare Institution,38.0,IRRAWADDY ROAD,5.0,,MOUNT ELIZABETH NOVENA SPECIALIS,329563,67351000.0,regulatory@smg.sg,
201400003105,PT9056,LITTLE GREENHOUSE @ JW 502 PTE. LTD.,CC,Childcare Centre,502.0,JURONG WEST AVENUE 1,2.0,813.0,,640502,90031454.0,cici@global-eduhub.com,
201400003103,14D0188,RAINTREE DENTAL CLINIC,HC,Healthcare Institution,107.0,EAST COAST ROAD,,,,428799,64407543.0,ylkuek@yahoo.com,
201400003102,PT9055,JOY TALENT CHILDCARE CENTRE PTE. LTD.,CC,Childcare Centre,541.0,JURONG WEST AVENUE 1,1.0,1054.0,,640541,65695001.0,JOYTALENT@SINGNET.COM.SG,
201400003100,PT9054,BLOOMBERRY BABIES & KIDS PTE. LTD.,CC,Childcare Centre,1.0,JALAN KILANG BARAT,1.0,2.0,ONE@REDHILL CENTRE,159345,63396360.0,SHERLATAN@BLOOMBERRYKIDS.COM,
201400003096,14D0183,I.DENTAL INVISALIGN DEDICATED CLINIC,HC,Healthcare Institution,168.0,ROBINSON ROAD,13.0,4.0,CAPITAL TOWER,68912,63232813.0,,
201400003095,PT9053,CAELUM JUNIOR @ BENDEMEER PTE. LTD.,CC,Childcare Centre,70.0,BENDEMEER ROAD,2.0,1.0,LUZERNE,339940,63417008.0,JASMINE.NG@CAELUMJUNIOR.COM,
201400003092,14D0179,Q & M DENTAL SURGERY (BT BATOK CENTRAL),HC,Healthcare Institution,634.0,BUKIT BATOK CENTRAL,1.0,112.0,,650634,65693239.0,QandM@QandM.com.sg,
201400003089,PT9052,MY LITTLE GEMS PRIVATE LIMITED,CC,Childcare Centre,38.0,JALAN EUNOS,3.0,,,419500,67487483.0,BENLIM@MY-LITTLEGEMS.COM,
201400003088,AT201571,ACE HEARING AND OPTICS CENTRE,AT,Assistive Technology Device Providers,844.0,YISHUN STREET 81,1.0,160.0,YISHUN NEW TOWN,760844,64742216.0,ERNEST@THEHEARINGCENTRE.SG,
201400003087,SS20150717,ACE HEARING AND OPTICS CENTRE,OS,Optical Shop,844.0,YISHUN STREET 81,1.0,160.0,YISHUN NEW TOWN,760844,64742216.0,,
201400003084,SS20150720,KJ OPTOMETRISTS (PLAZA),OS,Optical Shop,68.0,ORCHARD ROAD,4.0,52.0,PLAZA SINGAPURA,238839,63330280.0,kjoptometrists@gmail.com,
201400003081,14C0175,KO DJENG SAKURA DENTAL CLINIC,HC,Healthcare Institution,12.0,GOPENG STREET,1.0,73.0,ICON VILLAGE,78877,67343163.0,kodjeng@singnet.com.sg,
201400003192,14D0245,COAST DENTAL,HC,Healthcare Institution,479.0,JOO CHIAT ROAD,,,,427684,64404605.0,info@coastdental.com.sg,
201400003190,SK0003,SKOOL4KIDZ CENTRE,CC,Childcare Centre,,WOODLANDS RING ROAD,1.0,282.0,,731628,64626513.0,wlringroadcc@skool4kidz.com.sg,
201400003189,EB0002,E-BRIDGE PRE-SCHOOL PTE. LTD.,CC,Childcare Centre,,EDGEFIELD PLAINS,1.0,339.0,,822615,65090242.0,edgefield614@e-bridge.edu.sg,
201400003187,14C0242,MY FAMILY CLINIC (CLEMENTI 325) PTE LTD,HC,Healthcare Institution,325.0,CLEMENTI AVE 5,1.0,139.0,,120325,67784608.0,lee.clementi@alliance.md,
201400003184,ST0345,PCF SPARKLETOTS PRESCHOOL @ GAMBAS BLK 309 (KN),KN,Kindergarten,309.0,CANBERRA ROAD,1.0,109.0,,750309,64820633.0,Kartina.Binte.Sudirman@pcf.org.sg,
201400003183,PT9068,ESHKOL VALLEY @ NORTHSTAR PTE. LTD.,CC,Childcare Centre,7030.0,ANG MO KIO AVENUE 5,1.0,41.0,NORTHSTAR @ AMK,569880,65700809.0,eshkolvalley.stefanie@gmail.com,
201400003176,14D0237,UNITY DENTICARE,HC,Healthcare Institution,261.0,SERANGOON CENTRAL DRIVE,,9.0,,550261,63366222.0,DC_License@ntuchealth.sg,
201400003170,14C0228,UNITY DENTICARE,HC,Healthcare Institution,1.0,MARINA BOULEVARD,,,ONE MARINA BOULEVARD,18989,63366222.0,vivien.yap@ntuchealth.sg,
201400003165,SK0002,SKOOL4KIDZ CENTRE,CC,Childcare Centre,24.0,MARSILING DRIVE,1.0,191.0,,730024,63689244.0,MARSILINGCC@SKOOL4KIDZ.COM.SG,
201400003164,SK0001,SKOOL4KIDZ CENTRE,CC,Childcare Centre,,WOODLANDS CRESCENT,1.0,341.0,,734782,92310041.0,priyakaruna@skool4kidz.com.sg,
201400003163,PT9588,DIVINITY KINDERGARTEN,KN,Kindergarten,70.0,UBI CRESCENT,1.0,5.0,,408570,82990939.0,divinity.esp@gmail.com,
201400003157,NT0551,MY FIRST SKOOL,CC,Childcare Centre,49.0,WHAMPOA SOUTH,1.0,8.0,,330049,66349989.0,INFO@MYFIRSTSKOOL.COM,
201400003154,EP14095,NURTURE PODS PTE LTD,EI,Early Intervention Programmes,8.0,SINARAN DRIVE,5.0,,NOVENA SPECIALIST CENTRE,307470,63525938.0,yonghao@nurturepods.com,
201400003153,PT9067,BUSY BEES SINGAPORE PTE.LTD.,CC,Childcare Centre,,YISHUN AVENUE 11,1.0,557.0,,761348,63699953.0,LareinaHo@smallwonder.com.sg,
201400003152,PT9066,BUSY BEES SINGAPORE PTE LTD,CC,Childcare Centre,,PUNGGOL WALK,1.0,623.0,,821211,66363990.0,CorrineSeah@smallwonder.com.sg,
201400003151,NT0550,MY FIRST SKOOL,CC,Childcare Centre,,PUNGGOL PLACE,1.0,1276.0,,821209,66349989.0,INFO@MYFIRSTSKOOL.COM,
201400003146,PT9063,ILHAM CHILD CARE PTE. LTD.,CC,Childcare Centre,18.0,BOON LAY WAY,1.0,121.0,TRADEHUB 21,609966,65159723.0,principal.ilhamcc@gmail.com,
201400003144,PT9062,POSSO PRESCHOOL @ BUKIT TIMAH PTE. LTD.,CC,Childcare Centre,644.0,DUNEARN ROAD,,,WATTEN ESTATE,289627,64646088.0,contact.bt@possopreschool.com,
201400003139,EB0001,E-BRIDGE PRE-SCHOOL PTE. LTD.,CC,Childcare Centre,,RIVERVALE DRIVE,1.0,8.0,,541116,64892141.0,rivervale116@e-bridge.edu.sg,
201400003138,PT9654,MY MONTESSORI PRESCHOOL @BULLION,KN,Kindergarten,172.0,LENTOR LOOP,1.0,,BULLION PARK,789100,65521235.0,mymonte2013@gmail.com,
201400003136,14D0207,UNITY DENTICARE,HC,Healthcare Institution,1.0,TANJONG PAGAR PLAZA,1.0,55.0,,82001,63366222.0,DC_License@ntuchealth.sg,
201400003137,14D0208,ADVANCED DENTAL BEDOK,HC,Healthcare Institution,56.0,NEW UPPER CHANGI ROAD,1.0,1294.0,,461056,64490246.0,,
201400003131,PT9061,MAPLE BEAR ACADEMY PTE. LTD.,CC,Childcare Centre,20.0,SIN MING LANE,1.0,56.0,MIDVIEW CITY,573968,96566788.0,MICHELLE@MAPLEBEARACADEMY.SG,
201400003024,SS20150780,328 EYE CUBE,OS,Optical Shop,328.0,CLEMENTI AVENUE 2,1.0,192.0,,120328,67790192.0,328eyecube@gmail.com,
201400003023,MCPHA1400050,Guardian Pharmacy ( Sport Hub-Kallang Wave),PH,Pharmacy,1.0,STADIUM PLACE,,51.0,,397628,67027140.0,ghub@guardian.com.sg,
201400003022,ST0134,PCF SPARKLETOTS PRESCHOOL @ EUNOS BLK 629 (CC),CC,Childcare Centre,629.0,BEDOK RESERVOIR ROAD,1.0,1643.0,,470629,64492673.0,Hurul.Ain.Mohd.Yusoff@pcf.org.sg,
201400003021,PT9048,STAR LEARNERS @ BEDOK PTE. LTD.,CC,Childcare Centre,64.0,NEW UPPER CHANGI ROAD,1.0,1158.0,,460064,62500173.0,mengwei.tan@starlearners.com.sg,
201400003017,13C0006,DE DENTAL PRACTICE TWO (PTE.) LTD,HC,Healthcare Institution,5.0,CHANGI BUSINESS PARK CENTRAL 1,2.0,17.0,CHANGI CITY POINT,486038,65436345.0,,
201400002964,13C0029,WESTFIELD DENTAL SURGERY PTE. LTD.,HC,Healthcare Institution,276.0,JOO CHIAT ROAD,,,,427530,63487188.0,westfielddental@gmail.com,
201400002965,11C0011,WINSLOW  CLINIC,HC,Healthcare Institution,10.0,SINARAN DRIVE,9.0,,NOVENA MEDICAL CENTRE,307506,63977309.0,clinic@promises.com.sg,
201400002966,9404533,WINSOME MEDICAL & DENTAL CENTER,HC,Healthcare Institution,81.0,WHAMPOA DR,1.0,915.0,,320081,62544568.0,simtiongpeng@gmail.com,
201400002958,9405783,WOODGROVE DENTAL SURGERY,HC,Healthcare Institution,326.0,WOODLANDS ST 32,1.0,111.0,,730326,63683006.0,drleong@woodgrovedental.com,
201400002876,13C0234,UNIVERSAL DENTAL CENTRE,HC,Healthcare Institution,479.0,TAMPINES STREET 44,1.0,231.0,,520479,65881725.0,universaldental@singnet.com.sg,
201400002690,13C0350,THONG HOE DENTAL SURGERY PTE LTD,HC,Healthcare Institution,153.0,BUKIT BATOK ST 11,1.0,288.0,,650153,65653233.0,,
201400002726,9405601,TWIN CITY MEDICAL PRACTICE,HC,Healthcare Institution,,ORCHARD ROAD,14.0,10.0,NGEE ANN CITY TOWER B,238874,62352511.0,twincitymedical@gmail.com,
201400002686,11C0236,THOMSON SPECIALIST DENTISTRY,HC,Healthcare Institution,8.0,SINARAN DRIVE,6.0,,NOVENA SPECIALIST CENTER,307470,62551771.0,,
201400002827,13D0301,THENG & PARTNERS DENTAL SURGEONS,HC,Healthcare Institution,80.0,MARINE PARADE ROAD,5.0,9.0,PARKWAY PARADE,449269,64472173.0,thengandpartners@gmail.com,
201400002459,14D0021,SYNERGY DENTAL SPECIALISTS,HC,Healthcare Institution,30.0,RAFFLES PLACE,3.0,5.0,CHEVRON HOUSE,48622,65325483.0,enquiry@smilesdfi.com,
201400002617,11C0233,THE CHELSEA CLINIC (ROCHESTER),HC,Healthcare Institution,35.0,ROCHESTER DRIVE,3.0,21.0,THE ROCHESTER,138639,65703913.0,,
201400002558,9401595,TAMPINES CLINIC AND SURGERY PTE LTD,HC,Healthcare Institution,139.0,TAMPINES ST 11,1.0,10.0,,521139,67810072.0,derrickangel@hotmail.com,
201400002486,12C0138,SHINAGAWA EYE CENTRE,HC,Healthcare Institution,501.0,ORCHARD ROAD,5.0,15.0,WHEELOCK PLACE,238880,67388222.0,saobing.lee@shinagawa.com.sg,
201400002511,11C0154,SMILE AVENUE DENTISTRY,HC,Healthcare Institution,10.0,SINARAN DRIVE,9.0,28.0,SQUARE 2,307506,63972818.0,info@smileavenue.com.sg,
201400002496,9700154,SINGAPORE CORD BLOOD BANK LIMITED,HC,Healthcare Institution,100.0,BUKIT TIMAH ROAD,,,KK WOMEN'S & CHILDREN'S HOSPITAL,229899,63945011.0,info@scbb.com.sg,
201400002502,9405067,SINGAPORE MEDICAL SPECIALISTS CENTRE,HC,Healthcare Institution,290.0,ORCHARD ROAD,9.0,,PARAGON,238859,68818000.0,enquiry@sgmsc.com,
201400002483,14M0138,PARKWAY SHENTON MEDICAL GROUP,HC,Healthcare Institution,50.0,ROBINSON ROAD,1.0,3.0,ROBINSON SUITES,68882,62223626.0,rbc@parkwayshenton.com,
201400002484,13M0249,SHENTON WELLNESS CENTRE,HC,Healthcare Institution,460.0,ALEXANDRA ROAD,2.0,15.0,PSA BUILDING (ALEXANDRA RETAIL C,119963,63761630.0,arc@parkwayshenton.com,
201400002480,11C0171,SHENTON MEDICAL GROUP,HC,Healthcare Institution,333.0,ORCHARD ROAD,6.0,1.0,MANDARIN ORCHARD SINGAPORE,238867,62383631.0,par@parkwayshenton.com,
201400002482,12C0231,SHENTON MEDICAL GROUP,HC,Healthcare Institution,2.0,CHANGI BUSINESS PARK AVENUE 1,1.0,3.0,UE BIZHUB EAST,486015,66362490.0,ueb@parkwayshenton.com,
201400002479,9404351,SHENTON MEDICAL GROUP,HC,Healthcare Institution,1.0,RAFFLES QUAY,9.0,2.0,ONE RAFFLES QUAY NORTH TOWER,48583,63277273.0,orq@parkwayshenton.com,
201400002477,11C0128,SHENTON FAMILY MEDICAL CLINIC,HC,Healthcare Institution,102.0,TOWNER ROAD,1.0,,TOWNERVILLE,322102,63910860.0,towner@parkwaypantai.com,
201400002283,9405444,SBCC BABY & CHILD CLINIC,HC,Healthcare Institution,279.0,BISHAN STREET 24,1.0,50.0,,570279,64533933.0,,
201400002332,9402238,SHENTON MEDICAL GROUP,HC,Healthcare Institution,10.0,ANSON RD,36.0,1.0,INTERNATIONAL PLAZA,79903,62202911.0,ipb@parkwayshenton.com,
201400002334,9405371,SHENTON MEDICAL GROUP,HC,Healthcare Institution,11.0,COLLYER QUAY,19.0,1.0,THE ARCADE,49317,65079730.0,acb@parkwayshenton.com,
201400002336,9405448,SHENTON MEDICAL GROUP,HC,Healthcare Institution,26.0,SENTOSA GATEWAY,,1.0,,98138,62382582.0,rws@parkwayshenton.com,
201400002339,9405789,SHENTON MEDICAL GROUP,HC,Healthcare Institution,,MARINA BOULEVARD,,76.0,MARINA BAY LINK MALL,18984,66345620.0,mbf@parkwayshenton.com,
201400002326,9402712,SHENTON FAMILY MEDICAL CLINIC (BEDOK RESERVOIR),HC,Healthcare Institution,744.0,BEDOK RESERVOIR ROAD,1.0,3065.0,,470744,64435936.0,brb@parkwaypantai.com,
201400002319,9403763,SHARON DENTAL & SURGERY PTE LTD,HC,Healthcare Institution,10.0,JLN SERENE,2.0,13.0,SERENE CENTRE,258748,64695661.0,sharondentalsurgery@gmail.com,
201400002284,9405445,SBCC BABY & CHILD CLINIC,HC,Healthcare Institution,302.0,TIONG BAHRU ROAD,2.0,,TIONG BAHRU PLAZA,168732,62765700.0,sbcc.tiongbahru@sbcc.sg,
201400002285,9405610,SBCC BABY & CHILD CLINIC,HC,Healthcare Institution,118.0,RIVERVALE DRIVE,2.0,20.0,RIVERVALE PLAZA,540118,68753927.0,sbcc.rivervale@sbcc.sg,
201400002070,9402711,PSALMS FAMILY CLINIC,HC,Healthcare Institution,293.0,YISHUN ST 22,1.0,217.0,,760293,67583309.0,sookyeansiew@yahoo.com,
201400002069,9403156,PROHEALTH 24-HOUR MEDICAL CLINIC,HC,Healthcare Institution,259.0,BUKIT PANJANG RING RD,1.0,18.0,,671259,67652115.0,,
201400002209,14M0005,RAFFLESMEDICAL,HC,Healthcare Institution,21.0,CHOA CHU KANG NORTH 6,1.0,2.0,YEWTEE POINT,689578,66343132.0,yewteept@rafflesmedical.com,
201400002202,11C0135,RAFFLESMEDICAL,HC,Healthcare Institution,8.0,MARINA VIEW,15.0,1.0,ASIA SQUARE TOWER 1,18960,66360160.0,mbfc@rafflesmedical.com,
201400002206,13C0242,RAFFLESMEDICAL,HC,Healthcare Institution,1.0,PASIR RIS CENTRAL STREET 3,4.0,19.0,WHITE SANDS,518457,65851279.0,whitesands@rafflesmedical.com,
201400002201,9405781,RAFFLESMEDICAL,HC,Healthcare Institution,23.0,SERANGOON CENTRAL,,1.0,NEX,556083,66342585.0,nex_clinic@rafflesmedical.com,
201400002211,14M0143,RAFFLESMEDICAL,HC,Healthcare Institution,12.0,MARINA BOULEVARD,17.0,5.0,MARINA BAY FINANCIAL CENTRE TOWE,18982,66360390.0,mbfc@rafflesmedical.com,
201400002199,9405367,RAFFLESMEDICAL,HC,Healthcare Institution,1.0,CHANGI BUSINESS PARK CRESCENT,1.0,11.0,PLAZA 8,486025,67819033.0,changibusinesspark@rafflesmedical.com,
201400002203,11C0202,RAFFLESMEDICAL,HC,Healthcare Institution,5.0,CHANGI BUSINESS PARK CENTRAL 1,,,CHANGI CITY POINT,486038,66361251.0,changibusinesspark@rafflesmedical.com,
201400002204,11C0205,RAFFLESMEDICAL,HC,Healthcare Institution,112.0,EAST COAST ROAD,3.0,17.0,I12 KATONG,428802,66363730.0,katong@rafflesmedical.com,
201400002193,13D0241,RAFFLESDENTAL,HC,Healthcare Institution,1.0,PASIR RIS CENTRAL STREET 3,4.0,19.0,WHITESANDS,518457,65856247.0,dental_admin@raffleshospital.com,
201400002196,14D0141,RAFFLESDENTAL,HC,Healthcare Institution,12.0,MARINA BOULEVARD,17.0,5.0,MARINA BAY FINANCIAL CENTRE TOWE,18982,66363780.0,dental_admin@raffleshospital.com,
201400002205,12C0010,RAFFLESMEDICAL,HC,Healthcare Institution,80.0,ROBINSON ROAD,1.0,0.0,,68898,62231188.0,robinson@rafflesmedical.com,
201400002207,13M0314,RAFFLESMEDICAL,HC,Healthcare Institution,1.0,JURONG WEST CENTRAL 2,,,JURONG POINT SHOPPING CENTRE,648886,67900583.0,jurong_point@rafflesmedical.com,
201400002208,13M0348,RAFFLESMEDICAL,HC,Healthcare Institution,203.0,BEDOK NORTH STREET 1,1.0,467.0,,460203,68449291.0,bedokmall@rafflesmedical.com,
201400002142,9404683,RAFFLESDENTAL,HC,Healthcare Institution,65.0,AIRPORT BOULEVARD,,1.0,PASSENGER TERMINAL BUILDING 3,819663,62418866.0,dental_admin@raffleshospital.com,
201400002143,9405143,RAFFLESDENTAL,HC,Healthcare Institution,10.0,TAMPINES CENTRAL 1,4.0,33.0,TAMPINES ONE,529536,67870093.0,dental_admin@raffleshospital.com,
201400002144,11C0142,RAFFLESDENTAL,HC,Healthcare Institution,1.0,WOODLANDS SQUARE,5.0,,CAUSEWAY POINT,738099,68910255.0,dental_admin@raffleshospital.com,
201400002145,12C0053,RAFFLESDENTAL,HC,Healthcare Institution,50.0,RAFFLES PLACE,1.0,,SINGAPORE LAND TOWER,48623,65333640.0,dental_admin@raffleshospital.com,
201400002120,13M0341,Q & M MEDICAL & AESTHETIC CLINIC (FARRER PARK),HC,Healthcare Institution,180.0,KITCHENER ROAD,,,CITY SQUARE MALL,208539,65099558.0,,
201400001904,12C0240,NOVENA ENT -  HEAD & NECK SURGERY SPECIALIST CENTRE,HC,Healthcare Institution,319.0,JOO CHIAT PLACE,3.0,7.0,PARKWAY EAST MEDICAL CENTRE,427989,69339451.0,,
201400001696,13C0002,M MEDICAL CLINIC,HC,Healthcare Institution,681.0,RACE COURSE ROAD,1.0,309.0,,210681,63980462.0,chumuk@yahoo.com.sg,
201400001660,13D0349,LUMINOUS DENTAL CLINIC @ BEDOK SOUTH,HC,Healthcare Institution,18.0,BEDOK SOUTH ROAD,1.0,71.0,,460018,62452838.0,lumindental@hotmail.com,
201400001799,9405272,MY DOCTOR @ LAKESIDE,HC,Healthcare Institution,201.0,BOON LAY WAY,1.0,5.0,LAKESIDE MRT STATION,649845,62657270.0,erniedoc@gmail.com,
201400001797,13D0245,MY BRACES CLINIC,HC,Healthcare Institution,43.0,JALAN MERAH SAGA,1.0,80.0,CHIP BEE GARDENS,278115,67379797.0,startsmiling@mybracesclinic.com,
201400001794,9402804,MILLENNIUM DENTAL SURGEONS PTE LTD,HC,Healthcare Institution,503.0,BISHAN ST 11,1.0,446.0,,570503,62510686.0,chuasweeyeow@yahoo.com.sg,
201400001779,14M0131,MARK LOH PAEDIATRICS,HC,Healthcare Institution,38.0,IRRAWADDY ROAD,5.0,33.0,MT ELIZABETH NOVENA SPECIALIST C,329563,63397283.0,dr.markloh@gmail.com,
201400001763,9401124,MOUNT ELIZABETH DENTAL SURGERY PTE LTD,HC,Healthcare Institution,3.0,MT ELIZABETH,7.0,3.0,MOUNT ELIZABETH MEDICAL CENTRE,228510,67322112.0,,
201400001738,13C0233,MEDINA MEDICAL CENTRE,HC,Healthcare Institution,479.0,TAMPINES STREET 44,1.0,231.0,,520479,65882756.0,medinamedicalcentre@gmail.com,
201400001735,9401087,MEDIHEALTH BISHAN CLINIC & SURGERY,HC,Healthcare Institution,121.0,BISHAN ST 12,1.0,95.0,,570121,62583212.0,,
201400001707,9401051,MARINE PARADE CLINIC,HC,Healthcare Institution,59.0,MARINE TERRACE,1.0,81.0,,440059,62419065.0,konglimkk@yahoo.com.sg,
201400001592,9404792,LEE & LEE (DENTAL SURGEONS) PTE LTD,HC,Healthcare Institution,506.0,TAMPINES CENTRAL 1,1.0,,,520506,67882262.0,,
201400001593,12C0074,LEE & LEE (DENTAL SURGEONS) PTE LTD,HC,Healthcare Institution,152.0,BUKIT BATOK STREET 11,1.0,274.0,,650152,65356113.0,,
201400001543,9405171,KO DJENG DENTAL CENTRE (JELITA BRANCH),HC,Healthcare Institution,293.0,HOLLAND ROAD,2.0,9.0,COLD STORAGE JELITA SHOPPING CEN,278628,64657177.0,,
201400001534,12C0215,KIM TIAN GREEN FAMILY CLINIC,HC,Healthcare Institution,126.0,KIM TIAN ROAD,1.0,6.0,,160126,65702822.0,doczeng0106@gmail.com,
201400001516,9403555,KCS MEDICAL CENTRE PTE LTD,HC,Healthcare Institution,515.0,BEDOK NORTH AVE 2,1.0,205.0,,460515,64438322.0,kcsmed@singnet.com.sg,
201400001672,9400913,LEE & LEE (DENTAL SURGEONS) PTE. LTD.,HC,Healthcare Institution,10.0,COLLYER QUAY,3.0,5.0,OCEAN FINANCIAL CENTRE,49315,65356113.0,,
201400001300,11C0087,"HEART, STROKE & CANCER CENTRE",HC,Healthcare Institution,290.0,ORCHARD ROAD,9.0,,PARAGON,238859,68818000.0,enquiry@shsccentre.com,
201400001101,9405409,EHA CLINIC @ JURONG,HC,Healthcare Institution,492.0,JURONG WEST STREET 41,1.0,40.0,,640492,65660257.0,edenfc@singnet.com.sg,
201400001161,9402497,FRIENDS DENTAL SURGEONS,HC,Healthcare Institution,,TAMPINES ST 21,1.0,1121.0,,524201,67855567.0,admin@friendsdental.com.sg,
201400001163,9400551,FU-XING CLINIC,HC,Healthcare Institution,161.0,BT MERAH CENTRAL,1.0,3737.0,,150161,62731000.0,toh_hosing@yahoo.com.sg,
201400001149,9403709,FOO & ASSOCIATES DENTAL SURGEONS,HC,Healthcare Institution,290.0,ORCHARD RD,9.0,,PARAGON,238859,68380903.0,QandM@QandM.com.sg,
201400001144,9402180,FIRST MEDICAL CENTRE PTE LTD,HC,Healthcare Institution,169.0,STIRLING ROAD,1.0,1165.0,,140169,64768588.0,,
201400001224,11C0070,GREENLINK MEDICAL CLINIC,HC,Healthcare Institution,807.0,YISHUN RING ROAD,1.0,4213.0,,760807,67552238.0,gideonhong@yahoo.com,
201400000880,9400417,"DRS OH, LIM, WONG & PARTNERS",HC,Healthcare Institution,959.0,JURONG WEST ST 92,1.0,154.0,,640959,67913988.0,dolwp@singnet.com.sg,
201400001051,9404213,EC FAMILY CLINIC,HC,Healthcare Institution,30.0,EUNOS CRESCENT,1.0,,EUNOS MRT STATION,409423,67426103.0,admin@ecfamilyclinic.com,
201400001032,9405740,E. L. CHIN FAMILY CLINIC & SURGERY PTE. LTD.,HC,Healthcare Institution,432.0,CLEMENTI AVE 3,1.0,272.0,,120432,67775182.0,chinmed@singnet.com.sg,
201400001017,14M0020,DREAM AMBULATORY SURGERY CENTRE,HC,Healthcare Institution,290.0,ORCHARD ROAD,17.0,,THE PARAGON,238859,68718888.0,info@dreamplasticsurgery.com,
201400000960,13C0208,DENTALSPECIALISTS@SCOTTS,HC,Healthcare Institution,9.0,SCOTTS ROAD,8.0,1.0,PACIFIC PLAZA,228210,67373088.0,drelvinleong@dental-specialists.com.sg,
201100000136,ST0075,PCF SPARKLETOTS PRESCHOOL @ KAMPONG CHAI CHEE BLK 424 (CC),CC,Childcare Centre,424.0,BEDOK NORTH AVENUE 1,1.0,246.0,,460424,64492494.0,Mui.Guek.Angelia.Low@pcf.org.sg,
201100000135,SE201551,SAINT CLARE SCHOOL FOR SPECIAL EDUCATION PTE LTD,SE,Special Education,10.0,RAEBURN PARK,1.0,9.0,,88702,64660402.0,info@saintclare.com.sg,
201100000134,NT0515,MY FIRST SKOOL,CC,Childcare Centre,153.0,BISHAN STREET 13,1.0,32.0,,570153,66349989.0,info@myfirstskool.com,
201100000132,PT8760,THE LITTLE SKOOL-HOUSE INTERNATIONAL PTE LTD,CC,Childcare Centre,,PANDAN GARDENS,3.0,0.0,AYER RAJAH COMMUNITY CENTRE,609335,65699297.0,christinelee@littleskoolhouse.com,
201100000130,PT8762,SHOOTING STAR PRESCHOOL PTE LTD,CC,Childcare Centre,305.0,SHUNFU ROAD,1.0,103.0,,570305,62581366.0,shootingstarcdc305@hotmail.com,
201100000129,9404599,BANYAN CLINIC @ JW,HC,Healthcare Institution,502.0,JURONG WEST AVENUE 1,1.0,817.0,,640502,68991161.0,ZUELLY@SINGNET.COM.SG,
201100000126,PT8767,STAR LEARNERS @ BISHAN CENTRAL PTE. LTD.,CC,Childcare Centre,510.0,BISHAN STREET 13,3.0,2.0,,570510,62500173.0,mengwei.tan@starlearners.com.sg,
201100000119,9404143,EAR NOSE & THROAT PARTNERS PTE LTD,HC,Healthcare Institution,3.0,MOUNT ELIZABETH,7.0,2.0,MOUNT ELIZABETH MEDICAL CENTRE,228510,90933584.0,staff@entheadneck.com,
201000000104,9405547,ONEDOCTORS FAMILY CLINIC,HC,Healthcare Institution,710.0,ANG MO KIO AVENUE 8,1.0,2613.0,,560710,65542918.0,danjan2004@yahoo.com.sg,
201000000103,9402533,LIFELINE MEDICAL GROUP,HC,Healthcare Institution,118.0,RIVERVALE DRIVE,2.0,18.0,RIVERVALE PLAZA,540118,68812392.0,lifeline_sk@yahoo.com.sg,
201000000102,9402283,OLIVE TREE BABY & KIDS CLINIC,HC,Healthcare Institution,583.0,ORCHARD ROAD,2.0,,FORUM SHOPPING MALL,238884,67386488.0,sp8000@gmail.com,
201000000097,PT8660,CHERIE HEARTS @ MOUNTBATTEN PTE. LTD.,CC,Childcare Centre,231.0,MOUNTBATTEN ROAD,1.0,1.0,,397999,62423828.0,mountbatten@cheriehearts.com.sg,
201000000096,PT8659,CARPE DIEM KIDS ACADEMY @ WATTEN PTE. LTD.,CC,Childcare Centre,36.0,WATTEN PARK,,,,287421,64676601.0,SKHIM@CARPEDIEM.COM.SG,
201000000094,PT8662,JUNIOR CHAMPS EDUCAMPUS PTE. LTD.,CC,Childcare Centre,21.0,HOUGANG STREET 51,2.0,11.0,HOUGANG GREEN SHOPPING MALL,538719,63866100.0,enquiry.hg@juniorchamps.com.sg,
201000000093,9401898,WOODLANDS CLINIC,HC,Healthcare Institution,131.0,MARSILING RISE,1.0,204.0,,730131,62696681.0,gabshw@gmail.com,
201000000092,9401030,M P NG PAEDIATRIC & CARDIOLOGY CLINIC,HC,Healthcare Institution,3.0,MT ELIZABETH,11.0,3.0,MOUNT ELIZABETH MEDICAL CENTRE,228510,67387873.0,,
201000000091,9404671,MY DENTIST'S CLINIQUE,HC,Healthcare Institution,204.0,BEDOK NORTH STREET 1,1.0,427.0,,460204,64418887.0,my.dentist@hotmail.com,
201000000088,9405428,"SBCC BABY & CHILD CLINIC -  ASTHMA, LUNG, SLEEP, ALLERGY & PAEDIATRIC CENTRE",HC,Healthcare Institution,6.0,NAPIER RD,4.0,15.0,GLENEAGLES MEDICAL CENTRE,258499,64750820.0,sbcc.lung@sbcc.sg,
201000000087,9405352,CARE FAMILY CLINIC,HC,Healthcare Institution,663.0,BUFFALO ROAD,1.0,12.0,,210663,62995868.0,maulyn67@gmail.com,
201000000086,RC1733,PPIS CHILD DEVELOPMENT CENTRE - BUKIT BATOK,CC,Childcare Centre,21.0,BUKIT BATOK EAST AVENUE 6,,,,659759,64678958.0,aslizawati.aman@ppis.sg,
201000000084,PT8656,ODYSSEY THE GLOBAL PRESCHOOL PTE. LTD.,CC,Childcare Centre,20.0,FOURTH AVENUE,,,,268669,64648986.0,janicetay@busybeesasia.com,
201000000081,PT8653,MINDCHAMPS PRESCHOOL @ CITY SQUARE PTE. LTD,CC,Childcare Centre,180.0,KITCHENER ROAD,7.0,1.0,CITY SQUARE MALL,208539,68344388.0,dtph5950@gmail.com,
201200000516,MCPH0400174,GUARDIAN PHARMACY (TOA PAYOH BLK 190),PH,Pharmacy,190.0,LORONG 6 TOA PAYOH,1.0,578.0,,310190,63525912.0,wjtan@guardian.com.sg,
201200000513,PH0900174,GUARDIAN HEALTH & BEAUTY (TANGLIN MALL),PH,Pharmacy,163.0,TANGLIN ROAD,1.0,18.0,TANGLIN MALL,247933,68361146.0,wjtan@guardian.com.sg,
201200000511,PH01718,GUARDIAN PHARMACY (TAMPINES MRT),PH,Pharmacy,20.0,TAMPINES CENTRAL 1,1.0,1.0,TAMPINES MRT STATION,529538,67882908.0,wjtan@guardian.com.sg,
201200000510,SS20154552,CAPITOL OPTICAL CO PTE LTD,OS,Optical Shop,1.0,PASIR RIS CENTRAL STREET 3,2.0,18.0,WHITE SANDS,518457,62701303.0,leysee@capitol.com.sg,
201200000509,SS20154553,EVERSHINE OPTICAL CO,OS,Optical Shop,177.0,TOA PAYOH CENTRAL,1.0,156.0,,310177,62537967.0,evershineoptical@yahoo.com,
201200000508,PH01765,GUARDIAN PHARMACY (RAFFLES CITY),PH,Pharmacy,252.0,NORTH BRIDGE ROAD,,1.0,RAFFLES CITY SHOPPING CENTRE,179103,63392137.0,gwrs@guardian.com.sg,
201200000507,MCPH0500235,GUARDIAN PHARMACY (PLAZA SINGAPURA),PH,Pharmacy,68.0,ORCHARD ROAD,,,PLAZA SINGAPURA,238839,63380813.0,gwrs@guardian.com.sg,
201200000506,PHA1000008,GUARDIAN HEALTH & BEAUTY (PAYA LEBAR MRT),PH,Pharmacy,30.0,PAYA LEBAR ROAD,1.0,,,409006,68469635.0,gwrs@guardian.com.sg,
201200000505,MCPH0700255,GUARDIAN PHARMACY (PARKWAY PARADE),PH,Pharmacy,80.0,MARINE PARADE ROAD,,,PARKWAY PARADE,449269,63442102.0,gwrs@guardian.com.sg,
201200000503,PH01847,GUARDIAN PHARMACY (PARAGON),PH,Pharmacy,290.0,ORCHARD ROAD,,,THE PARAGON,238859,67376282.0,gwrs@guardian.com.sg,
201200000499,SS20154561,OPTICAL 88 (S) PTE LTD (CLEMENTI MALL),OS,Optical Shop,3155.0,COMMONWEALTH AVENUE WEST,5.0,27.0,CLEMENTI MALL,129588,66595327.0,cs@optical88.com.sg,
201200000498,SS20154562,OPTICAL 88 (S) PTE LTD (RAFFLES CITY SHOPPING CENTRE),OS,Optical Shop,252.0,NORTH BRIDGE ROAD,,41.0,RAFFLES CITY SHOPPING CENTRE,179103,63394277.0,cs@optical88.com.sg,
201200000206,SS20154854,YICK MING OPTICAL CO,OS,Optical Shop,3.0,SIMEI STREET 6,1.0,19.0,EAST POINT MALL,528833,67871138.0,universalopt2002@singnet.com.sg,
201200000205,SS20154855,OPTICS INN,OS,Optical Shop,682.0,HOUGANG AVE 4,1.0,324.0,,530682,63857677.0,csfoi1324@yahoo.com.sg,
201200000204,SS20154856,EYECARE STUDIO II,OS,Optical Shop,33.0,SENGKANG WEST AVENUE,1.0,25.0,THE SELETAR MALL,797653,65695229.0,sales@eyecare-studio.com,
201200000203,SS20154857,EYECARE STUDIO,OS,Optical Shop,301.0,BOON LAY WAY,1.0,30.0,BOON LAY MRT STATION,649846,63160676.0,eyecarestudio@gmail.com,
201200000202,SS20154858,KWEE MING OPTICS & CONTACT LENS CENTRE,OS,Optical Shop,371.0,BUKIT BATOK ST 31,1.0,338.0,,650371,65660582.0,,
201200000201,SS20154859,VISION EASE PRIVATE LIMITED,OS,Optical Shop,51.0,UBI AVENUE 1,6.0,24.0,PAYA UBI INDUSTRIAL PARK,408933,68413414.0,jason@visioneaseoptics.com,
201200000200,12C0073,CARING FAMILY CLINIC,HC,Healthcare Institution,501.0,JURONG WEST STREET 51,1.0,271.0,,640501,65645677.0,caringfc@gmail.com,
201200000199,EP11073,PSYCH & PSYCH CONSULTANTS PTE LTD,EI,Early Intervention Programmes,10.0,SINARAN DRIVE,10.0,25.0,SQUARE 2,307506,63976554.0,info@psychnpsych.com,
201200000198,SS20154862,PEARL'S VISIONCARE PTE LTD,OS,Optical Shop,205.0,HOUGANG STREET 21,3.0,0.0,HEARTLAND MALL,530205,62895298.0,pearlshougang@hotmail.com,
201200000196,SS20154864,RAYLITE OPTICAL & TRADING,OS,Optical Shop,,TAMPINES STREET 21,1.0,1133.0,,524201,67811133.0,lena@rayliteoptical.com.sg,
201200000195,SS20154865,SINGAPORE OPTICAL CENTRE,OS,Optical Shop,42.0,CAMBRIDGE ROAD,1.0,3.0,,210042,64797979.0,sg-optical@hotmail.com,
201200000194,SS20154866,PLUS MINUS EYEPOINT,OS,Optical Shop,46.0,HOLLAND DRIVE,1.0,369.0,,270046,67732728.0,plusminus@gmail.com,
201200000193,SS20154867,JUNE OPTICS AND CONTACT LENSES,OS,Optical Shop,228.0,CHANGI ROAD,,8.0,ICON@CHANGI,419741,64428773.0,tanlayhar1966@gmail.com,
201200000192,SS20154868,YONG KAI OPTICAL,OS,Optical Shop,806.0,HOUGANG CENTRAL,1.0,150.0,,530806,62833315.0,joannalohlh@yahoo.com.sg,
201200000191,SS20154869,JAZZ OPTICS,OS,Optical Shop,21.0,HOUGANG STREET 51,1.0,27.0,HOUGANG GREEN SHOPPING MALL,538719,63856114.0,,
201200000190,SS20154870,IDEAL OPTICS,OS,Optical Shop,1.0,MARITIME  SQUARE,2.0,120.0,HARBOURFRONT CENTRE,99253,62782833.0,,
201200000189,SS20154871,FOCAL OPTICS & TRADING,OS,Optical Shop,6.0,EUNOS CRESCENT,1.0,2645.0,,400006,67411419.0,,
201200000188,SS20154872,MING OPTIQUE PTE LTD,OS,Optical Shop,58.0,MARINE TERRACE,1.0,45.0,,440058,62477191.0,mingoptpl@gmail.com,
201200000187,SS20154873,KANDO OPTICS,OS,Optical Shop,1.0,JALAN ANAK BUKIT,1.0,12.0,BUKIT TIMAH PLAZA,588996,64666665.0,kandoBTP@hotmail.com,
201100000114,9405804,HEALTHWERKZ MEDICAL CENTRE,HC,Healthcare Institution,355.0,SEMBAWANG WAY,1.0,2.0,,750355,67557115.0,alphagp@singnet.com.sg,
201100000112,9405535,HEALTHWAY MEDICAL CLINIC,HC,Healthcare Institution,10.0,PASIR RIS CENTRAL,1.0,20.0,PASIR RIS MRT STATION,519634,65820601.0,chroniccare@healthwaymedical.com,
201100000111,9405759,HEALTHWAY MEDICAL,HC,Healthcare Institution,,TAMPINES STREET 21,1.0,1143.0,,524201,62608801.0,chroniccare@healthwaymedical.com,
201100000109,11C0141,HEALTHWAY SCREENING @ CENTREPOINT,HC,Healthcare Institution,176.0,ORCHARD ROAD,6.0,,THE CENTREPOINT,238843,67330355.0,chroniccare@healthwaymedical.com,
201100000107,EP11069,SAINT CLARE SCHOOL FOR SPECIAL EDUCATION PTE LTD,EI,Early Intervention Programmes,10.0,RAEBURN PARK,1.0,9.0,,88702,64660402.0,info@saintclare.com.sg,
201100000106,11C0051,NORTHEAST MEDICAL GROUP,HC,Healthcare Institution,10.0,BUKIT BATOK CENTRAL,1.0,1.0,BUKIT BATOK MRT STATION,659958,62661442.0,nhi.bukitbatok@gmail.com,
201100000105,11C0042,MY FAMILY CLINIC (HOUGANG CENTRAL),HC,Healthcare Institution,804.0,HOUGANG CENTRAL,1.0,118.0,,530804,63852117.0,mfc.hougangcentral@alliance.md,
201100000102,EP10068,TOTAL COMMUNICATION THERAPY PTE LTD,EI,Early Intervention Programmes,896.0,DUNEARN ROAD,3.0,,SIME DARBY CENTRE,589472,64672995.0,totalcommunication001@gmail.com,
201100000101,PT8754,KIDS MANSION CHILDCARE PTE. LTD.,CC,Childcare Centre,18.0,BOON LAY WAY,1.0,131.0,TRADEHUB 21,609966,66599947.0,BENNYLIM@KIDSMANSION.COM.SG,
201100000096,PT8749,MULBERRY LEARNING CENTRE@TANJONG PAGAR PTE. LTD,CC,Childcare Centre,1.0,TANJONG PAGAR PLAZA,2.0,1.0,,82001,90031454.0,cici@global-eduhub.com,
201000000083,PT8655,LITTLE TREE HOUSE @ PASIR RIS PTE. LTD.,CC,Childcare Centre,1.0,PASIR RIS TERRACE,,,PASIR RIS BEACH PARK,518645,65835548.0,suzanne@littletreehouse.com.sg,
201000000079,9401553,STERLING CLINIC & SURGERY,HC,Healthcare Institution,3.0,LOR LEW LIAN,1.0,64.0,,531003,62849971.0,,
201000000078,5700000,KHOO TECK PUAT HOSPITAL,HC,Healthcare Institution,90.0,YISHUN CENTRAL,,,,768828,65558000.0,,
201000000077,EP10059,SBCC Child Development,EI,Early Intervention Programmes,10.0,SINARAN DRIVE,10.0,,NOVENA MEDICAL CENTER,307506,63976627.0,info@thomsonpaeds.com,
201000000076,9405515,INTERNATIONAL CHILD & ADOLESCENT CLINIC (ICAC SPECIALIST PTE LTD),HC,Healthcare Institution,820.0,THOMSON ROAD,8.0,,MOUNT ALVERNIA HOSPITAL MEDICAL,574623,62555239.0,ongek@singnet.com.sg,
201000000075,9401622,TANGLIN HALT CLINIC,HC,Healthcare Institution,39.0,TANGLIN HALT RD,1.0,,,143039,96336636.0,dr.lilyneo@gmail.com,
201000000074,9400705,HOUGANG CLINIC,HC,Healthcare Institution,631.0,HOUGANG AVE 8,1.0,16.0,,530631,62826306.0,chua_chong_li@hotmail.com,
201000000073,9400939,LER CLINIC & SURGERY,HC,Healthcare Institution,835.0,TAMPINES ST 83,1.0,10.0,,520835,67886279.0,lerclinictamp83@singnet.com.sg,
201000000072,9403684,BOK FAMILY CLINIC  PTE LTD,HC,Healthcare Institution,117.0,BEDOK RESERVOIR ROAD,1.0,58.0,,470117,67478200.0,tsbok888@yahoo.com.sg,
201000000070,9401597,TAMPINES MEDILIFE CLINIC,HC,Healthcare Institution,801.0,TAMPINES AVE 4,1.0,263.0,,520801,67825142.0,drtaneepoh@hotmail.com,
201000000064,PT8650,THE LITTLE SKOOL-HOUSE INTERNATIONAL PTE LTD,CC,Childcare Centre,300.0,TAMPINES AVENUE 5,4.0,2.0,NTUC INCOME TAMPINES JUNCTION,529653,65877142.0,francischa@littleskoolhouse.com,
201000000065,PT8651,CHERIE HEARTS @ CHANGI BUSINESS PARK PTE. LTD.,CC,Childcare Centre,1.0,CHANGI BUSINESS PARK CRESCENT,1.0,1.0,,486025,62605611.0,jojo.tan@twinklekidz.com,
201200000494,SS20154566,OPTICAL 88 (S) PTE LTD (ION ORCHARD-PREMIER),OS,Optical Shop,2.0,ORCHARD TURN,,40.0,ION ORCHARD,238801,65093066.0,cs@optical88.com.sg,
201200000493,SS20154567,OPTICAL 88 (S) PTE LTD (JURONG POINT SHOPPING CENTRE),OS,Optical Shop,63.0,JURONG WEST CENTRAL 3,,,JURONG POINT SHOPPING CENTRE,648331,67949561.0,cs@optical88.com.sg,
201200000491,PH01620,Guardian Pharmacy (Orchard Towers),PH,Pharmacy,1.0,CLAYMORE DR,1.0,,ORCHARD TOWERS,229594,67337508.0,gwrs@guardian.com.sg,
201200000490,PH01842,GUARDIAN PHARMACY (NOVENA SQUARE),PH,Pharmacy,238.0,THOMSON ROAD,1.0,31.0,NOVENA SQUARE,307683,62527019.0,gwrs@guardian.com.sg,
201200000489,MCPH0800367,GUARDIAN PHARMACY (NORTHPOINT),PH,Pharmacy,930.0,YISHUN AVENUE 2,,,,769098,67546574.0,gwrs@guardian.com.sg,
201200000488,SS20154572,DR OPTICS PTE LTD,OS,Optical Shop,11.0,JALAN TAN TOCK SENG,1.0,9.0,TTSH,308433,62555579.0,wlsonlam@yahoo.com,
201200000487,PH01717,GUARDIAN PHARMACY (TAMPINES MALL),PH,Pharmacy,4.0,TAMPINES CENTRAL 5,,,TAMPINES MALL,529510,67870648.0,wjtan@guardian.com.sg,
201200000482,SS20154578,OPTICAL 88 (S) PTE LTD (LOT ONE SHOPPERS' MALL),OS,Optical Shop,21.0,CHOA CHU KANG AVENUE 4,,2.0,LOT ONE SHOPPERS' MALL,689812,67674230.0,cs@optical88.com.sg,
201200000481,SS20154579,OPTICAL 88 (S) PTE LTD (CLEMENTI CENTRAL),OS,Optical Shop,449.0,CLEMENTI AVENUE 3,1.0,259.0,,120449,68724131.0,cs@optical88.com.sg,
201200000476,MCPHA1000004,GUARDIAN PHARMACY (313 @ SOMERSET),PH,Pharmacy,313.0,ORCHARD ROAD,,,313 @ SOMERSET,238895,66340991.0,gwrs@guardian.com.sg,
201200000475,SS20154585,OPTICAL 88 (S) PTE LTD (PARKWAY PARADE),OS,Optical Shop,80.0,MARINE PARADE ROAD,,,PARKWAY PARADE,449269,64409296.0,cs@optical88.com.sg,
201200000185,SS20154875,B & W OPTICS & WATCH TRADING,OS,Optical Shop,248.0,SIMEI STREET 3,1.0,130.0,,520248,67863528.0,bwteh@hotmail.com,
201200000184,SS20154876,PIN PIN OPTICAL CO PTE LTD,OS,Optical Shop,140.0,PAYA LEBAR ROAD,3.0,5.0,AZ @ PAYA LEBAR,409015,63379515.0,pinpin_optical@yahoo.com.sg,
201200000183,SS20154877,BEIER OPTICS MARKETING,OS,Optical Shop,1.0,PARK ROAD,2.0,16.0,PEOPLE'S PARK COMPLEX,59108,65365117.0,tomle46@hotmail.com,
201200000182,SS20154878,VISIONLINK OPTICS & CONTACT LENS,OS,Optical Shop,624.0,CHOA CHU KANG ST 64,1.0,228.0,,680624,67641306.0,koh_dn@yahoo.com.sg,
201200000181,SS20154879,WINSON OPTICAL & WATCHES,OS,Optical Shop,61.0,TEBAN GARDEN ROAD,1.0,4.0,,600061,65154068.0,,
201200000180,SS20154880,YI EYECARE,OS,Optical Shop,624.0,CHOA CHU KANG STREET 62,1.0,236.0,,680624,67624961.0,lmlcarol@yahoo.com.sg,
201200000179,SS20154881,MEE MEE OPTICS PTE LTD,OS,Optical Shop,1.0,JALAN ANAK BUKIT,1.0,,BUKIT TIMAH PLAZA,588996,64661028.0,bukittimah@meemeeoptics.com.sg,
201200000178,SS20154882,KJ Optometrists (P.C.),OS,Optical Shop,10.0,EUNOS ROAD 8,,121.0,SINGAPORE POST CENTRE,408600,68442555.0,lee_kai_hung@yahoo.com,
201200000177,SS20154883,FENG YANG EYECARE,OS,Optical Shop,963.0,JURONG WEST STREET 91,1.0,312.0,,640963,63160907.0,wantengang@gmail.com,
201200000176,SS20154884,COMFORT EYEWEAR,OS,Optical Shop,631.0,HOUGANG AVENUE 8,1.0,12.0,,530631,62844431.0,comforteyewear@gmail.com,
201200000175,SS20154885,AMAZING EYES,OS,Optical Shop,48.0,SIMS PLACE,1.0,163.0,,380048,67859904.0,amazingeyes7@gmail.com,
201200000174,SS20154886,MY EYE ROOM PTE LTD,OS,Optical Shop,484.0,UPPER BUKIT TIMAH ROAD,1.0,1.0,THE RAILMALL,678087,67666685.0,myeyeroom10@yahoo.com,
201200000173,ST0101,PCF SPARKLETOTS PRESCHOOL @ SEMBAWANG BLK 504A (CC),CC,Childcare Centre,,MONTREAL DRIVE,1.0,150.0,,751504,67532301.0,Nurharyati.Bte.Mohd.Ansary@pcf.org.sg,
201200000171,SS20154889,EYECARE PEOPLE PTE LTD,OS,Optical Shop,25.0,LORONG LIPUT,,,,277735,67638826.0,hello@eyecarepeople.com.sg,
201200000170,SS20154890,POLYCARE OPTOMETRIST,OS,Optical Shop,360.0,BALESTIER ROAD,1.0,8.0,SHAW PLAZA,329783,63542620.0,,
201200000169,SS20154891,MARINE OPTICAL,OS,Optical Shop,82.0,MARINE PARADE TOWN CENTRAL,1.0,622.0,,440082,63488626.0,,
201200000167,SS20154893,PEARL'S OPTICAL CO. PTE LTD,OS,Optical Shop,101.0,UPPER CROSS STREET,2.0,,PEOPLE'S PARK CENTRE,58357,65325110.0,pearlsoptical@pacific.net.sg,
201200000166,SS20154894,MR. EYEWEAR,OS,Optical Shop,18.0,CROSS STREET,1.0,21.0,,48423,67535711.0,,
201200000165,SS20154895,MR. EYEWEAR,OS,Optical Shop,1.0,BUKIT BATOK CENTRAL LINK,4.0,5.0,WEST MALL,658713,67925733.0,,
201200000164,SS20154896,MR. EYEWEAR,OS,Optical Shop,414.0,YISHUN RING ROAD,1.0,1867.0,,760414,67535687.0,SEEKWANG@MREYEWEAR.COM.SG,
201100000095,9404573,T32 DENTAL CENTRE,HC,Healthcare Institution,1.0,ORCHARD BOULEVARD,17.0,0.0,CAMDEN MEDICAL CENTRE,248649,67331388.0,t32@t32dental.com,
201100000094,ST0074,PCF SPARKLETOTS PRESCHOOL @ MARSILING BLK 302 (CC),CC,Childcare Centre,302.0,WOODLANDS STREET 31,1.0,303.0,,730302,63683926.0,Fazlina.Sulaiman@pcf.org.sg,
201100000093,PT8748,AMAZING STAR MONTESSORI HOUSE (UBI),CC,Childcare Centre,306.0,UBI AVENUE 1,2.0,187.0,,400306,68440706.0,ubi@amazing-star.com,
201100000089,PT8744,JOSIAH MONTESSORI KINDER-CARE,CC,Childcare Centre,1.0,CHANGI BUSINESS PARK CRESCENT,1.0,5.0,PLAZA 8 @ CBP,486025,66341780.0,info@josiah.com.sg,
201100000088,PT8743,SPRING BRAINY KIDZ PTE. LTD.,CC,Childcare Centre,716.0,YISHUN STREET 71,1.0,258.0,,760716,64821768.0,SPRINGBRAINYKIDZ@GMAIL.COM,
201100000084,NT0511,MY FIRST SKOOL,CC,Childcare Centre,568.0,PASIR RIS STREET 51,1.0,82.0,,510568,66349989.0,info@myfirstskool.com,
201100000086,NT0513,MY FIRST SKOOL,CC,Childcare Centre,236.0,BISHAN STREET 22,1.0,154.0,,570236,66349989.0,info@myfirstskool.com,
201100000082,PT8741,NURTURESTARS PTE. LTD.,CC,Childcare Centre,,TAMPINES STREET 92,,,SAFRA TAMPINES CLUBHOUSE,528882,67898393.0,enquirytm@nurturestars.sg,
201100000080,11C0045,PROHEALTH MEDICAL GROUP @LRT FERNVALE PTE LTD,HC,Healthcare Institution,437.0,FERNVALE ROAD,1.0,4.0,FERNVALE GROVE,790437,64411672.0,sandylee65@hotmail.com,
201000000058,9402361,HEALTH PARTNERS FAMILY CLINIC,HC,Healthcare Institution,1.0,BT BATOK CENTRAL LINK,1.0,37.0,WEST MALL,658713,68989031.0,cssim@singnet.com.sg,
201000000056,9403418,THE FLAME TREE MEDICAL CENTRE,HC,Healthcare Institution,225.0,UPPER THOMSON ROAD,,,THOMSON RIDGE ESTATE,574357,64512818.0,,
201000000055,9405470,W Y TEH FAMILY CLINIC AND SURGERY,HC,Healthcare Institution,462.0,TAMPINES STREET 44,1.0,60.0,,520462,67836802.0,joelteh@yahoo.com,
201000000054,9404877,"DR WARREN LEE'S PAEDIATRICS, GROWTH & DIABETES CENTRE",HC,Healthcare Institution,1.0,ORCHARD BOULEVARD,2.0,6.0,CAMDEN MEDICAL CENTRE,248649,97107136.0,ENQUIRIES@DRWARRENLEE.SG,
201000000053,9405462,MEDLIFE CLINIC & SURGERY,HC,Healthcare Institution,684.0,HOUGANG AVENUE 8,1.0,985.0,,530684,63850836.0,info@medlife.com.sg,
201000000052,9405476,NOVENA CHILDREN CLINIC,HC,Healthcare Institution,10.0,SINARAN DRIVE,10.0,32.0,NOVENA MEDICAL CENTER,307506,63976960.0,sabkeoy@gmail.com,
201000000049,9405458,INTERNATIONAL CHILD AND ADOLESCENT CLINIC,HC,Healthcare Institution,,NAPIER ROAD,2.0,,GLENEAGLES HOSPITAL ANNEXE BLOCK,258500,64711077.0,icacgh@singnet.com.sg,
201000000048,9405425,WONG CLINIC,HC,Healthcare Institution,2.0,EAST COAST ROAD,1.0,878.0,,450002,62416816.0,siglap@trinitymedical.com.sg,
201200000474,SS20154586,OPTICAL 88 (S) PTE LTD (IMM BUILDING),OS,Optical Shop,2.0,JURONG EAST STREET 21,1.0,,IMM BUILDING,609601,65699850.0,cs@optical88.com.sg,
201200000473,MCPHA1000009,GUARDIAN PHARMACY (SERANGOON NEX),PH,Pharmacy,23.0,SERANGOON CENTRAL,,,NEX,556083,66342189.0,gwrs@guardian.com.sg,
201200000471,PH01714,GUARDIAN PHARMACY (SERANGOON GARDEN),PH,Pharmacy,66.0,SERANGOON GARDEN WAY,0.0,0.0,SERANGOON GARDEN ESTATE,555962,62877190.0,dfsg-gdops@guardian.com.sg,
201200000470,PH01769,GUARDIAN PHARMACY (MOUNT ELIZABETH),PH,Pharmacy,3.0,MOUNT ELIZABETH,2.0,,MOUNT ELIZABETH HOSPITAL,228510,67343855.0,wjtan@guardian.com.sg,
201200000469,MCPHA1100023,Guardian Pharmacy (Scotts Square),PH,Pharmacy,6.0,SCOTTS ROAD,,,SCOTTS SQUARE,228209,63361419.0,gwrs@guardian.com.sg,
201200000468,MCPHA1100022,Guardian Pharmacy (Changi City Point),PH,Pharmacy,5.0,CHANGI BUSINESS PARK CENTRAL 1,,,CHANGI CITY,486038,66361169.0,wjtan@guardian.com.sg,
201200000467,MCPH0400621,GUARDIAN PHARMACY (RAFFLES PLACE MRT 3),PH,Pharmacy,5.0,RAFFLES PLACE,,,RAFFLES PLACE MRT STATION,48618,64384962.0,wjtan@guardian.com.sg,
201200000466,SS20154594,KAI JOO HUNG OPTICAL & WATCHES,OS,Optical Shop,,TAMPINES STREET 23,1.0,62.0,,527201,67839203.0,leekaihwa@yahoo.com.sg,
201200000464,MCPHA1100017,GUARDIAN PHARMACY (CAUSEWAY POINT),PH,Pharmacy,1.0,WOODLANDS SQUARE,,,CAUSEWAY POINT,738099,68943014.0,wjtan@guardian.com.sg,
201200000462,PH01705,GUARDIAN PHARMACY (BUKIT PANJANG PLAZA),PH,Pharmacy,1.0,JELEBU ROAD,1.0,,BUKIT PANJANG PLAZA,677743,67621214.0,wjtan@guardian.com.sg,
201200000460,PH01786,GUARDIAN PHARMACY (BUGIS MRT),PH,Pharmacy,220.0,VICTORIA STREET,,1.0,BUGIS MRT STATION,188022,63381262.0,wjtan@guardian.com.sg,
201200000459,PH01661,GUARDIAN PHARMACY (BISHAN PLACE),PH,Pharmacy,9.0,BISHAN PLACE,,8.0,JUNCTION 8 SHOPPING CENTRE,579837,63537234.0,wjtan@guardian.com.sg,
201200000457,MCPH0800149,GUARDIAN PHARMACY (BEDOK CENTRAL),PH,Pharmacy,210.0,NEW UPPER CHANGI ROAD,1.0,715.0,,460210,64440072.0,wjtan@guardian.com.sg,
201200000455,PH01844,GUARDIAN PHARMACY (CLIFFORD CENTRE 2),PH,Pharmacy,24.0,RAFFLES PLACE,1.0,,CLIFFORD CENTRE,48621,65357460.0,wjtan@guardian.com.sg,
201200000163,SS20154897,OPTICS MALL,OS,Optical Shop,18.0,BEDOK SOUTH ROAD,1.0,63.0,,460018,62426727.0,CANDY@OPTICSMALL.COM.SG,
201200000162,SS20154898,MEE MEE EYECARE PTE LTD,OS,Optical Shop,313.0,ORCHARD ROAD,4.0,3.0,313@SOMERSET,238895,63342930.0,meemeeeyecare@yahoo.com.sg,
201200000161,SS20154899,OPTICAL ILLUSIONS,OS,Optical Shop,263.0,SERANGOON CENTRE DRIVE,1.0,75.0,,550263,63832577.0,optical_illusions@ymail.com,
201200000160,SS20154900,OPTICS MALL,OS,Optical Shop,809.0,FRENCH ROAD,2.0,44.0,KITCHENER COMPLEX,200809,62918809.0,jason@opticmall.com.sg,
201200000158,SS20154902,HWA KWONG OPTICAL & WATCH CONTACT LENS CENTRE,OS,Optical Shop,74.0,WHAMPOA DRIVE,1.0,320.0,,320074,62552000.0,,
201200000157,SS20154903,EYETREND PTE LTD,OS,Optical Shop,3.0,SIMEI STREET 6,1.0,25.0,EAST POINT MALL,528833,67832024.0,nyeyetrend@nanyang.com,
201200000156,SS20154904,I'S CONCOCTION,OS,Optical Shop,,EUNOS CRESCENT,1.0,2443.0,,401002,67453913.0,isconcoction@gmail.com,
201200000155,SS20154905,SA VISION OPTOMETRIST,OS,Optical Shop,501.0,WEST COAST DRIVE,1.0,298.0,,120501,67736455.0,,
201200000152,SS20154908,NEWMAN OPTICS PTE. LTD.,OS,Optical Shop,89.0,BEDOK NORTH ST 4,1.0,105.0,,460089,64411955.0,newmanoptics@yahoo.com,
201200000143,PHA1400053,NTUC HEALTHCARE (WSA),PH,Pharmacy,1.0,PASIR RIS CENTRAL STREET 3,1.0,6.0,,518457,65904300.0,yiammoi.chan@unity.com.sg,
201100000076,PT9674,AL-NASRY@JURONG WEST KINDERGARTEN,KN,Kindergarten,743.0,JURONG WEST STREET 73,,3.0,,640743,90223305.0,adlee@nigelherbs.com,
201100000074,ST0072,PCF SPARKLETOTS PRESCHOOL @ CHONG PANG BLK 115B (CC),CC,Childcare Centre,,YISHUN RING ROAD,1.0,813.0,,762115,67563123.0,Harris.Audrey.Germaine@pcf.org.sg,
201100000073,ST0071,PCF SPARKLETOTS PRESCHOOL @ WHAMPOA BLK 105 (CC),CC,Childcare Centre,105.0,JALAN RAJAH,1.0,78.0,,320105,63562059.0,Kitty.Chan@pcf.org.sg,
201100000075,ST0073,PCF SPARKLETOTS PRESCHOOL @ WEST COAST BLK 611 (CC),CC,Childcare Centre,611.0,CLEMENTI WEST STREET 1,1.0,250.0,,120611,67761930.0,Kumutha.Maniam@pcf.org.sg,
201100000072,ST0070,PCF SPARKLETOTS PRESCHOOL @ KRETA AYER-KIM SENG BLK 79 (DS),CC,Childcare Centre,79.0,INDUS ROAD,1.0,435.0,INDUS GARDEN,161079,62782025.0,Justina.KwaXJ@pcf.org.sg,
201100000068,RC1746,IYAD PERDAUS CHILD DEVELOPMENT,CC,Childcare Centre,565.0,HOUGANG STREET 51,1.0,480.0,,530565,65132387.0,nurlyana_m@perdaus.org.sg,
201100000063,PT8736,SAFARI HOUSE PRESCHOOL,CC,Childcare Centre,131.0,DOVER ROAD,,,,139659,68730021.0,dv@safarihouse.com,
201100000064,PT8737,PAT'S SCHOOLHOUSE PTE. LTD.,CC,Childcare Centre,1.0,KIM SENG PROMENADE,2.0,132.0,GREAT WORLD CITY,237994,62648545.0,maureenteo@patschoolhouse.com,
201100000067,PT8740,KINDERLAND PRESCHOOL,CC,Childcare Centre,87.0,MARINE PARADE CENTRAL,3.0,203.0,,440087,63425651.0,kesmp@kinderland.com.sg,
201100000062,PT8735,AGAPE LITTLE UNI @ CENTRAL PTE. LTD.,CC,Childcare Centre,22.0,SIN MING LANE,1.0,71.0,MIDVIEW CITY,573969,66594990.0,lg.lff@agapelittleuni.com,
201000000041,PT8640,CARPE DIEM MI PRESCHOOL PTE. LTD.,CC,Childcare Centre,946.0,HOUGANG STREET 92,1.0,167.0,,530946,63868839.0,hg2@carpediem.com.sg,
201000000042,PT8641,CARPE DIEM KIDZ UNIVERSE PTE. LTD.,CC,Childcare Centre,3.0,RUSSELS ROAD,,,,118282,62743595.0,ax@carpediem.com.sg,
201000000043,PT8642,ICHIBAN (YUNNAN) CHILDCARE CENTRE,CC,Childcare Centre,51.0,YUNNAN CRESCENT,,,,638350,67953158.0,ichibanyunnanchildcare@gmail.com,
201000000040,PT8639,CAMBRIDGE CDC @ SENGKANG PTE. LTD.,CC,Childcare Centre,50.0,SENGKANG EAST WAY,,,,548601,63153183.0,Sengkang@cambridge.school,
201000000044,PT8643,LITTLE TREE HOUSE @ SEMBAWANG LLP,CC,Childcare Centre,,SEMBAWANG ROAD,,,SEMBAWANG SPRINGS ESTATE,758419,64841211.0,tricia@littletreehouse.com.sg,
201000000037,PT8636,EAGER BEAVER SCHOOLHOUSE 2 PTE. LTD.,CC,Childcare Centre,2.0,JALAN KILANG BARAT,1.0,1.0,,159346,63773619.0,eb2@eb.sg,
201000000038,PT8637,CHILTERN HOUSE MOUNTBATTEN,CC,Childcare Centre,231.0,MOUNTBATTEN ROAD,1.0,0.0,,397999,62428368.0,CHMOUNTBATTEN@CHILTERNHOUSE.COM.SG,
201000000036,NT0487,MY FIRST SKOOL,CC,Childcare Centre,409.0,JURONG WEST STREET 42,1.0,899.0,,640409,66349989.0,info@myfirstskool.com,
201000000035,NT0486,MY FIRST SKOOL,CC,Childcare Centre,339.0,CLEMENTI AVENUE 5,1.0,258.0,,120339,66349989.0,info@myfirstskool.com,
201000000034,NT0485,MY FIRST SKOOL,CC,Childcare Centre,219.0,SERANGOON AVENUE 4,1.0,214.0,,550219,66349989.0,info@myfirstskool.com,
201000000033,NT0484,MY FIRST SKOOL,CC,Childcare Centre,135.0,SIMEI STREET 1,1.0,54.0,,520135,66349989.0,info@myfirstskool.com,
201000000032,NT0483,MY FIRST SKOOL,CC,Childcare Centre,,ANCHORVALE LINK,1.0,176.0,,542302,66349989.0,info@myfirstskool.com,
201000000031,NT0482,MY FIRST SKOOL,CC,Childcare Centre,375.0,CLEMENTI AVENUE 4,1.0,142.0,,120375,66349989.0,info@myfirstskool.com,
201000000029,9404181,TRINITY MEDICAL & AESTHETIC CLINIC,HC,Healthcare Institution,151.0,SIMEI STREET 1,1.0,33.0,,520151,62602822.0,trinity.medical.service@gmail.com,
201000000028,9404262,SHENTON MEDICAL GROUP,HC,Healthcare Institution,160.0,YISHUN STREET 11,1.0,200.0,,760160,68516233.0,heapyong@gmail.com,
201000000027,9405801,ONG'S CLINIC,HC,Healthcare Institution,175.0,BENCOOLEN ST,1.0,44.0,BURLINGTON SQUARE,189649,63371814.0,ONGSCLINIC@YAHOO.COM.SG,
201000000026,9405404,Q & M DENTAL CENTRE PTE LTD,HC,Healthcare Institution,180.0,KITCHENER ROAD,,,CITY SQUARE MALL,208539,65091133.0,qandm@qandm.com.sg,
201200000454,PH01892,GUARDIAN HEALTH & BEAUTY (INTERNATIONAL PLAZA 2),PH,Pharmacy,10.0,ANSON ROAD,1.0,38.0,INTERNATIONAL PLAZA,79903,62203341.0,wjtan@guardian.com.sg,
201200000453,MCPHA1100011,GUARDIAN PHARMACY (CLEMENTI MALL),PH,Pharmacy,3155.0,COMMONWEALTH AVENUE WEST,3.0,,THE CLEMENTI MALL,129588,66599234.0,wjtan@guardian.com.sg,
201200000452,PH01840,GUARDIAN PHARMACY (IMM2),PH,Pharmacy,2.0,JURONG EAST ST 21,1.0,,IMM BUILDING,609601,65605171.0,wjtan@guardian.com.sg,
201200000451,MCPHA1000006,GUARDIAN PHARMACY (HOUGANG MALL),PH,Pharmacy,90.0,HOUGANG AVENUE 10,,31.0,HOUGANG MALL,538766,62821336.0,wjtan@guardian.com.sg,
201200000450,MCPH0700070,GUARDIAN PHARMACY (H205),PH,Pharmacy,205.0,HOUGANG STREET 21,1.0,129.0,HEARTLAND MALL- KOVAN,530205,64874580.0,wjtan@guardian.com.sg,
201200000449,PH01817,GUARDIAN PHARMACY (CITY LINK),PH,Pharmacy,1.0,RAFFLES LINK,,67.0,ONE RAFFLES LINK,39393,62388117.0,wjtan@guardian.com.sg,
201200000448,MCPH0900176,Guardian Pharmacy (Balestier Medical Center),PH,Pharmacy,363.0,BALESTIER ROAD,1.0,1.0,,329784,63581339.0,wjtan@guardian.com.sg,
201200000447,MCPHA1100025,Guardian Pharmacy (Hong Leong Building),PH,Pharmacy,16.0,RAFFLES QUAY,1.0,3.0,HONG LEONG BUILDING,48581,62257261.0,wjtan@guardian.com.sg,
201200000446,MCPH0400582,GUARDIAN PHARMACY (ANG MO KIO 3),PH,Pharmacy,704.0,ANG MO KIO AVENUE 8,1.0,,,560704,64565766.0,wjtan@guardian.com.sg,
201200000445,MCPHA1100018,GUARDIAN PHARMACY (CITY SQUARE MALL),PH,Pharmacy,180.0,KITCHENER ROAD,,,CITY SQUARE MALL,208539,65099716.0,wjtan@guardian.com.sg,
201200000444,MCPH0600091,GUARDIAN PHARMACY (ADMIRALTY),PH,Pharmacy,,WOODLANDS AVENUE 6,1.0,39.0,ADMIRALTY PLACE,731678,67642337.0,wjtan@guardian.com.sg,
201200000441,MCPHA1000010,GUARDIAN PHARMACY (MARINA BAY SANDS),PH,Pharmacy,2.0,BAYFRONT AVENUE,,49.0,MARINA BAY SANDS,18972,68343598.0,wjtan@guardian.com.sg,
201200000440,MCPH0800467,GUARDIAN PHARMACY (LOT 1),PH,Pharmacy,21.0,CHOA CHU KANG AVENUE 4,,,"LOT ONE, SHOPPERS' MALL",689812,64686712.0,wjtan@guardian.com.sg,
201200000439,MCPHA1100014,GUARDIAN PHARMACY (LAVENDER MRT STATION),PH,Pharmacy,50.0,KALLANG ROAD,,1.0,LAVENDER MRT STATION,208699,62939397.0,wjtan@guardian.com.sg,
201200000437,MCPHA1100024,GUARDIAN PHARMACY (KATONG MALL),PH,Pharmacy,112.0,EAST COAST ROAD,,7.0,112 KATONG,428802,66363061.0,wjtan@guardian.com.sg,
201200000436,PH01709,GUARDIAN PHARMACY (HOLLAND SHOPPING CENTRE),PH,Pharmacy,211.0,HOLLAND AVENUE,1.0,,HOLLAND ROAD SHOPPING CENTRE,278967,64657734.0,wjtan@guardian.com.sg,
201200000142,SS20154918,ALAN OPTICS,OS,Optical Shop,587.0,BUKIT TIMAH ROAD,2.0,24.0,CORONATION SHOPPING PLAZA,269707,64669398.0,optom@alanoptics.com,
201200000140,MCPH0500091,NTUC Healthcare (WCC),PH,Pharmacy,900.0,SOUTH WOODLANDS DRIVE,,1.0,WOODLANDS CIVIC CENTRE,730900,65904300.0,ecustomer@ntuchealth.sg,
201200000139,SS20154921,PEKING VISION-CARE PTE. LTD.,OS,Optical Shop,260.0,BANGKIT ROAD,1.0,29.0,,670260,67635599.0,,
201200000129,SS20154931,WISDOM OPTICAL,OS,Optical Shop,1.0,JALAN BUKIT MERAH,1.0,4528.0,,150001,62784498.0,miaoyin@singnet.com,
201200000127,SS20154933,PEKING DEPARTMENTAL & OPTICAL STORE,OS,Optical Shop,445.0,FAJAR ROAD,1.0,532.0,,670445,67620617.0,,
201100000057,NT0510,MY FIRST SKOOL,CC,Childcare Centre,106.0,HENDERSON CRESCENT,1.0,37.0,,150106,66349989.0,info@myfirstskool.com,
201100000055,PT8730,MINDCHAMPS PRESCHOOL @ PARAGON PTE. LIMITED,CC,Childcare Centre,290.0,ORCHARD ROAD,6.0,19.0,"PARAGON, THE",238859,67320087.0,nurafiqahrashid@mindchamps.org,
201100000053,SE201552,ST ANDREW'S AUTISM SCHOOL,SE,Special Education,1.0,ELLIOT ROAD,,,,458686,65173800.0,enquiry@saac.org.sg,
201100000052,9402691,TANG FAMILY CLINIC,HC,Healthcare Institution,84.0,JALAN JURONG KECHIL,,,,598593,64680118.0,"TANGCLIN@SINGNET,COM.SG",
201100000049,ST0068,PCF SPARKLETOTS PRESCHOOL @ RADIN MAS BLK 18 (DS),CC,Childcare Centre,18.0,TELOK BLANGAH CRESCENT,1.0,168.0,,90018,62729757.0,Yeah.Bee.Lian@pcf.org.sg,
201100000047,9405798,KENSINGTON FAMILY CLINIC,HC,Healthcare Institution,,KENSINGTON PARK ROAD,,,SERANGOON GARDEN ESTATE,557265,62884882.0,admin@kensingtonfamilyclinic.com,
201100000046,9400154,C K TAN FAMILY CLINIC & SURGERY PTE LTD,HC,Healthcare Institution,125.0,TOA PAYOH LOR 1,1.0,537.0,,310125,62514438.0,KOHWY@SINGNET.COM.SG,
201100000045,PT8731,RAFFLES KIDZ @ BUKIT PANJANG PTE. LTD.,CC,Childcare Centre,,GALISTAN AVENUE,,,,669682,63144551.0,ECDA_BP@raffleskidz.com,
201100000042,ST0065,PCF SPARKLETOTS PRESCHOOL @ AYER RAJAH BLK 41 (CC),CC,Childcare Centre,41.0,TEBAN GARDENS ROAD,1.0,352.0,,600041,68960563.0,HO.LAI.MEI@PCF.ORG.SG,
201100000043,ST0066,PCF SPARKLETOTS PRESCHOOL @ BEDOK BLK 13 (CC),CC,Childcare Centre,13.0,BEDOK SOUTH ROAD,1.0,605.0,,460013,62435542.0,Sarah.Mohammad.Yusoff@pcf.org.sg,
201100000041,ST0064,PCF SPARKLETOTS PRESCHOOL @ TOA PAYOH CENTRAL BLK 146A (CC),CC,Childcare Centre,,LORONG 2 TOA PAYOH,1.0,1.0,MULTI STOREY CAR PARK,311146,62252524.0,Sharifah.Nooraida.SayedZ@pcf.org.sg,
201100000040,ST0063,PCF SPARKLETOTS PRESCHOOL @ SIGLAP BLK 172 (CC),CC,Childcare Centre,172.0,BEDOK SOUTH ROAD,1.0,417.0,,460172,64456272.0,Koh.Siew.Mui@pcf.org.sg,
201100000037,PT8726,CHERIE HEARTS @ SCIENCE PARK I PTE. LTD.,CC,Childcare Centre,89.0,SCIENCE PARK DRIVE,1.0,11.0,THE RUTHERFORD,118261,68722028.0,cindy.teoh@cheriehearts.sg,
201000000025,9404205,VIVA MEDICAL CLINIC,HC,Healthcare Institution,,TAMPINES STREET 42,1.0,356.0,,521450,67828020.0,vivamedical@gmail.com,
201000000024,9405439,HEALTHWAY MEDICAL,HC,Healthcare Institution,101.0,TOWNER ROAD,1.0,236.0,,322101,62977592.0,ivy.koh@healthwaymedical.com,
201000000023,9405353,HEALTHWAY MEDICAL,HC,Healthcare Institution,41.0,HOLLAND DRIVE,1.0,7.0,,270041,67789793.0,ivy.koh@healthwaymedical.com,
201000000021,9402623,KO FAMILY CLINIC,HC,Healthcare Institution,18.0,UPPER BOON KENG ROAD,1.0,1133.0,,380018,68421403.0,kofamilyclinic@yahoo.com,
201000000020,EP09051,THE EARLY INTERVENTION CENTRE,EI,Early Intervention Programmes,18.0,AH HOOD ROAD,6.0,52.0,HIAP HOE BUILDING,329983,63528608.0,info@eic.sg,
201000000018,9405417,THOMSON PAEDIATRIC CENTRE,HC,Healthcare Institution,339.0,THOMSON ROAD,3.0,,THOMSON MEDICAL CENTRE,307677,62583353.0,,
201000000017,SE201555,TANGLIN SCHOOL,SE,Special Education,143.0,ALEXANDRA ROAD,,,,159924,64751511.0,ts@apsn.org.sg,
201000000013,PT8635,NURTURESTARS PTE. LTD.,CC,Childcare Centre,2.0,TELOK BLANGAH WAY,1.0,2.0,,98803,63770859.0,nsmf@nurturestars.sg,
201000000011,PT8633,BETWEEN TWO TREES PRESCHOOL,CC,Childcare Centre,7.0,MING TECK PARK,,,,277375,67339768.0,ecda@betweentwotrees.sg,
201000000007,PT8629,CAMBRIDGE @ SERANGOON GARDENS PTE. LTD.,CC,Childcare Centre,22.0,KENSINGTON PARK ROAD,,,,557271,62828455.0,irene_wong@cambridge.school,
201000000008,PT8630,EARLY LEARNING'S FUN PRESCHOOL PTE. LTD.,CC,Childcare Centre,64.0,ENG KONG ROAD,,,,599057,64664045.0,admin@elfpreschool.com.sg,
201200000434,MCPH0800510,GUARDIAN PHARMACY (JURONG POINT 2),PH,Pharmacy,63.0,JURONG WEST CENTRAL 3,,,JURONG POINT,648331,67940501.0,wjtan@guardian.com.sg,
201200000433,MCPHA1200029,GUARDIAN PHARMACY (HARBOURFRONT CENTRE),PH,Pharmacy,1.0,MARITIME SQUARE,2.0,,HARBOURFRONT CENTRE,99253,62748441.0,wjtan@guardian.com.sg,
201200000432,MCPHA1100026,GUARDIAN HEALTH & BEAUTY (GREENWICH VILLAGE),PH,Pharmacy,1.0,SELETAR ROAD,1.0,,GREENWICH VILLAGE,807011,67535685.0,wjtan@guardian.com.sg,
201200000431,PHA1100027,GUARDIAN HEALTH & BEAUTY (JUNCTION 10),PH,Pharmacy,1.0,WOODLANDS ROAD,1.0,,JUNCTION 10 SHOPPING CENTRE,677899,67664541.0,wjtan@guardian.com.sg,
201200000430,PH01713,GUARDIAN PHARMACY (JELITA),PH,Pharmacy,293.0,HOLLAND ROAD,2.0,10.0,COLD STORAGE JELITA,278628,64690700.0,wjtan@guardian.com.sg,
201200000428,MCPH0900253,GUARDIAN PHARMACY (ION),PH,Pharmacy,2.0,ORCHARD TURN,,2.0,ION ORCHARD,238801,68845956.0,wjtan@guardian.com.sg,
201200000427,PH01766,GUARDIAN PHARMACY (GLENEAGLES),PH,Pharmacy,6.0,NAPIER ROAD,2.0,,GLENEAGLES MEDICAL CENTRE,258499,64721941.0,wjtan@guardian.com.sg,
201200000425,MCPH0400260,WATSON'S PERSONAL CARE STORES PTE LTD (TOA PAYOH HDB HUB),PH,Pharmacy,190.0,LORONG 6 TOA PAYOH,1.0,510.0,,310190,62591334.0,090@str.watsons.com.sg,
201200000424,PH01891,WATSON'S PERSONAL CARE STORES PTE LTD (BEDOK CENTRAL),PH,Pharmacy,211.0,NEW UPPER CHANGI ROAD,1.0,,,460211,62460873.0,043@str.watsons.com.sg,
201200000423,MCPH1200001,WATSON'S PERSONAL CARE STORES PTE LTD (NOVENA SQUARE),PH,Pharmacy,238.0,THOMSON ROAD,2.0,,NOVENA SQUARE,307683,62591975.0,087@str.watsons.com.sg,
201200000422,MCPH0800439,Watson's Personal Care Stores Pte Ltd (Northpoint),PH,Pharmacy,930.0,YISHUN AVENUE 2,,,NORTHPOINT SHOPPING CENTRE,769098,67533056.0,042@str.watsons.com.sg,
201200000421,MCPH0700257,WATSON'S PERSONAL CARE STORES PTE LTD (MARINA SQUARE),PH,Pharmacy,6.0,RAFFLES BOULEVARD,2.0,212.0,MARINA SQUARE,39594,63367653.0,082@str.watsons.com.sg,
201200000419,PH01888,WATSON'S PERSONAL CARE STORES PTE LTD (NGEE ANN CITY),PH,Pharmacy,391.0,ORCHARD ROAD,,,NGEE ANN CITY,238872,67332437.0,039@str.watsons.com.sg,
201200000418,MCPH1100013,WATSON'S PERSONAL CARE STORES PTE LTD (GREAT WORLD CITY),PH,Pharmacy,1.0,KIM SENG PROMENADE,1.0,,GREAT WORLD CITY,237994,68369767.0,074@str.watsons.com.sg,
201200000417,MCPH0600345,WATSON'S PERSONAL CARE STORE PTE LTD (LUCKY PLAZA),PH,Pharmacy,304.0,ORCHARD ROAD,,,LUCKY PLAZA,238863,67360956.0,025@str.watsons.com.sg,
201200000416,MCPH0600462,WATSON'S PERSONAL CARE STORES PTE LTD (IMM),PH,Pharmacy,2.0,JURONG EAST STREET 21,1.0,,IMM BUILDING,609601,65668465.0,071@str.watsons.com.sg,
201200000121,SS20154939,EYELINK PTE LTD,OS,Optical Shop,1.0,BUKIT BATOK CENTRAL LINK,2.0,3.0,WEST MALL,658713,67931366.0,joanchew@starhub.net.sg,
201200000119,SS20154941,FIRST CONTACT LENS CENTRE,OS,Optical Shop,301.0,UPPER THOMSON ROAD,1.0,,THOMSON PLAZA,574408,64550387.0,fclc88@pacific.net.sg,
201200000118,SS20154942,PAEDIATRIC OPTOMETRY PTE. LTD.,OS,Optical Shop,51.0,CUPPAGE ROAD,1.0,4.0,,229469,67323233.0,tiongyap@igard.com.sg,
201200000117,SS20154943,ASSOCIATED OPTICAL CO,OS,Optical Shop,1.0,PARK ROAD,3.0,61.0,PEOPLE'S PARK COMPLEX,59108,65330109.0,stevench@pacific.net.sg,
201200000115,SS20154945,OPTIMAX VISION LLP,OS,Optical Shop,481.0,TAMPINES STREET 44,1.0,271.0,,520481,65874959.0,optimaxvision@hotmail.com,
201200000111,MCPH0700139,NTUC HEALTHCARE (BTP),PH,Pharmacy,1.0,JALAN ANAK BUKIT,,1.0,BUKIT TIMAH PLAZA,588996,65904300.0,ecustomer@ntuchealth.sg,
201200000110,SS20154950,EYE AND I OPTICAL CENTRE PTE LTD,OS,Optical Shop,410.0,ANG MO KIO AVE 10,1.0,849.0,,560410,64529353.0,peterteo1974@yahoo.com.sg,
201200000108,SS20154952,EYE N I OPTIQUES,OS,Optical Shop,683.0,HOUGANG AVE 8,1.0,917.0,,530683,63860703.0,strayallday@yahoo.com,
201200000105,SS20154955,EYESMATE,OS,Optical Shop,503.0,TAMPINE CENTRAL 1,1.0,315.0,,520503,67840825.0,leypengaw@ymail.com,
201200000102,SS20154958,MEI LIM OPTICAL,OS,Optical Shop,210.0,HOUGANG ST 21,1.0,235.0,,530210,62808539.0,meilimoptical@yahoo.com.sg,
201100000038,PT8727,MINDCHAMPS PRESCHOOL @ MBC PTE. LTD.,CC,Childcare Centre,20.0,PASIR PANJANG ROAD,2.0,25.0,MAPLETREE BUSINESS CITY,117439,66594100.0,sg.psmbc@MINDCHAMPS.ORG,
201100000034,NT0507,MY FIRST SKOOL,CC,Childcare Centre,183.0,EDGEFIELD PLAINS,,266.0,,820183,66349989.0,info@myfirstskool.com,
201100000035,NT0508,MY FIRST SKOOL,CC,Childcare Centre,209.0,ANG MO KIO AVENUE 3,1.0,1584.0,,560209,66349989.0,info@myfirstskool.com,
201100000033,NT0506,MY FIRST SKOOL,CC,Childcare Centre,19.0,JALAN SULTAN,1.0,180.0,,190019,66349989.0,info@myfirstskool.com,
201100000036,NT0509,MY FIRST SKOOL,CC,Childcare Centre,55.0,LORONG 5 TOA PAYOH,1.0,160.0,,310055,66349989.0,info@myfirstskool.com,
201100000032,RC1888,BETHESDA (DEPOT WALK) PTE LTD,KN,Kindergarten,10.0,DEPOT WALK,,,BETHESDA HALL,109590,96544858.0,bethdwk@gmail.com,
201100000031,ST0062,PCF SPARKLETOTS PRESCHOOL @ BUKIT GOMBAK BLK 512 (CC),CC,Childcare Centre,512.0,BUKIT BATOK STREET 52,1.0,500.0,,650512,65620141.0,Nadya.Zainuldin@pcf.org.sg,
201100000030,9405762,Q & M DENTAL SURGERY (SERANGOON CENTRAL),HC,Healthcare Institution,23.0,SERANGOON CENTRAL,4.0,25.0,NEX,556083,65098858.0,QandM@QandM.com.sg,
201100000028,9404653,DENTAL ON THE BAY,HC,Healthcare Institution,1.0,HARBOURFRONT WALK,2.0,230.0,VIVOCITY,98585,63769001.0,INFO@DENTALONTHE BAY.COM,
201100000027,EP10062,DYNAMICS SPEECH PTE LTD,EI,Early Intervention Programmes,583.0,ORCHARD ROAD,15.0,4.0,,238884,61009235.0,ori@therapy.com.sg,
201100000025,9405755,KONG DENTAL SURGERY,HC,Healthcare Institution,534.0,CHOA CHU KANG STREET 51,1.0,45.0,LIMBANG SHOPPING CENTRE,680534,92985853.0,singhuey@hotmail.com,
201100000022,ST0060,PCF SPARKLETOTS PRESCHOOL @ BUKIT BATOK EAST BLK 271 (CC),CC,Childcare Centre,271.0,TOH GUAN ROAD,1.0,111.0,,600271,66651352.0,Fook.Lai.Chan@pcf.org.sg,
201100000021,ST0059,PCF SPARKLETOTS PRESCHOOL @ KEAT HONG BLK 353 (CC),CC,Childcare Centre,353.0,CHOA CHU KANG CENTRAL,1.0,313.0,,680353,67636803.0,Sulaiha.Marakar@pcf.org.sg,
201100000020,ST0058,PCF SPARKLETOTS PRESCHOOL @ CANBERRA BLK 337 (CC),CC,Childcare Centre,337.0,SEMBAWANG CRESCENT,1.0,174.0,,750337,64834942.0,Jasawant.Kaur@pcf.org.sg,
201100000019,ST0057,PCF SPARKLETOTS PRESCHOOL @ CHENG SAN-SELETAR BLK 502 (CC),CC,Childcare Centre,502.0,ANG MO KIO AVENUE 5,1.0,3734.0,,560502,65549513.0,Rufinawaty.Abdul.Rashid@pcf.org.sg,
201000000004,NT0481,MY FIRST SKOOL,CC,Childcare Centre,601.0,ANG MO KIO AVENUE 5,1.0,2611.0,,560601,66349989.0,info@myfirstskool.com,
201000000002,NT0479,MY FIRST SKOOL (DS),CC,Childcare Centre,742.0,WOODLANDS CIRCLE,1.0,443.0,,730742,66349989.0,info@myfirstskool.com,
201000000003,NT0480,MY FIRST SKOOL,CC,Childcare Centre,331.0,ANG MO KIO AVENUE 1,1.0,1869.0,,560331,66349989.0,info@myfirstskool.com,
201000000001,NT0478,MY FIRST SKOOL,CC,Childcare Centre,541.0,ANG MO KIO AVENUE 10,1.0,2336.0,,560541,66349989.0,info@myfirstskool.com,
200900000297,9405201,HEALTHWAY MEDICAL,HC,Healthcare Institution,163.0,TOA PAYOH LOR 1,1.0,,,310163,63541220.0,info@healthwaymedical.com,
200900000296,9401872,WOMEN'S CLINIC OF SINGAPORE,HC,Healthcare Institution,721.0,ANG MO KIO AVE 8,1.0,2813.0,,560721,64592833.0,jenshekwei@gmail.com,
200900000294,9405232,NEECARE MEDICAL CENTRE,HC,Healthcare Institution,371.0,BUKIT BATOK STREET 31,1.0,320.0,,650371,65674990.0,koaywc@gmail.com,
200900000293,9405536,PASIR RIS CLINIC & SURGERY PTE LTD,HC,Healthcare Institution,442.0,PASIR RIS DR 6,1.0,28.0,,510442,65820502.0,joslimgb@singnet.com.sg,
200900000291,9405378,CENTRAL 24-HR CLINIC (WOODLANDS),HC,Healthcare Institution,768.0,WOODLANDS AVENUE 6,2.0,,WOODLANDS MART,730768,63654895.0,priscilla@centralclinic.com.sg,
200900000290,PT9639,CREATIVE TWINKLES PRESCHOOL,KN,Kindergarten,354.0,TAMPINES STREET 33,1.0,530.0,,520354,67890065.0,christina@creative-twinkles.com,
200900000289,9405376,MY FAMILY CLINIC (PUNGGOL CENTRAL),HC,Healthcare Institution,301.0,PUNGGOL CENTRAL,1.0,2.0,,820301,68537351.0,mfc.punggol@alliance.md,
200900000288,9403607,WELL FAMILY CLINIC & SURGERY,HC,Healthcare Institution,555.0,ANG MO KIO AVENUE 10,1.0,1948.0,,560555,64549519.0,,
200900000287,9403801,LIFELINE YISHUN RING MEDICAL CLINIC,HC,Healthcare Institution,846.0,YISHUN RING ROAD,1.0,3615.0,,760846,67522017.0,lifelynr@singnet.com.sg,
200900000286,9405406,SUNSHINE DENTAL,HC,Healthcare Institution,900.0,SOUTH WOODLANDS DRIVE,3.0,4.0,WOODLANDS CIVIC CENTRE,730900,63633350.0,sunshinedental408@hotmail.com,
200900000285,9405383,HEALTHBRIDGE FAMILY CLINIC,HC,Healthcare Institution,11.0,RIVERVALE CRESCENT,2.0,16.0,RIVERVALE MALL,545082,64897495.0,hbfc_prov356@yahoo.com.sg,
201200000415,MCPH0500545,WATSON'S PERSONAL CARE STORES PTE LTD (JURONG POINT),PH,Pharmacy,1.0,JURONG WEST CENTRAL 2,,,JURONG POINT,648886,67908770.0,053@str.watsons.com.sg,
201200000414,MCPH1100488,Watson's Personal Care Stores Pte Ltd (Holland Village),PH,Pharmacy,211.0,HOLLAND AVENUE,1.0,9.0,HOLLAND ROAD SHOPPING CENTRE,278967,67633667.0,019@str.watsons.com.sg,
201200000413,MCPH0500304,WATSON'S PERSONAL CARE STORES PTE LTD (TAMPINES MALL),PH,Pharmacy,4.0,TAMPINES CENTRAL 5,,,TAMPINES MALL,529510,67819304.0,052@str.watsons.com.sg,
201200000412,MCPH1000319,WATSON'S PERSONAL CARE STORES PTE LTD (NEX),PH,Pharmacy,23.0,SERANGOON CENTRAL,2.0,57.0,NEX,556083,64839202.0,145@watsons.com.sg,
201200000410,MCPH1000280,WATSON'S PERSONAL CARE STORES PTE LTD (MARINA BAY FINANCIAL CENTRE),PH,Pharmacy,,MARINA BOULEVARD,,,MARINA BAY LINK MALL,18984,66341744.0,144@watsons.com.sg,
201200000409,MCPH0400190,WATSON'S PERSONAL CARE STORES PTE LTD (PARKWAY PARADE),PH,Pharmacy,80.0,MARINE PARADE ROAD,,,PARKWAY PARADE,449269,64404923.0,016@str.watsons.com.sg,
201200000408,MCPH0400479,WATSON'S PERSONAL CARE STORES PTE LTD (BUGIS JUNCTION),PH,Pharmacy,200.0,VICTORIA STREET,2.0,,BUGIS JUNCTION,188021,63388154.0,050@str.watsons.com.sg,
201200000405,MCPHA0900003,WATSON'S PERSONAL CARE STORES PTE LTD ION ORCHARD,PH,Pharmacy,2.0,ORCHARD TURN,,12.0,ION ORCHARD,238801,65098129.0,139@watsons.com.sg,
201200000402,MCPH0800048,WATSON'S PERSONAL CARE STORES PTE LTD (RAFFLES CITY),PH,Pharmacy,252.0,NORTH BRIDGE ROAD,,42.0,RAFFLES CITY SHOPPING CENTRE,179103,63344262.0,130@str.watsons.com.sg,
201200000401,MCPH1100291,WATSON'S PERSONAL CARE STORES PTE LTD (CAUSEWAY POINT),PH,Pharmacy,1.0,WOODLANDS SQUARE,,,CAUSEWAY POINT,738099,68911620.0,151@watsons.com.sg,
201200000400,MCPH1100258,WATSON'S PERSONAL CARE STORES PTE LTD (CHANGI AIRPORT T3 CHECK IN HALL),PH,Pharmacy,65.0,AIRPORT BOULEVARD,2.0,,CHANGI AIRPORT TERMINAL 3,819663,64411837.0,150@watsons.com.sg,
201200000399,MCPH1100154,WATSON'S PERSONAL CARE STORES PTE LTD (PARAGON),PH,Pharmacy,290.0,ORCHARD ROAD,,,THE PARAGON,238859,67374910.0,149@watsons.com.sg,
201200000398,MCPH1100004,WATSON'S PERSONAL CARE STORES PTE LTD (CLEMENTI MALL),PH,Pharmacy,3155.0,COMMONWEALTH AVENUE WEST,,,THE CLEMENTI MALL,129588,66594792.0,148@watsons.com.sg,
201200000101,PH01679,NTUC Healthcare (TBR),PH,Pharmacy,302.0,TIONG BAHRU RD,,11.0,TIONG BAHRU PLAZA,168732,65904300.0,ecustomer@ntuchealth.sg,
201200000100,SS20154960,CENTURY OPTICAL (2006),OS,Optical Shop,149.0,ROCHOR ROAD,1.0,2.0,FU LU SHOU COMPLEX,188425,63363801.0,teckfei@yahoo.com.sg,
201200000099,SS20154961,LIANG YEW CONTACT LENS OPTICAL & WATCHES CENTRE,OS,Optical Shop,821.0,TAMPINES ST 81,1.0,222.0,,520821,67841657.0,ngopti@hotmail.com,
201200000098,SS20154962,WEST POINT OPTOMETRIST,OS,Optical Shop,735.0,PASIR RIS ST 72,1.0,360.0,PASIR RIS WEST PLAZA,510735,65836608.0,,
201200000097,SS20154963,EVERBRIGHT OPTICAL CO. PTE LTD,OS,Optical Shop,210.0,NEW UPPER CHANGI ROAD,1.0,719.0,,460210,62438995.0,everbright@singnet.com.sg,
201200000096,SS20154964,LEGION EYECARE,OS,Optical Shop,501.0,JURONG WEST ST 51,1.0,263.0,,640501,65607492.0,legioneyecare@yahoo.com.sg,
201200000095,SS20154965,VISION STYLE OPTICAL & CONTACT LENS CENTRE,OS,Optical Shop,513.0,TAMPINES CENTRAL 1,1.0,156.0,,520513,67839175.0,hckeng@singnet.com.sg,
201200000094,MCPH1100317,VERTEX PHARMACY PTE. LTD.,PH,Pharmacy,1112.0,SERANGOON ROAD,,,,328201,63966423.0,shujaasn@yahoo.com.sg,
201200000093,SS20154967,SIANG LI OPTICAL & CONTACT LENS CENTRE,OS,Optical Shop,390.0,VICTORIA STREET,1.0,72.0,GOLDEN LANDMARK,188061,62972815.0,sianglioptical@singnet.com.sg,
201200000091,ST0100,PCF SPARKLETOTS PRESCHOOL @ WOODLANDS BLK 801 (CC),CC,Childcare Centre,801.0,WOODLANDS STREET 81,1.0,127.0,,730801,63670347.0,peng.peng.wong@pcf.org.sg,
201200000087,11C0152,SMILEARTS DENTAL STUDIO (BUANGKOK),HC,Healthcare Institution,,COMPASSVALE LINK,1.0,,,544275,67521008.0,smileartsbk@gmail.com,
201200000085,12C0037,ONEDOCTORS FAMILY CLINIC,HC,Healthcare Institution,253.0,HOLLAND AVENUE,2.0,1.0,HOLLAND VILLAGE,278982,64698938.0,danjas2004@yahoo.com.sg,
201200000082,NT0527,MY FIRST SKOOL,CC,Childcare Centre,571.0,ANG MO KIO AVENUE 3,1.0,3291.0,,560571,66349989.0,info@myfirstskool.com,
201100000023,ST0061,PCF SPARKLETOTS PRESCHOOL @ YUHUA BLK 108 (CC),CC,Childcare Centre,108.0,JURONG EAST STREET 13,1.0,266.0,,600108,65620866.0,Madeline.LoiJC@pcf.org.sg,
201100000009,PT8716,THE LITTLE SKOOL-HOUSE INTERNATIONAL PTE LTD,CC,Childcare Centre,378.0,ALEXANDRA ROAD,,,ALEXANDRA HOSPITAL,159964,64715135.0,limcaiyan@littleskoolhouse.com,
201100000010,PT8717,CHILDFIRST,CC,Childcare Centre,229.0,MOUNTBATTEN ROAD,1.0,32.0,MOUNTBATTEN SQUARE,398007,64404466.0,MOUNTBATTEN@CHILDFIRST.COM.SG,
201100000011,PT8718,AMAZING STAR MONTESSORI HOUSE (SK2),CC,Childcare Centre,46.0,JALAN MERDU,,,,548674,63159815.0,sk2@amazing-star.com,
201100000012,PT8719,BETWEEN TWO TREES (CLARKE QUAY) PTE LTD,CC,Childcare Centre,11.0,KENG CHEOW STREET,1.0,1.0,RIVERSIDE PIAZZA,59608,65332490.0,fathiah_osman@sdmgroup.sg,
201100000013,PT8720,TODDLERS' COTTAGE,CC,Childcare Centre,118.0,ALJUNIED AVENUE 2,3.0,102.0,,380118,68414111.0,toddlerscottage@yahoo.com,
201100000018,PT8725,LIFE JOURNIZ PTE. LTD.,CC,Childcare Centre,48.0,CRAIG ROAD,,,,89686,62220895.0,contactus@lifejourniz.com,
201100000016,PT8723,RAFFLES HOUSE @ PAYA LEBAR PRIVATE LIMITED,CC,Childcare Centre,249.0,PAYA LEBAR ROAD,2.0,11.0,,409046,67428015.0,rh_payalebar@raffleshouse.com,
201100000005,NT0503,MY FIRST SKOOL,CC,Childcare Centre,803.0,TAMPINES AVENUE 4,1.0,89.0,,520803,66349989.0,info@myfirstskool.com,
201100000006,NT0504,MY FIRST SKOOL,CC,Childcare Centre,,HOLLAND DRIVE,1.0,457.0,,272018,66349989.0,info@myfirstskool.com,
201100000007,NT0505,MY FIRST SKOOL,CC,Childcare Centre,208.0,CHOA CHU KANG CENTRAL,1.0,76.0,,680208,66349989.0,info@myfirstskool.com,
201100000002,NT0500,MY FIRST SKOOL,CC,Childcare Centre,,JURONG WEST STREET 61,1.0,210.0,,643648,66349989.0,info@myfirstskool.com,
201100000004,NT0502,MY FIRST SKOOL,CC,Childcare Centre,,EDGEDALE PLAINS,1.0,344.0,,821126,66349989.0,info@myfirstskool.com,
201100000003,NT0501,MY FIRST SKOOL,CC,Childcare Centre,128.0,GEYLANG EAST AVENUE 1,1.0,125.0,,380128,66349989.0,info@myfirstskool.com,
201100000001,9405761,ONEDOCTORS MEDICAL CENTRE,HC,Healthcare Institution,23.0,SERANGOON CENTRAL,1.0,,NEX,556083,66344918.0,,
201200000726,SS20154339,HAPPY EYES GROUP PTE LTD,OS,Optical Shop,,TAMPINES STREET 21,1.0,1147.0,,524201,67867661.0,spextampines@gmail.com,
201200000725,SS20154340,HAPPY EYES GROUP PTE LTD,OS,Optical Shop,203.0,HOUGANG STREET 21,1.0,83.0,,530203,63873988.0,spexkovan@gmail.com,
201200000724,SS20154341,VISION CARE OPTICS,OS,Optical Shop,,COMPASSVALE LINK,1.0,7.0,,544275,64818231.0,viviankang6382@gmail.com,
201200000723,SS20154342,OPTICSNVISION,OS,Optical Shop,7.0,EVERTON PARK,1.0,3.0,,80007,63279786.0,melvin@optician.com,
201200000722,SS20154343,TAMPINES OPTICAL & CONTACT LENS CENTRE PTE LTD,OS,Optical Shop,825.0,TAMPINES STREET 81,1.0,72.0,,520825,67852971.0,dingsien@ymail.com,
201200000721,SS20154344,HAPPY EYES GROUP PTE LTD,OS,Optical Shop,,CLEMENTI  AVE 3,1.0,1.0,,120441,67759445.0,SPEXCLEMENTI@GMAIL.COM,
201200000720,SS20154345,HAPPY EYES GROUP PTE LTD,OS,Optical Shop,534.0,CHOA CHU KANG ST 51,1.0,35.0,LIM BANG SHOPPING CENTRE,680534,68770661.0,spexchoachukang2@gmail.com,
201200000719,SS20154346,HAPPY EYES GROUP PTE LTD,OS,Optical Shop,66.0,KALLANG BAHRU,1.0,491.0,,330066,63924115.0,spexkallangbahru@gmail.com,
201200000718,SS20154347,HAPPY EYES GROUP PTE LTD,OS,Optical Shop,84.0,BEDOK NORTH ST 4,1.0,67.0,,460084,64494486.0,spexbedok2@gmail.com,
201200000717,SS20154348,HAPPY EYES GROUP PTE LTD,OS,Optical Shop,1.0,WOODLANDS ROAD,2.0,18.0,JUNCTION 10,677899,67666672.0,spexjunction10@gmail.com,
201200000716,SS20154349,HAPPY EYES GROUP PTE LTD,OS,Optical Shop,306.0,WOODLANDS STREET 31,1.0,31.0,,730306,63692028.0,spexwoodlands@gmail.com,
201200000715,SS20154350,HAPPY EYES GROUP PTE LTD,OS,Optical Shop,1.0,JURONG WEST CENTRAL 2,,,JURONG POINT,648886,67909293.0,spexjurongpoint@gmail.com,
201200000714,SS20154351,HAPPY EYES GROUP PTE LTD,OS,Optical Shop,450.0,TOA PAYOH LORONG 6,1.0,12.0,TOA PAYOH ENTERTAINMENT CENTRE,319394,62506110.0,spextoapayoh1@gmail.com,
201200000713,SS20154352,YU YI OPTIC LLP,OS,Optical Shop,139.0,TAMPINES STREET 11,1.0,28.0,,521139,67875747.0,wongannietm@gmail.com,
201200000712,SS20154353,YU YI OPTIC LLP,OS,Optical Shop,827.0,TAMPINES STREET 81,1.0,142.0,,520827,67875767.0,wongannietm@gmail.com,
201200000711,PT8863,LITTLE MIGHTY ME PTE. LTD.,CC,Childcare Centre,,PUNGGOL PLACE,2.0,816.0,,822274,66046200.0,LITTLEMIGHTYME@SINGNET.COM.SG,
201200000710,SS20154355,LENS VISION (PUNGGOL PLAZA),OS,Optical Shop,168.0,PUNGGOL FIELD,2.0,3.0,PUNGGOL PLAZA,820168,63155315.0,bovinng@yahoo.com,
201200000709,SS20154356,BRIGHT OPTIQUE,OS,Optical Shop,442.0,CLEMENTI AVE 3,1.0,87.0,,120442,67783096.0,,
201200000708,SS20154357,TELOK BLANGAH OPTICAL CENTRE,OS,Optical Shop,77.0,TELOK BLANGAH DRIVE,1.0,232.0,,100077,62746300.0,evolution7_mitsu@hotmail.com,
201200000706,PT8862,YY CHILDCARE CENTRE PTE. LTD.,CC,Childcare Centre,756.0,UPPER SERANGOON ROAD,1.0,9.0,UPPER SERANGOON SHOPPING CENTRE,534626,62809788.0,YYCHILDCARE@GMAIL.COM,
201200000397,MCPH0800002,WATSON'S PERSONAL CARE STORES PTE LTD (CHANGI AIRPORT T3 BASEMENT),PH,Pharmacy,65.0,AIRPORT BOULEVARD,,24.0,CHANGI AIRPORT TERMINAL 3,819663,65811393.0,128@watsons.com.sg,
201200000396,SS20154664,HENG KWANG OPTICS & CONTACT LENS CENTRE,OS,Optical Shop,180.0,BENCOOLEN STREET,1.0,30.0,THE BENCOOLEN,189646,63389016.0,,
201200000394,SS20154666,SPECTACLE HUT,OS,Optical Shop,90.0,HOUGANG AVENUE 10,3.0,5.0,HOUGANG MALL,538766,62896717.0,shnutc@singnet.com.sg,
201200000391,SS20154669,OPTIQUE TREND OPTICAL CENTRE,OS,Optical Shop,446.0,ANG MO KIO AVENUE 10,1.0,1671.0,,560446,64512892.0,,
201200000390,PH01834,NATIONAL HEALTHCARE GROUP PHARMACY,PH,Pharmacy,100.0,YISHUN CENTRAL,,,YISHUN POLYCLINIC,768826,62572237.0,feedback@pharmacy.nhg.com.sg,
201200000389,MCPH0600456,NATIONAL HEALTHCARE GROUP PHARMACY (WOODLANDS),PH,Pharmacy,10.0,WOODLANDS STREET 31,1.0,,WOODLANDS POLYCLINIC,738579,63697114.0,feedback@pharmacy.nhg.com.sg,
201200000388,PH01837,NATIONAL HEALTHCARE GROUP PHARMACY (TOA PAYOH),PH,Pharmacy,2003.0,LORONG 8 TOA PAYOH,0.0,0.0,TOA PAYOH POLYCLINIC,319260,63547590.0,feedback@pharmacy.nhg.com.sg,
201200000387,PH01830,NATIONAL HEALTHCARE GROUP PHARMACY (JURONG),PH,Pharmacy,190.0,JURONG EAST AVE 1,,,,609788,65624139.0,feedback@pharmacy.nhg.com.sg,
201200000386,PH01835,NATIONAL HEALTHCARE GROUP PHARMACY (HOUGANG),PH,Pharmacy,89.0,HOUGANG AVE 4,,,,538829,64898745.0,feedback@pharmacy.nhg.com.sg,
201200000385,MCPH0700092,NATIONAL HEALTHCARE GROUP PHARMACY (CLEMENTI),PH,Pharmacy,451.0,CLEMENTI AVENUE 3,2.0,307.0,,120451,67731629.0,feedback@pharmacy.nhg.com.sg,
201200000384,PH01829,NHG PHARMACY (CCK POLYCLINIC),PH,Pharmacy,2.0,TECK WHYE CRESCENT,,,CHOA CHU KANG POLYCLINIC,688846,67659664.0,feedback@pharmacy.nhg.com.sg,
201200000383,PH01828,NATIONAL HEALTHCARE GROUP PHARMACY (BUKIT BATOK),PH,Pharmacy,50.0,BUKIT BATOK  WEST AVE 3,,,,659164,68998948.0,feedback@pharmacy.nhg.com.sg,
201200000382,SS20154678,ANCO OPTICS & CONTACT LENSES,OS,Optical Shop,352.0,CLEMENTI AVE 2,1.0,137.0,,120352,67792989.0,,
201200000381,MCPH0700025,NATIONAL HEALTHCARE GROUP PHARMACY (ANG MO KIO),PH,Pharmacy,723.0,ANG MO KIO AVENUE 8,1.0,4136.0,,560723,64595067.0,feedback@pharmacy.nhg.com.sg,
201200000380,SS20154680,EYE THEORY PTE LTD,OS,Optical Shop,5.0,STADIUM WALK,1.0,22.0,"LEISURE PARK,KALLANG",397693,63446656.0,eyetheory@gmail.com,
201200000379,SS20154681,FIRST.EYESIMAGE.COM. PTE LTD,OS,Optical Shop,14.0,SCOTTS ROAD,3.0,72.0,FAR EAST PLAZA,228213,67323180.0,EMILY@EYESIMAGE.COM,
201200000378,SS20154682,ONG'S OPTICS,OS,Optical Shop,502.0,JURONG WEST ST 51,1.0,825.0,,640502,65631825.0,,
201200000080,12C0027,NORTHEAST MEDICAL GROUP,HC,Healthcare Institution,39.0,JALAN TIGA,1.0,1.0,,390039,62413298.0,nhi.kallang@gmail.com,
201200000079,PT8837,RAINFOREST SCHOOLHOUSE PTE LTD,CC,Childcare Centre,70.0,MARTABAN ROAD,,,,328667,62592668.0,caroline@rainforestschoolhouse.com,
201200000078,12C0039,T32 DENTAL PEARL,HC,Healthcare Institution,2.0,JURONG EAST CENTRAL 1,,15.0,JCUBE,609731,66843833.0,jcube@t32dental.com,
201200000076,12C0058,JURONG DAY & NIGHT CLINIC,HC,Healthcare Institution,966.0,JURONG WEST STREET 93,1.0,219.0,,640966,67922257.0,jurongdaynight@yahoo.com.sg,
201200000074,NT0526,MY FIRST SKOOL,CC,Childcare Centre,1.0,BEDOK SOUTH AVENUE 1,1.0,921.0,,460001,66349989.0,INFO@MYFIRSTSKOOL.COM,
201200000075,PT8836,LITTLE FOOTPRINTS PRESCHOOL @ ALJUNIED PTE LTD,CC,Childcare Centre,165.0,SIMS AVENUE,1.0,1.0,HARVEST CARE CENTRE,387606,68447702.0,mindy.koh@littlefootprints.com.sg,
201200000073,PT8835,STAR LEARNERS @ SENGKANG PTE. LTD.,CC,Childcare Centre,266.0,COMPASSVALE BOW,1.0,4.0,MULTI STOREY CAR PARK,540266,62500173.0,mengwei.tan@starlearners.com.sg,
201200000071,ST0098,PCF SPARKLETOTS PRESCHOOL @ KOLAM AYER BLK 39 (CC),CC,Childcare Centre,39.0,BENDEMEER ROAD,1.0,1.0,MULTI STOREY CAR PARK,330039,62982284.0,Bhunesuuary.Thanabathi@pcf.org.sg,
201200000072,ST0099,PCF SPARKLETOTS PRESCHOOL @ PIONEER BLK 987D (CC),CC,Childcare Centre,,JURONG WEST STREET 93,1.0,595.0,,644987,63165717.0,Stephanie.TeoHL@pcf.org.sg,
201200000068,11C0216,Q & M DENTAL SURGERY (SIMEI MRT),HC,Healthcare Institution,30.0,SIMEI STREET 3,1.0,9.0,SIMEI MRT STATION,529888,67416819.0,qandm@qandm.com.sg,
201200000067,11C0162,Q & M DENTAL SURGERY (HOLLAND VILLAGE),HC,Healthcare Institution,200.0,HOLLAND AVENUE,,19.0,HOLLAND VILLAGE MRT STATION,278995,68923913.0,qandm@qandm.com.sg,
201200000066,11C0225,Q & M DENTAL CENTRE (BUGIS),HC,Healthcare Institution,200.0,VICTORIA STREET,2.0,28.0,BUGIS JUNCTION,188021,68372292.0,,
201200000065,11C0247,Q & M DENTAL SURGERY (TOH YI),HC,Healthcare Institution,19.0,TOH YI DRIVE,1.0,123.0,,590019,67627660.0,,
201200000064,11C0104,Q & M DENTAL SURGERY (MARINE PARADE),HC,Healthcare Institution,85.0,MARINE PARADE CENTRAL,1.0,664.0,,440085,63461882.0,,
201200000062,9400238,CHIANG BABY & CHILD CLINIC,HC,Healthcare Institution,3.0,MT ELIZABETH,17.0,12.0,MOUNT ELIZABETH MEDICAL CENTRE,228510,67345676.0,spchiang@singnet.com.sg,
201000000280,9405732,GPA CENTRE FOR DENTISTRY,HC,Healthcare Institution,600.0,NORTH BRIDGE RD,14.0,,PARKVIEW SQUARE,188778,67321020.0,JEANNE@GPADENTAL.COM,
201000000278,EP11071,SPD@TAMPINES - PAEDIATRIC REHABILITATION,EI,Early Intervention Programmes,866.0,TAMPINES STREET 83,1.0,237.0,,520866,65877611.0,information@spd.org.sg,
201000000277,9404553,DAILY MEDICAL CENTRE,HC,Healthcare Institution,159.0,HOUGANG STREET 11,1.0,17.0,,530159,62843218.0,daily159@gmail.com,
201000000276,9405763,CHIN MEDICAL CLINIC,HC,Healthcare Institution,,JELAPANG ROAD,2.0,,GREENRIDGE SHOPPING CENTRE,671524,64688195.0,,
201000000275,ST0056,PCF SPARKLETOTS PRESCHOOL @ FENGSHAN BLK 108 (CC),CC,Childcare Centre,108.0,BEDOK NORTH ROAD,1.0,2222.0,,460108,62464026.0,fspcf108@gmail.com,
201000000274,ST0055,PCF SPARKLETOTS PRESCHOOL @ KEBUN BARU BLK 172 (CC),CC,Childcare Centre,172.0,ANG MO KIO AVENUE 4,1.0,565.0,,560172,64552203.0,Noor.Hayati.Amid@pcf.org.sg,
201000000273,RC1745,LITTLE DOLPHINS PLAYSKOOL,CC,Childcare Centre,714.0,CLEMENTI WEST STREET 2,1.0,139.0,,120714,67751455.0,littledolphins@singnet.com.sg,
201000000266,PT8709,GENIUS HIVE PRE-SCHOOL PTE. LTD.,CC,Childcare Centre,105.0,CECIL STREET,2.0,2.0,THE OCTAGON,69534,82220790.0,admin@geniushive.edu.sg,
201000000269,PT8712,EAGER BEAVER SCHOOLHOUSE 1 PTE. LTD.,CC,Childcare Centre,925.0,YISHUN CENTRAL 1,5.0,227.0,,760925,68528204.0,EB1@EB.SG,
201000000270,PT8713,NURTURESTARS PTE. LTD.,CC,Childcare Centre,60.0,YISHUN AVENUE 4,1.0,,,769027,67550859.0,samanthaleow@nurturestars.sg,
201000000264,PT8707,PAT'S SCHOOLHOUSE PTE. LTD.,CC,Childcare Centre,110.0,ALEXANDRA ROAD,,,ALEXANDRA POST OFFICE,159921,64794120.0,Tanglin@Patschoolhouse.com,
201000000263,PT8706,MULBERRY LEARNING CENTRE INTERNATIONAL PTE. LTD.,CC,Childcare Centre,31.0,INTERNATIONAL BUSINESS PARK,1.0,4.0,CREATIVE RESOURCE,609921,90031454.0,cici@global-eduhub.com,
201200000705,SS20154360,LEONG YEW OPTICAL CO,OS,Optical Shop,631.0,BEDOK RESERVOIR ROAD,1.0,956.0,,470631,62416326.0,hui2002sg@yahoo.com.sg,
201200000704,12C0133,Q & M DENTAL SURGERY (BEDOK CENTRAL),HC,Healthcare Institution,214.0,BEDOK NORTH STREET 1,1.0,173.0,,460214,68760533.0,,
201200000702,11C0062,Q & M DENTAL SURGERY (BOON LAY MRT),HC,Healthcare Institution,301.0,BOON LAY WAY,1.0,5.0,BOON LAY MRT STATION,649846,67913323.0,,
201200000701,12C0075,Q & M DENTAL SURGERY (TAMPINES MRT),HC,Healthcare Institution,20.0,TAMPINES CENTRAL 1,1.0,11.0,TAMPINES MRT STATION,529538,67850608.0,,
201200000700,SS20154364,JAMCO OPTICAL & TRADING CO.,OS,Optical Shop,865.0,MOUNTBATTEN ROAD,,15.0,KATONG SHOPPING CENTRE,437844,63459519.0,Enquiries@jamcooptical.com,
201200000699,12C0167,Prohealth Medical Group @Clementi One Pte Ltd,HC,Healthcare Institution,,CLEMENTI AVENUE 1,1.0,3.0,,121420,66942001.0,,
201200000698,SS20154366,UNITED EYECARE (NOVENA) LLP,OS,Optical Shop,10.0,SINARAN DRIVE,3.0,108.0,SQUARE 2,307506,63976885.0,UEYECARE@YAHOO.COM.SG,
201200000694,SS20154370,I-LOOK OPTICAL,OS,Optical Shop,735.0,PASIR RIS ST 72,1.0,350.0,PASIR RIS WEST PLAZA,510735,65833436.0,,
201200000693,SS20154371,TAMPINES OPTICAL & CONTACT LENS CENTRE PTE LTD,OS,Optical Shop,638.0,JURONG WEST STREET 61,1.0,7.0,,640638,67947865.0,dingsien@ymail.com,
201200000692,SS20154372,TAMPINES OPTICAL & CONTACT LENS CENTRE PTE LTD,OS,Optical Shop,41.0,JALAN TIGA,1.0,6.0,,390041,62429070.0,,
201200000691,SS20154373,TAMPINES OPTICAL & CONTACT LENS CENTRE PTE LTD,OS,Optical Shop,57.0,DAWSON ROAD,1.0,2.0,,142057,64722873.0,dingsien@ymail.com,
201200000690,SS20154374,TAMPINES OPTICAL & CONTACT LENS CENTRE PTE LTD,OS,Optical Shop,628.0,SENJA ROAD,1.0,6.0,,670628,67635808.0,dingsien@ymail.com,
201200000689,SS20154375,TAMPINES OPTICAL & CONTACT LENS CENTRE PTE LTD,OS,Optical Shop,883.0,WOODLANDS STREET 82,1.0,490.0,,731883,63650766.0,dingsien@ymail.com,
201200000688,SS20154376,TAMPINES OPTICAL & CONTACT LENS CENTRE PTE LTD,OS,Optical Shop,888.0,WOODLANDS DRIVE 50,1.0,743.0,,730888,68916493.0,dingsien@ymail.com,
201200000687,SS20154377,TAMPINES OPTICAL & CONTACT LENS CENTRE PTE LTD,OS,Optical Shop,825.0,TAMPINES STREET 81,1.0,72.0,,520825,67878380.0,dingsien@ymail.com,
201200000686,SS20154378,J'S OPTICS,OS,Optical Shop,503.0,JURONG WEST ST 52,1.0,837.0,,640503,65601648.0,jamesteo77@gmail.com,
201200000685,SS20154379,EVERBEST OPTICS,OS,Optical Shop,6.0,1 CHOA CHU KANG GROVE,4.0,8.0,,688236,67600218.0,everbestoptics@gmail.com,
201200000377,SS20154683,SPECTACLE HUT,OS,Optical Shop,1.0,HARBOURFRONT WALK,,14.0,,98585,62216717.0,shsvc@singnet.com.sg,
201200000376,SS20154684,SPECTACLE HUT,OS,Optical Shop,1.0,BUKIT BATOK CENTRAL LINK,2.0,6.0,WEST MALL,658713,68987717.0,s8984217@singnet.com.sg,
201200000373,SS20154687,SPECTACLE HUT,OS,Optical Shop,10.0,TAMPINES CENTRAL 1,1.0,36.0,TAMPINES 1,529536,67847717.0,spext1@singnet.com.sg,
201200000372,SS20154688,SPECTACLE HUT,OS,Optical Shop,10.0,SINARAN DRIVE,1.0,138.0,SQUARE 2,307506,63972903.0,besq2@singnet.com.sg,
201200000369,SS20154691,SPECTACLE HUT,OS,Optical Shop,252.0,NORTH BRIDGE ROAD,,32.0,RAFFLES CITY SHOPPING CENTRE,179103,65607717.0,shsrs@singnet.com.sg,
201200000368,SS20154692,SPECTACLE HUT,OS,Optical Shop,1.0,QUEENSWAY,1.0,50.0,QUEENSWAY SHOPPING CENTRE,149053,64747717.0,s4753083@singnet.com.sg,
201200000367,SS20154693,SPECTACLE HUT,OS,Optical Shop,68.0,ORCHARD ROAD,2.0,29.0,PLAZA SINGAPURA,238839,63397717.0,SHSPZ@spectaclehut.com.sg,
201200000366,SS20154694,SPECTACLE HUT,OS,Optical Shop,930.0,YISHUN AVENUE 2,,32.0,NORTHPOINT CITY,769098,67537717.0,y7537717@singnet.com.sg,
201200000364,SS20154696,SPECTACLE HUT,OS,Optical Shop,23.0,SERANGOON CENTRAL,,,NEX@SERANGOON,663451,66345717.0,SHSNX@SINGNET.COM.SG,
201200000362,SS20154698,CLEARVIEW OPTICAL,OS,Optical Shop,28.0,DOVER CRESCENT,1.0,93.0,MUTLI STOREY CARPARK,130028,67778268.0,clearviewopt2007@yahoo.com.sg,
201200000361,SS20154699,SPECTACLE HUT,OS,Optical Shop,2.0,JURONG EAST STREET 21,1.0,71.0,IMM BUILDING,609601,65617717.0,shimm@singnet.com.sg,
201200000360,SS20154700,SPECTACLE HUT,OS,Optical Shop,1.0,MARITIME SQUARE,2.0,63.0,HARBOURFRONT CENTRE,99253,62727717.0,SHSHF@SPECTACLEHUT.COM.SG,
201200000359,SS20154701,SPECTACLE HUT,OS,Optical Shop,3155.0,COMMONWEALTH AVENUE WEST,1.0,10.0,CLEMENTI MALL,129588,67791085.0,shsc2@singnet.com.sg,
201200000357,SS20154703,SPECTACLE HUT,OS,Optical Shop,2.0,BAYFRONT AVENUE,,242.0,THE SHOPPES AT MARINA BAY SANDS,18972,66887323.0,SHSM2@SPECTACLEHUT.COM.SG,
201200000061,12C0029,E MEDICAL CLINIC & SURGERY,HC,Healthcare Institution,126.0,LORONG 1 TOA PAYOH,1.0,567.0,,310126,63569391.0,drlee@e-medicalclinic.com,
201200000060,ST0097,PCF SPARKLETOTS PRESCHOOL @ BUKIT BATOK BLK 206 (CC),CC,Childcare Centre,206.0,BUKIT BATOK STREET 21,1.0,78.0,,650206,65609227.0,Aneza.Sahul.Hameed@pcf.org.sg,
201200000059,PT8834,ESHKOL VALLEY @ SENGKANG PEARL PTE. LTD.,CC,Childcare Centre,,COMPASSVALE DRIVE,2.0,125.0,,541212,83232245.0,ESHKOLVALLEY.SG@GMAIL.COM,
201200000056,PT8831,JUDE CHILD CARE AND CHILD DEVELOPMENT CENTRE,CC,Childcare Centre,104.0,PASIR RIS STREET 12,1.0,141.0,,510104,65820285.0,JUDECHILDCARE@HOTMAIL.COM,
201200000055,12C0005,CHIANG CHILDREN'S ALLERGY AND ASTHMA CLINIC PTE LTD,HC,Healthcare Institution,3.0,MOUNT ELIZABETH,17.0,12.0,MOUNT ELIZABETH MEDICAL CENTRE,228510,6734565.0,drchiang.allergy @gmail.com,
201200000054,ST0096,PCF SPARKLETOTS PRESCHOOL @ WOODLANDS BLK 824 (CC),CC,Childcare Centre,824.0,WOODLANDS STREET 81,1.0,2.0,,730824,63621082.0,Mak.Kit.Leng@pcf.org.sg,
201200000051,ST0094,PCF SPARKLETOTS PRESCHOOL @ BUKIT BATOK EAST BLK 208 (CC),CC,Childcare Centre,208.0,JURONG EAST STREET 21,1.0,189.0,,600208,65674739.0,Karen.ChuaBC@pcf.org.sg,
201200000052,ST0095,PCF SPARKLETOTS PRESCHOOL @ SERANGOON BLK 141 (CC),CC,Childcare Centre,141.0,SERANGOON NORTH AVENUE 2,1.0,8.0,,550141,62817375.0,CHEN.FOO.YING@PCF.ORG.SG,
201200000050,ST0093,PCF SPARKLETOTS PRESCHOOL @ PIONEER BLK 694 (CC),CC,Childcare Centre,694.0,JURONG WEST CENTRAL 1,1.0,1.0,,640694,67911792.0,Sharifah.Nazihah.Ahmad@pcf.org.sg,
201200000047,PT8827,GREENFIELD MONTESSORI CHILD CARE PTE. LTD.,CC,Childcare Centre,8.0,HONG SAN WALK,,,COMFORT GARDEN,688999,67600895.0,vasugipunniya@gmail.com,
201200000048,PT8828,BLOSSOM DISCOVERY CENTRE LLP,CC,Childcare Centre,,LORONG CHUAN,,,,556770,98596541.0,jasmineng@blossomedugroup.com.sg,
201200000045,11C0241,KI MEDICAL CLINIC,HC,Healthcare Institution,416.0,ANG MO KIO AVENUE 10,1.0,975.0,,560416,64554475.0,kialex@singnet.com.sg,
201200000044,PT9720,WEE CARE KINDERGARTEN PTE LTD,KN,Kindergarten,71.0,OXLEY RISE,2.0,2.0,THE RISE @ OXLEY,238698,68361450.0,siti@weecare.com.sg,
201000000260,NT0498,MY FIRST SKOOL,CC,Childcare Centre,306.0,SERANGOON AVENUE 2,1.0,58.0,,550306,66349989.0,info@myfirstskool.com,
201000000261,NT0499,MY FIRST SKOOL,CC,Childcare Centre,18.0,MARINE TERRACE,1.0,108.0,,440018,66349989.0,info@myfirstskool.com,
201000000258,PT9712,MAHAD AL-NASRY @TAMPINES KINDERGARTEN,KN,Kindergarten,476.0,TAMPINES STREET 44,1.0,179.0,,520476,90142493.0,alisaalnasry@gmail.com,
201000000257,9405646,Q & M DENTAL SURGERY (NOVENA),HC,Healthcare Institution,238.0,THOMSON ROAD,2.0,1.0,NOVENA SQUARE,307683,62513233.0,QANDM@QANDM.COM.SG,
201000000256,ST0054,PCF SPARKLETOTS PRESCHOOL @ GEYLANG SERAI BLK 412 (CC),CC,Childcare Centre,413.0,EUNOS ROAD 5,1.0,84.0,,400413,67476280.0,LEE.LAY.CHWEE@PCF.ORG.SG,
201000000254,PT8704,MINDCHAMPS PRESCHOOL @ JTC SUMMIT PTE. LTD.,CC,Childcare Centre,8.0,JURONG TOWN HALL ROAD,5.0,1.0,"JTC SUMMIT, THE",609434,68968896.0,LYNNCHEW.PS@MINDCHAMPS.ORG,
201000000253,PT8703,CHERIE HEARTS @ ADMIRAX PTE. LTD.,CC,Childcare Centre,8.0,ADMIRALTY STREET,1.0,3.0,ADMIRAX,757438,64838318.0,jeffrey.cho@cheriehearts.com.sg,
201000000252,PT8702,BRIGHTON MONTESSORI INTERNATIONAL PRE-SCHOOL @ SUNSET,CC,Childcare Centre,41.0,SUNSET WAY,2.0,1.0,CLEMENTI ARCADE,597071,64646396.0,sunset@brightonmontessori.com.sg,
201000000245,NT0494,MY FIRST SKOOL,CC,Childcare Centre,,BUKIT BATOK STREET 24,1.0,57.0,,650291,66349989.0,info@myfirstskool.com,
201000000247,NT0496,MY FIRST SKOOL,CC,Childcare Centre,503.0,BEDOK NORTH STREET 3,1.0,78.0,,460503,66349989.0,info@myfirstskool.com,
201000000246,NT0495,MY FIRST SKOOL,CC,Childcare Centre,82.0,STRATHMORE AVENUE,1.0,138.0,,141082,66349989.0,info@myfirstskool.com,
201000000244,NT0493,MY FIRST SKOOL,CC,Childcare Centre,111.0,MCNAIR ROAD,1.0,238.0,,320111,66349989.0,info@myfirstskool.com,
201000000248,NT0497,MY FIRST SKOOL,CC,Childcare Centre,63.0,TELOK BLANGAH HEIGHTS,1.0,219.0,,100063,66349989.0,info@myfirstskool.com,
201000000243,CPE357684,STAMFORD AMERICAN INTERNATIONAL SCHOOL PTE LTD,KP,CPE Kindergarten,1.0,WOODLEIGH LANE,,,,357684,66027247.0,eve.rogove@sais.edu.sg,
201200000684,PH01823,SINGHEALTH POLY - TAMPINES,PH,Pharmacy,1.0,TAMPINES STREET 41,1.0,0.0,TAMPINES POLYCLINIC,529203,67864070.0,singhealthpolyclinics@singhealth.com.sg,
201200000683,PH01868,SINGHEALTH POLY - PASIR RIS,PH,Pharmacy,1.0,PASIR RIS DRIVE 4,1.0,11.0,,519457,65855390.0,singhealthpolyclinics@singhealth.com.sg,
201200000682,MCPH1200783,SINGHEALTH POLY - GEYLANG,PH,Pharmacy,21.0,GEYLANG EAST CENTRAL,2.0,,GEYLANG POLYCLINIC,389707,68422440.0,singhealthpolyclinics@singhealth.com.sg,
201200000681,PH01827,SINGHEALTH POLY - BUKIT MERAH,PH,Pharmacy,163.0,BUKIT MERAH CENTRAL,4.0,3565.0,,150163,62713911.0,singhealthpolyclinics@singhealth.com.sg,
201200000680,EP11074,TLC SPEECH AND FEEDING CLINIC,EI,Early Intervention Programmes,557.0,BUKIT TIMAH ROAD,2.0,19.0,CROWN CENTRE,269694,92768202.0,yiyui.speech@gmail.com,
201200000679,SS20154385,SPECTACLE HUT,OS,Optical Shop,460.0,ALEXANDRA ROAD,1.0,28.0,ALEXANDRA RETAIL CENTRE,119963,62766617.0,shsar@singnet.com.sg,
201200000675,SS20154389,PEDIAOPTIX INTERNATIONAL PTE LTD,OS,Optical Shop,998.0,TOA PAYOH NORTH,1.0,11.0,,318993,67322473.0,pediaoptix@gmail.com,
201200000673,SS20154391,YES_EYEWEAR,OS,Optical Shop,,MARINA BOULEVARD,,8.0,MARINA BAY LINK MALL,18984,66341633.0,,
201200000672,SS20154392,TRENDY EYES PTE LTD,OS,Optical Shop,799.0,NEW UPPER CHANGI ROAD,,2.0,BEDOK POINT,467351,62412191.0,trendyeyes@hotmail.com,
201200000671,SS20154393,YSH OPTICAL SPECIALIST PTE LTD,OS,Optical Shop,50.0,EAST COAST ROAD,2.0,,ROXY SQUARE SHOPPING CENTRE,428769,63468822.0,shirley@ysh.sg,
201200000670,MCPH 0700114,KK OUTPATIENT PHARMACY,PH,Pharmacy,100.0,BUKIT TIMAH ROAD,,,,229899,63942463.0,janice.lim.ch@kkh.com.sg,
201200000669,SS20154395,WEST ISLAND OPTICAL CENTRE,OS,Optical Shop,932.0,YISHUN CENTRAL 1,1.0,91.0,,760932,62579883.0,,
201200000667,SS20154397,SPEX @ BISHAN PTE LTD,OS,Optical Shop,510.0,BISHAN STREET 13,1.0,520.0,,570510,63399950.0,spexbishan@gmail.com,
201200000665,SS20154399,EYE &  UR OPTICS,OS,Optical Shop,505.0,ANG MO KIO AVE 8,1.0,2680.0,,560505,65547078.0,,
201200000356,SS20154704,SPECTACLE HUT,OS,Optical Shop,180.0,KITCHENER ROAD,,8.0,CITY SQUARE MALL,208539,65096317.0,shsct@singnet.com.sg,
201200000354,SS20154706,SPECTACLE HUT,OS,Optical Shop,2.0,BAYFRONT AVENUE,,47.0,THE SHOPPES AT MARINA BAY SANDS,18972,66887717.0,baysands@spectaclehut.com.sg,
201200000352,SS20154708,SPECTACLE HUT,OS,Optical Shop,56.0,ANG MO KIO AVE 3,1.0,23.0,AMK HUB,569933,64567717.0,spexamk@singnet.com.sg,
201200000351,SS20154709,SPECTACLE HUT,OS,Optical Shop,6.0,RAFFLES BOULEVARD,2.0,150.0,MARINA SQUARE,39594,63377717.0,shsm3@signnet.com.sg,
201200000349,SS20154711,DE EYEWEAR,OS,Optical Shop,722.0,CLEMENTI WEST STREET 2,1.0,158.0,,120722,67797880.0,yiling_peh@yahoo.com.sg,
201200000348,SS20154712,IWEAR.COM,OS,Optical Shop,721.0,CLEMENTI WEST STREET 2,1.0,124.0,,120721,67771218.0,iwear@singnet.com,
201200000345,SS20154715,BUKIT BATOK OPTICS,OS,Optical Shop,159.0,BUKIT BATOK STREET 11,1.0,184.0,,650159,65671275.0,,
201200000344,SS20154716,SPECTACLE HUT,OS,Optical Shop,63.0,JURONG WEST CENTRAL 3,3.0,68.0,JURONG POINT,648331,63163717.0,spexjpoint@singnet.com.sg,
201200000343,SS20154717,SPECTACLE HUT,OS,Optical Shop,9.0,BISHAN PLACE,2.0,50.0,JUNCTION 8,579837,62596717.0,,
201200000342,SS20154718,KAI JOO OPTICS AND CONTACT LENS,OS,Optical Shop,845.0,GEYLANG ROAD,1.0,24.0,TANJONG KATONG COMPLEX,400845,67475110.0,kaihlee@hotmail.com,
201200000341,SS20154719,C2 OPTICS CENTRE,OS,Optical Shop,768.0,WOODLANDS AVE 6,1.0,19.0,WOODLANDS MART,730768,63642279.0,,
201200000340,SS20154720,ANCO OPTICS & CONTACT LENSES,OS,Optical Shop,,TAMPINES ST 21 AVE 2,1.0,1107.0,,352201,67811933.0,,
201200000339,SS20154721,NATION OPTICAL,OS,Optical Shop,629.0,ANG MO KIO AVE 4,1.0,1002.0,,560629,64564622.0,natopt@singnet.com.sg,
201200000338,SS20154722,TECK SEONG OPTICAL CO,OS,Optical Shop,2.0,EVERTON PARK,1.0,49.0,,81002,62218420.0,,
201200000337,AT201582,SADEAF HEARING CARE CENTRE ( SADEAF HCC),AT,Assistive Technology Device Providers,227.0,MOUNTBATTEBN ROAD,,,,397998,63448274.0,,
201200000043,PT9702,TWO BY TWO SCHOOLHOUSE,KN,Kindergarten,55.0,55 LOR L TELOK KURAU,3.0,61.0,BRIGHT CENTRE,425500,94248246.0,lianne@twobytwo.sg,
201200000042,9400653,HEALTHPLUS CLINIC & SURGERY,HC,Healthcare Institution,631.0,BEDOK RESERVOIR ROAD,1.0,898.0,,470631,64460529.0,dina_quek@yahoo.com,
201200000041,ST0092,PCF SPARKLETOTS PRESCHOOL @ QUEENSTOWN BLK 145 (CC),CC,Childcare Centre,145.0,MEI LING STREET,1.0,137.0,,140145,64716606.0,Norhayati.Mohd.Samsulhok@pcf.org.sg,
201200000040,12C0014,DR LEO ADULT & PAEDIATRIC EYE SPECIALIST PTE LTD,HC,Healthcare Institution,3.0,MOUNT ELIZABETH,10.0,4.0,MT ELIZABETH MEDICAL CENTRE,228510,67378366.0,info@drleoeyespecialist.com,
201200000038,ST0091,PCF SPARKLETOTS PRESCHOOL @ EUNOS BLK 620 (CC),CC,Childcare Centre,620.0,BEDOK RESERVOIR ROAD,1.0,1426.0,,470620,64490069.0,seok.kheng.yap@pcf.org.sg,
201200000035,NT0524,MY FIRST SKOOL,CC,Childcare Centre,,LORONG 7 TOA PAYOH,1.0,229.0,,311014,66349989.0,info@myfirstskool.com,
201200000034,12C0019,DENTAL FOCUS CHANGI CLINIC,HC,Healthcare Institution,58.0,CHANGI ROAD,,,,419711,63462513.0,urbandentalsg@gmail.com,
201200000033,9405373,TWINKLE FAMILY DENTALCARE PTE. LTD.,HC,Healthcare Institution,,TAMPINES STREET 21,1.0,1069.0,,522201,67892837.0,russvinci@gmail.com,
201200000026,11C0246,PHOENIX MEDICAL GROUP,HC,Healthcare Institution,1.0,SELETAR ROAD,2.0,11.0,GREENWICH V,807011,65553512.0,serenelee@phoenixmedical.sg,
201200000025,PT9606,ZULFA KINDERGARTEN @ PASIR RIS,KN,Kindergarten,626.0,PASIR RIS DRIVE 3,1.0,302.0,,510626,65827965.0,admin_pr@zulfa.edu.sg,
201000000241,9405715,Q & M DENTAL CENTRE (ORCHARD) PTE LTD,HC,Healthcare Institution,176.0,ORCHARD ROAD,3.0,,THE CENTREPOINT,238843,67322633.0,QANDM@QANDM.COM.SG,
201000000240,9405712,DR CHUA'S FAMILY CLINIC PTE. LTD.,HC,Healthcare Institution,638.0,JURONG WEST STREET 61,2.0,5.0,PIONEER MALL,640638,67928505.0,drchuakokkeong@yahoo.com.sg,
201000000238,9405672,Dr. Tan & Partners,HC,Healthcare Institution,11.0,UNITY STREET,2.0,7.0,ROBERTSON WALK,237995,62387810.0,kokkuantan@yahoo.com.sg,
201000000232,ST0047,PCF SPARKLETOTS PRESCHOOL @ MARSILING BLK 339 (CC),CC,Childcare Centre,339.0,WOODLANDS AVE 1,1.0,553.0,,730339,63641246.0,siti.rakinah.binte.abdul.malek@pcf.org.sg,
201000000234,ST0049,PCF SPARKLETOTS PRESCHOOL @ JURONG SPRING BLK 553 (CC),CC,Childcare Centre,553.0,JURONG WEST STREET 42,1.0,311.0,,640553,66651297.0,Suhartina.Buang@pcf.org.sg,
201000000235,ST0050,PCF SPARKLETOTS PRESCHOOL @ YUHUA BLK 233 (CC),CC,Childcare Centre,233.0,JURONG EAST STREET 21,1.0,410.0,,600233,65632562.0,Hwee.Lin.Lee@PCF.org.sg,
201000000237,ST0052,PCF SPARKLETOTS PRESCHOOL @ BUKIT TIMAH BLK 305 (CC),CC,Childcare Centre,305.0,CLEMENTI  AVENUE 4,1.0,399.0,,120305,67799108.0,Sumitra.Tiwari@pcf.org.sg,
201000000236,ST0051,PCF SPARKLETOTS PRESCHOOL @ YUHUA BLK 264 (CC),CC,Childcare Centre,264.0,JURONG EAST STREET 24,1.0,523.0,,600264,65632427.0,Rusnah.Binte.Ramat@pcf.org.sg,
201000000233,ST0048,PCF SPARKLETOTS PRESCHOOL @ JURONG CENTRAL BLK 404 (CC),CC,Childcare Centre,404.0,JURONG WEST STREET 42,1.0,575.0,,640404,65641912.0,Noorlinda.Buang@pcf.org.sg,
201000000231,ST0046,PCF SPARKLETOTS PRESCHOOL @ PAYA LEBAR BLK 221 (CC),CC,Childcare Centre,221.0,HOUGANG STREET 21,1.0,90.0,,530221,62816147.0,Kavitha.Panjarselon@PCF.Org.sg,
201000000230,ST0045,PCF SPARKLETOTS PRESCHOOL @ SENGKANG CENTRAL BLK 270 (CC),CC,Childcare Centre,270.0,SENGKANG CENTRAL,1.0,1.0,MULTI STOREY CAR PARK,540270,66349685.0,Grace.OngSB@PCF.org.sg,
201000000229,ST0044,PCF SPARKLETOTS PRESCHOOL @ KEBUN BARU BLK 180 (CC),CC,Childcare Centre,180.0,ANG MO KIO AVENUE 5,1.0,2948.0,,560180,65549509.0,Rachel.Suganya.David@PCF.org.sg,
201000000228,ST0043,PCF SPARKLETOTS PRESCHOOL @ MOULMEIN-CAIRNHILL BLK 50 (CC),CC,Childcare Centre,50.0,DORSET RD,1.0,132.0,,210050,62912844.0,Siti.Rose.Rosli@pcf.org.sg,
201000000226,ST0041,PCF SPARKLETOTS PRESCHOOL @ FENGSHAN BLK 115 (CC),CC,Childcare Centre,115.0,BEDOK NORTH ROAD,1.0,303.0,,460115,64430230.0,Norzaidah.Baski@pcf.org.sg,
201000000225,ST0040,PCF SPARKLETOTS PRESCHOOL @ WOODLANDS BLK 677 (CC),CC,Childcare Centre,677.0,WOODLANDS AVE 6,1.0,748.0,,730677,63665006.0,Rajeswarii.DO.Raghavan@pcf.org.sg,
201000000224,ST0039,PCF SPARKLETOTS PRESCHOOL @ BRADDELL HEIGHTS BLK 335 (CC),CC,Childcare Centre,335.0,SERANGOON AVENUE 3,1.0,335.0,,550335,62806922.0,Norhayati.Binte.Isnin@pcf.org.sg,
201000000223,ST0038,PCF SPARKLETOTS PRESCHOOL @ CHONG PANG BLK 288 (CC),CC,Childcare Centre,288.0,YISHUN AVE 6,1.0,46.0,,760288,67561170.0,ANJALAI.SHUNMUGAM@pcf.org.sg,
201200000662,SS20154402,NORTHERN OPTICIANS & OPTOMETRIST PTE LTD,OS,Optical Shop,1.0,JURONG WEST CENTRAL 2,2.0,,JURONG POINT SHOPPING CENTRE,648886,67949712.0,andrea@northernopticians.com,
201200000661,SS20154403,NORTHERN OPTICIANS PTE  LTD,OS,Optical Shop,238.0,THOMSON ROAD,2.0,,NOVENA VELOCITY SHOPPING CENTRE,307683,63526356.0,,
201200000660,SS20154404,NORTHERN OPTICIANS PTE LTD,OS,Optical Shop,290.0,ORCHARD ROAD,4.0,20.0,PARAGON SHOPPING CENTRE,238859,62351238.0,,
201200000659,SS20154405,NORTHERN OPTICIANS PTE LTD,OS,Optical Shop,1.0,JELEBU ROAD,2.0,,BUKIT PANJANG PLAZA,677743,67635981.0,andrea@northernopticians.com,
201200000658,SS20154406,V'SION CO. (EYECARE) PTE LTD,OS,Optical Shop,1.0,JELEBU ROAD,2.0,,BUKIT PANJANG PLAZA,677743,68922873.0,andrea@northernopticians.com,
201200000657,SS20154407,NORTHERN OPTICIANS & EYE CARE PTE LTD,OS,Optical Shop,2.0,TAMPINES CENTRAL 5,1.0,42.0,CENTURY SQUARE SHOPPING CENTRE,529509,67819390.0,,
201200000656,SS20154408,NORTHERN OPTICIANS & EYE CARE PTE LTD,OS,Optical Shop,23.0,SERANGOON CENTRAL,,55.0,NEX SHOPPING CENTRE,556083,66344338.0,,
201200000655,SS20154409,OPTIQUE PARIS MIKI (S) PTE LTD (LIANG COURT),OS,Optical Shop,177.0,RIVER VALLEY ROAD,,10.0,LIANG COURT COMPLEX,179030,63380636.0,denule@parismiki.com.sg,
201200000654,SS20154410,OPTIQUE PARIS MIKI (S) PTE LTD (PARKWAY PARADE),OS,Optical Shop,80.0,MARINE PARADE ROAD,,9.0,PARKWAY PARADE,449269,64475146.0,denule@parismiki.com.sg,
201200000652,SS20154412,OPTIQUE PARIS MIKI (S) PTE LTD (TAKASHIMAYA),OS,Optical Shop,391.0,ORCHARD ROAD,4.0,9.0,NGEE ANN CITY TAKASHIMAYA,238872,67375990.0,denule@parismiki.com.sg,
201200000651,SS20154413,OPTIQUE PARIS MIKI (S) PTE LTD (VIVO CITY),OS,Optical Shop,1.0,HARBOUR FRONT WALK,1.0,148.0,VIVO CITY,98585,63769100.0,denule@parismiki.com.sg,
201200000650,SS20154414,OPTIQUE PARIS MIKI (S) PTE LTD (BUGIS JUNCTION),OS,Optical Shop,200.0,VICTORIA STREET,3.0,7.0,BUGIS JUNCTION,188024,63376680.0,denule@parismiki.com.sg,
201200000649,SS20154415,OPTIQUE PARIS MIKI (S) PTE LTD (JUNCTION 8 S.C.),OS,Optical Shop,9.0,BISHAN PLACE,2.0,4.0,JUNCTION 8 SHOPPING CENTRE,579837,63532367.0,denule@parismiki.com.sg,
201200000647,SS20154417,OPTIQUE PARIS MIKI (S) PTE LTD (PLAZA SINGAPURA),OS,Optical Shop,68.0,ORCHARD ROAD,3.0,22.0,PLAZA SINGAPURA,238839,63389966.0,denule@parismiki.com.sg,
201200000646,SS20154418,OPTIQUE PARIS MIKI (S) PTE LTD (HOLLAND VILLAGE),OS,Optical Shop,211.0,HOLLAND AVE,2.0,,HOLLAND ROAD SHOPPING CENTRE,278967,64650213.0,denule@parismiki.com.sg,
201200000645,SS20154419,OPTIQUE PARIS MIKI (S) PTE LTD (TAMPINES 1),OS,Optical Shop,10.0,TAMPINES CENTRAL 1,,31.0,TAMPINES 1,529536,67860767.0,denule@parismiki.com.sg,
201200000644,MCPH1000082,KHOO TECK PUAT HOSPITAL PHARMACY,PH,Pharmacy,90.0,YISHUN CENTRAL,,,,768828,66022624.0,yong.pei.chean@alexandrahealth.com.sg,
201200000333,SS20154727,ASIA OPTICS AND CONTACT LENS CENTRE,OS,Optical Shop,190.0,TOA PAYOH LORONG 6,1.0,582.0,,310190,62584669.0,k9393gwk@singnet.com.sg,
201200000332,SS20154728,STRAITS CONTACT LENS & OPTICAL CENTRE,OS,Optical Shop,513.0,TAMPINES CENTRAL 1,1.0,166.0,,520513,67893328.0,dan_xter@yahoo.com.sg,
201200000325,SS20154735,BETTER VISION PTE LTD (VIVO CITY),OS,Optical Shop,1.0,HARBOURFRONT WALK,,4.0,VIVO CITY,98585,62734533.0,btvs009@bettervision.com.sg,
201200000324,SS20154736,BETTER VISION PTE LTD (NOVENA SQUARE),OS,Optical Shop,238.0,THOMSON ROAD,2.0,,NOVENA SQUARE,307683,62557295.0,BTVS007@bettervision.com.sg,
201200000323,SS20154737,BRIGHT OPTIQUE,OS,Optical Shop,848.0,YISHUN STREET 81,1.0,128.0,,760848,67593280.0,brightoptique@yahoo.com.sg,
201200000322,SS20154738,BETTER VISION PTE LTD (WEST MALL),OS,Optical Shop,1.0,BUKIT BATOK CENTRAL LINK,3.0,17.0,WEST MALL,658713,67944849.0,BTVS026@bettervision.com.sg,
201200000321,SS20154739,VZION OPTIQUE,OS,Optical Shop,53.0,ANG MO KIO AVENUE 3,2.0,16.0,AMK HUB,569933,65555888.0,info@vzion.com.sg,
201200000319,SS20154741,BETTER VISION PTE LTD (CAUSEWAY POINT),OS,Optical Shop,1.0,WOODLANDS SQUARE,2.0,17.0,CAUSEWAY POINT,738099,68939936.0,btvs006@bettervision.com.sg,
201200000318,SS20154742,BETTER VISION PTE LTD (TAMPINES MALL),OS,Optical Shop,4.0,TAMPINES CENTRAL 5,2.0,30.0,TAMPINES MALL,529510,67841978.0,btvs005@bettervision.com.sg,
201200000317,SS20154743,BETTER VISION PTE LTD (NORTHPOINT),OS,Optical Shop,930.0,YISHUN AVE 2,,34.0,NORTHPOINT,769098,67541358.0,btvs003@bettervision.com.sg,
201200000316,SS20154744,BETTER VISION PTE LTD (RAFFLES PLACE),OS,Optical Shop,5.0,RAFFLES PLACE,,,RAFFLES PLACE MRT,58618,65340216.0,Benny.Chong@bettervision.com.sg,
201200000315,SS20154745,EYELINK PTE LTD,OS,Optical Shop,2.0,TAMPINES CENTRAL 5,3.0,27.0,,519509,67841336.0,,
201200000314,SS20154746,EYEMASTER PTE LTD,OS,Optical Shop,154.0,WEST COAST ROAD,1.0,44.0,WEST COAST PLAZA,127371,67746080.0,hewyy2002@yahoo.com.sg,
201200000313,SS20154747,EYE ZONE ESTEEM OPTICAL PTE LTD,OS,Optical Shop,301.0,WOODLANDS ST 31,1.0,259.0,,730301,63686637.0,ez_optical@singnet.com.sg,
201200000024,RC1877,ST. JAMES' CHURCH KINDERGARTEN,KN,Kindergarten,1.0,LEEDON ROAD,,,ST. JAMES CHURCH,267828,97459577.0,clara@sjck.org.sg,
201200000023,12C0243,THE ORAL CARE CENTRE,HC,Healthcare Institution,10.0,SINARAN DRIVE,10.0,,NOVENA MEDICAL CENTER,307506,63976990.0,enquiry@theoralcarecentre.com.sg,
201200000022,ST0090,PCF SPARKLETOTS PRESCHOOL @ BISHAN NORTH BLK 219 (CC),CC,Childcare Centre,219.0,BISHAN STREET 23,1.0,277.0,,570219,65549094.0,Julie.Pereira@pcf.org.sg,
201200000020,PT8822,CHILDFIRST@DUNEARN PTE. LTD.,CC,Childcare Centre,896.0,DUNEARN ROAD,4.0,2.0,SIME DARBY CENTRE,589472,64694466.0,CONTACTUS@CHILDFIRST.COM.SG,
201200000019,ST0089,PCF SPARKLETOTS PRESCHOOL @ SENGKANG CENTRAL BLK 298B (CC),CC,Childcare Centre,,COMPASSVALE STREET,1.0,164.0,,542298,63843554.0,Tai.Meei.Huey@pcf.org.sg,
201200000016,PT8820,PAT'S SCHOOLHOUSE PTE. LTD.,CC,Childcare Centre,19.0,AROOZOO AVENUE,,,PAYA LEBAR SWIMMING COMPLEX,539830,86682512.0,NorkhamaliaRadzuan@patschoolhouse.com,
201200000014,PT8819,AMERICARE CHILD DEVELOPMENT CENTRE,CC,Childcare Centre,541.0,GEYLANG ROAD,2.0,1.0,,389496,63444424.0,S_RIDUAN@HOTMAIL.COM,
201200000013,PT8818,ACE@WORK CHILDCARE PTE LTD,CC,Childcare Centre,105.0,CASHEW ROAD,1.0,1.0,CASHEW HEIGHTS CONDOMINIUM,679675,96927778.0,EMAILACE@SINGNET.COM.SG,
201200000012,PT8817,APRICOT ACADEMY (LAGUNA) PTE. LTD.,CC,Childcare Centre,,MARINE PARADE ROAD,1.0,28.0,LAGUNA PARK,449290,62459928.0,sylvia@apricotacademy.com,
201200000009,PT8814,SAFARI HOUSE PRESCHOOL JURONG,CC,Childcare Centre,2.0,INTERNATIONAL BUSINESS PARK,1.0,8.0,"STRATEGY, THE",609930,68968773.0,IBP@ZOO-PHONICS.COM.SG,
201200000008,11C0229,THOMSON PAEDIATRIC CENTRE,HC,Healthcare Institution,80.0,MARINE PARADE ROAD,5.0,13.0,PARKWAY PARADE,449269,66363808.0,tpc_katong@thomsonmedical.com,
201200000007,11C0245,FRONTIER MEDICAL ASSOCIATES,HC,Healthcare Institution,51.0,HAVELOCK ROAD,1.0,2.0,MULTI STOREY CAR PARK,161051,66843770.0,admin@frontierhealthcare.com.sg,
201200000005,RC1750,PPIS CHILD DEVELOPMENT CENTRE - JURONG,CC,Childcare Centre,826.0,JURONG WEST STREET 81,1.0,430.0,,640826,67926047.0,ainun.mdlahab@ppis.sg,
201000000221,ST0036,PCF SPARKLETOTS PRESCHOOL @ TAMPINES-CHANGKAT BLK 273 (CC),CC,Childcare Centre,273.0,TAMPINES STREET 22,1.0,60.0,,520273,67848001.0,Selene.Neo@PCF.org.sg,
201000000220,ST0035,PCF SPARKLETOTS PRESCHOOL @ KEAT HONG BLK 287 (CC),CC,Childcare Centre,287.0,CHOA CHU KANG AVENUE 2,1.0,199.0,,680287,67693324.0,Norlia.Mohamed.Saad@pcf.org.sg,
201000000216,ST0031,PCF SPARKLETOTS PRESCHOOL @ TELOK BLANGAH BLK 44 (CC),CC,Childcare Centre,44.0,TELOK BLANGAH DRIVE,1.0,19.0,,100044,62704688.0,Choo.Sir.Mori@pcf.org.sg,
201000000213,ST0028,PCF SPARKLETOTS PRESCHOOL @ BUKIT BATOK BLK 118 (CC),CC,Childcare Centre,118.0,BUKIT BATOK WEST AVENUE 6,1.0,270.0,,650118,65674574.0,Rajminderpal.Kaur.Mehars@PCF.org.sg,
201000000218,ST0033,PCF SPARKLETOTS PRESCHOOL @ QUEENSTOWN BLK 365 (CC),CC,Childcare Centre,365.0,COMMONWEALTH AVENUE,,,QUEENSTOWN COMMUNITY CENTRE,149732,64742045.0,Seow.Hoon.Goh@PCF.org.sg,
201000000217,ST0032,PCF SPARKLETOTS PRESCHOOL @ TAMPINES-CHANGKAT BLK 112 (CC),CC,Childcare Centre,112.0,TAMPINES STREET 11,1.0,185.0,,521112,67871130.0,Kasmiah.Kassim@PCF.ORG.SG,
201000000212,ST0027,3-IN-1 FAMILY CENTRE,CC,Childcare Centre,205.0,TAMPINES STREET 21,1.0,1281.0,,520205,62606363.0,Rohayah.Misran@PCF.org.sg,
201000000215,ST0030,PCF SPARKLETOTS PRESCHOOL @ HONG KAH NORTH BLK 419 (CC),CC,Childcare Centre,419.0,BUKIT BATOK WEST AVENUE 2,1.0,225.0,,650419,65665185.0,Noorlinda.Mohamed.Yatim@pcf.org.sg,
201000000214,ST0029,PCF SPARKLETOTS PRESCHOOL @ KEAT HONG BLK 448 (CC),CC,Childcare Centre,448.0,CHOA CHU KANG AVE 4,1.0,285.0,,680448,67624336.0,Chan.Chui.Fun@pcf.org.sg,
201000000211,ST0026,PCF SPARKLETOTS PRESCHOOL @ NEE SOON SOUTH BLK 723 (CC),CC,Childcare Centre,723.0,YISHUN STREET 71,1.0,157.0,,760723,67560735.0,Kar.Hui.Joyling.Leow@pcf.org.sg,
201000000210,ST0025,PCF SPARKLETOTS PRESCHOOL @ FENGSHAN BLK 76 (CC),CC,Childcare Centre,76.0,BEDOK NORTH ROAD,1.0,178.0,,460076,62420326.0,NorAini.Muhimin@pcf.org.sg,
201000000208,ST0023,PCF SPARKLETOTS PRESCHOOL @ QUEENSTOWN BLK 46 (CC),CC,Childcare Centre,46.0,TANGLIN HALT RD,1.0,289.0,,142046,64740931.0,Tan.Sow.Wah@pcf.org.sg,
201000000207,ST0022,PCF SPARKLETOTS PRESCHOOL @ CHONG PANG BLK 142 (CC),CC,Childcare Centre,142.0,YISHUN RING ROAD,1.0,38.0,,760142,62576300.0,Siti.Nur.Hannah.Kadir@pcf.org.sg,
201000000206,ST0021,PCF SPARKLETOTS PRESCHOOL @ NANYANG BLK 922 (CC),CC,Childcare Centre,922.0,JURONG WEST STREET 92,1.0,39.0,,640922,67944902.0,Noorhayati.Zahari@pcf.org.sg,
201000000204,ST0019,PCF SPARKLETOTS PRESCHOOL @ NEE SOON SOUTH BLK 781 (CC),CC,Childcare Centre,781.0,YISHUN RING ROAD,1.0,3552.0,,760781,67589641.0,Chow.Mun.Mooi@pcf.org.sg,
201200000642,SS20154421,DE VISUAL EYEWEAR,OS,Optical Shop,253.0,SERANGOON CENTRAL,1.0,231.0,,550253,64547515.0,enquiries@devisual.com.sg,
201200000641,SS20154422,DE VISUAL EYEWEAR,OS,Optical Shop,631.0,ANG  MO KIO AVENUE 6,1.0,934.0,,560631,64547515.0,enquiries@devisual.com.sg,
201200000639,RC1751,KIDZ MEADOW CHILDCARE & DEVELOPMENT CENTRE,CC,Childcare Centre,,BUANGKOK CRESCENT,1.0,88.0,,533986,65701560.0,buangkokridge.chc@merculearning.com,
201200000638,PT8859,SUNFLOWER PRESCHOOL @ PASIR RIS PTE. LTD.,CC,Childcare Centre,472.0,PASIR RIS DRIVE 6,1.0,464.0,,510472,65820700.0,sarina@sunflowerkid.com,
201200000637,PT8858,SUNFLOWER PRESCHOOL @ PUNGGOL FIELD WALK PTE. LTD.,CC,Childcare Centre,,PUNGGOL FIELD WALK,1.0,323.0,,824128,63159540.0,jegatheswarysr@gmail.com,
201200000636,PT8857,SUNFLOWER PRESCHOOL @ PUNGGOL FIELD PTE. LTD.,CC,Childcare Centre,,PUNGGOL FIELD,1.0,270.0,,824201,63438358.0,pf-estherleong@sunflowerkid.com,
201200000634,PT8855,MY KIDDIE KLUBHOUSE PTE LTD,CC,Childcare Centre,19.0,JALAN SINGA,,,,418106,67429870.0,mykiddieklubhouse@gmail.com,
201200000640,ST0105,PCF SPARKLETOTS PRESCHOOL @ HONG KAH NORTH BLK 748 (CC),CC,Childcare Centre,748.0,JURONG WEST STREET 73,1.0,125.0,,640748,67923281.0,Parveen.Kaur@pcf.org.sg,
201200000630,SS20154433,DE VISUAL EYEWEAR,OS,Optical Shop,332.0,ANG MO KIO AVE 1,1.0,1887.0,,560332,64547515.0,,
201200000629,SS20154434,CHIN & CHIN WATCH & OPTICAL,OS,Optical Shop,,TAMPINES ST 23,1.0,80.0,,527201,67837669.0,,
201200000628,SS20154435,THE EYECARE INITIATIVE PTE LTD,OS,Optical Shop,148.0,POTONG PASIR AVENUE 1,1.0,51.0,,350148,62882013.0,tongken@live.com,
201200000627,12C0126,PROHEALTH MEDICAL GROUP @ PUNGGOL DAMAI PTE LTD,HC,Healthcare Institution,612.0,PUNGGOL DRIVE,1.0,5.0,MULTI STOREY CAR PARK,820612,65091580.0,,
201200000626,SS20154437,EYE GEN PTE LTD,OS,Optical Shop,153.0,SERANGOON NORTH AVENUE 1,1.0,528.0,,550153,62828251.0,,
201200000624,SS20154439,THE EYECARE INITIATIVE - OPTICAL PTE LTD,OS,Optical Shop,827.0,TAMPINES STREET 81,1.0,146.0,,520827,67812388.0,eyeinitiative@teci.com.sg,
201200000623,SS20154440,OPTICS PREMIER PTE LTD,OS,Optical Shop,,176 ORCHARD ROAD,3.0,13.0,CENTREPOINT,238843,67331919.0,opremier@singnet.com.sg,
201200000311,SS20154749,GRAND OPTICAL & CONTACT LENS PTE LTD,OS,Optical Shop,131.0,JURONG GATEWAY ROAD,1.0,245.0,,600131,65696962.0,,
201200000309,SS20154751,GRAND OPTICAL & CONTACT LENS PTE LTD,OS,Optical Shop,633.0,BUKIT BATOK CENTRAL,1.0,124.0,,650633,65671101.0,,
201200000307,SS20154753,BRIGHT OPTIQUE,OS,Optical Shop,21.0,CHOA CHU KANG NORTH 6,,31.0,,689578,68750131.0,brightoptique@yahoo.com.sg,
201200000306,SS20154754,ICU EYE CARE UNIT,OS,Optical Shop,16.0,COLLYER QUAY,2.0,4.0,,49418,65324567.0,icu@pacific.net.sg,
201200000305,SS20154755,GRAND OPTICAL & CONTACT LENS PTE LTD,OS,Optical Shop,190.0,TOA PAYOH CENTRAL,1.0,568.0,,310190,62583447.0,,
201200000304,9404201,RADIANCE DENTAL CARE @ DAWSON,HC,Healthcare Institution,57.0,DAWSON ROAD,2.0,,DAWSON PLACE,142057,98486070.0,radiance.dentalcare@gmail.com,
201200000303,SS20154757,JEN JEN OPTICAL WATCH & CONTACT LENS CENTRE,OS,Optical Shop,160.0,YISHUN STREET 11,1.0,202.0,,760160,67581737.0,hewdennis@yahoo.com,
201200000302,SS20154758,DYNASTY OPTICS,OS,Optical Shop,756.0,UPPER SERANGOON ROAD,2.0,47.0,UPPER SERANGOON SHOPPING CENTRE,534626,62845045.0,,
201200000301,SS20154759,KLEARER VISION,OS,Optical Shop,214.0,BEDOK NORTH STREET 1,1.0,177.0,,460214,62453835.0,,
201200000300,SS20154760,MING MING OPTICAL CO,OS,Optical Shop,1.0,JALAN ANAK BUKIT,1.0,5.0,BUKIT TIMAH PLAZA,588996,64664455.0,mingmingoptical@me.com,
201200000299,SS20154761,YI SPECS PTE LTD,OS,Optical Shop,168.0,PUNGGOL FIELD,1.0,6.0,PUNGGOL PLAZA,820168,63439185.0,yispecs@singnet.com.sg,
201200000298,SS20154762,EYE LAB,OS,Optical Shop,186.0,TOA PAYOH CENTRAL,1.0,436.0,,310186,63583556.0,eyelab_cx@yahoo.com.sg,
201200000297,PH01789,GREEN APPLE PHARMACY,PH,Pharmacy,491.0,RIVER VALLEY ROAD,1.0,9.0,VALLEY POINT SHOPPING CENTRE,248371,63364698.0,greenapplepharmacy@hotmail.com,
201200000296,SS20154764,SINTAT OPTICAL CENTRE,OS,Optical Shop,865.0,MOUNTBATTEN ROAD,,76.0,KATONG SHOPPING CENTRE,437844,63453803.0,lindateo75@hotmail.com,
201200000295,SS20154765,PEARL'S OPTICS PTE LTD,OS,Optical Shop,63.0,JURONG WEST CENTRAL 3,1.0,10.0,JURONG POINT,648331,67943668.0,pearljurong@gmail.com,
201200000294,PH01727,ALCHEMY PHARMACY,PH,Pharmacy,258.0,PASIR RIS ST 21,1.0,319.0,LOYANG POINT,510258,65828646.0,alchemypharm@hotmail.com,
201200000293,SS20154767,RAINBOW OPTICS,OS,Optical Shop,101.0,YISHUN AVE 5,1.0,71.0,,760101,67598716.0,,
201200000292,SS20154768,KOOLOOK PTE LTD,OS,Optical Shop,1.0,PASIR RIS CENTRAL ST 3,,18.0,WHITESANDS,658542,65854250.0,,
201200000006,ST0086,PCF SPARKLETOTS PRESCHOOL @ KEAT HONG BLK 435 (CC),CC,Childcare Centre,435.0,CHOA CHU KANG AVENUE 4,1.0,513.0,,680435,67661283.0,Povanasvari.Meande@pcf.org.sg,
201200000003,ST0087,PCF SPARKLETOTS PRESCHOOL @ JURONG CENTRAL BLK 403 (CC),CC,Childcare Centre,403.0,JURONG WEST STREET 42,1.0,559.0,,640403,65631573.0,Nalini.Sivaperumal@pcf.org.sg,
201100000233,PT8810,SWEETLANDS CHILDCARE JW 484 PTE. LTD.,CC,Childcare Centre,484.0,JURONG WEST AVENUE 1,1.0,93.0,,640484,65611305.0,sweetlandsjw484@gmail.com,
201100000232,PT8811,JUST KIDS @ CHOA CHU KANG PTE. LTD.,CC,Childcare Centre,253.0,CHOA CHU KANG AVENUE 1,1.0,11.0,KEAT HONG SHOPPING CENTRE,680253,68779983.0,cck@justkids.com.sg,
201100000231,PT8809,HUDA CHILDCARE PTE. LTD.,CC,Childcare Centre,11.0,WOODLANDS CLOSE,1.0,13.0,WOODLANDS11,737853,63651330.0,ssam97@hotmail.com,
201100000230,ST0085,PCF SPARKLETOTS PRESCHOOL @ PUNGGOL EAST BLK 123A (CC),CC,Childcare Centre,,RIVERVALE DRIVE,1.0,133.0,,541123,63857855.0,Lim.Wei.Ni@pcf.org.sg,
201100000229,PT8808,HOUSE ON THE HILL PTE LTD,CC,Childcare Centre,33.0,MOUNT SOPHIA,,,SOPHIA HILLS,228481,63374635.0,mountsophia@houseonthehill.com.sg,
201100000228,PT8807,KIDSKINGDOM @ BEDOK RESERVOIR LLP,CC,Childcare Centre,742.0,BEDOK RESERVOIR ROAD,1.0,3131.0,,470742,62475036.0,sitihalimah@kidskingdom.edu.sg,
201100000223,9405753,DENTAL FOCUS EUNOS CLINIC,HC,Healthcare Institution,,EUNOS CRESCENT,1.0,2439.0,,401002,68415166.0,,
201100000222,9405315,SIMS DRIVE MEDICAL CLINIC,HC,Healthcare Institution,53.0,SIMS PLACE,1.0,174.0,,380053,67411607.0,limcc@singnet.com.sg,
201100000221,9405606,SHENTON FAMILY MEDICAL CLINIC,HC,Healthcare Institution,1.0,CANTONMENT ROAD,1.0,2.0,PINNACLE@DUXTON,80001,65095260.0,,
201100000220,11C0201,ACCORD MEDICAL CLINIC,HC,Healthcare Institution,325.0,UBI AVENUE 1,1.0,701.0,,400325,68441528.0,karvna@hotmail.com,
201100000219,9405106,DENTAL FOCUS AMK 339 CLINIC,HC,Healthcare Institution,339.0,ANG MO KIO AVENUE 1,1.0,1589.0,,560339,65544047.0,,
201000000205,ST0020,PCF SPARKLETOTS PRESCHOOL @ NEE SOON EAST BLK 357 (EY),CC,Childcare Centre,357.0,YISHUN RING ROAD,1.0,1850.0,,760357,67564693.0,vimala.devi.do.marimuthu@pcf.org.sg,
201000000196,ST0010,PCF SPARKLETOTS PRESCHOOL @ CHUA CHU KANG BLK 3 (CC),CC,Childcare Centre,3.0,TECK WHYE AVENUE,1.0,168.0,,680003,67623794.0,nur.hafizah.hashim@pcf.org.sg,
201000000197,ST0011,PCF SPARKLETOTS PRESCHOOL @ TAMPINES WEST BLK 942 (CC),CC,Childcare Centre,942.0,TAMPINES AVENUE 5,1.0,251.0,,520942,67849448.0,nurwahidah.aman@pcf.org.sg,
201000000203,ST0017,PCF SPARKLETOTS PRESCHOOL @ PASIR RIS EAST BLK 412 (CC),CC,Childcare Centre,412.0,PASIR RIS DRIVE 6,1.0,373.0,,510412,65813084.0,Sahida.Sultanali@pcf.org.sg,
201000000199,ST0013,PCF SPARKLETOTS PRESCHOOL @ PASIR RIS WEST BLK 650 (CC),CC,Childcare Centre,650.0,PASIR RIS DRIVE 10,1.0,66.0,,510650,65853071.0,Jia.En.Jessica.Tan@pcf.org.sg,
201000000200,ST0014,PCF SPARKLETOTS PRESCHOOL @ ADMIRALTY BLK 585 (CC),CC,Childcare Centre,585.0,WOODLANDS DRIVE 16,1.0,68.0,,730585,64687724.0,Vijaya.Rachel.Visvanathan@PCF.org.sg,
201000000201,ST0015,PCF SPARKLETOTS PRESCHOOL @ EUNOS BLK 134 (CC),CC,Childcare Centre,134.0,BEDOK RESERVOIR ROAD,1.0,1235.0,,470134,67460726.0,Lay.Suan.Pauline.Neo@pcf.org.sg,
201000000202,ST0016,PCF SPARKLETOTS PRESCHOOL @ JALAN KAYU BLK 517 (CC),CC,Childcare Centre,517.0,SERANGOON NORTH AVENUE 4,1.0,236.0,,550517,64830193.0,ZeetaV.Hanson@pcf.org.sg,
201000000198,ST0012,PCF SPARKLETOTS PRESCHOOL @ HONG KAH NORTH BLK 345 (CC),CC,Childcare Centre,345.0,BUKIT BATOK STREET 34,,,,650345,64250721.0,Tan.Peck.Hoon@pcf.org.sg,
201000000194,ST0008,PCF SPARKLETOTS PRESCHOOL @ PUNGGOL EAST BLK 194 (CC),CC,Childcare Centre,194.0,RIVERVALE DRIVE,1.0,771.0,,540194,63120175.0,norafizah.rahman@pcf.org.sg,
201000000195,ST0009,HAMPTON PRE-SCHOOL,CC,Childcare Centre,178.0,BISHAN STREET 13,1.0,215.0,,570178,62586209.0,norijah.ali@hampton.edu.sg,
201000000193,ST0007,PCF SPARKLETOTS PRESCHOOL @ KAMPONG CHAI CHEE BLK 131 (CC),CC,Childcare Centre,131.0,BEDOK NORTH AVENUE 3,1.0,118.0,,460131,62426012.0,yoke.yin.chia@pcf.org.sg,
201000000192,ST0006,PCF SPARKLETOTS PRESCHOOL @ CASHEW BLK 183 (CC),CC,Childcare Centre,183.0,JELEBU ROAD,1.0,38.0,,670183,67676046.0,Maimon.Bte.Sopan@pcf.org.sg,
201000000191,ST0005,PCF SPARKLETOTS PRESCHOOL @ WOODGROVE BLK 894D (CC),CC,Childcare Centre,,WOODLANDS DRIVE 50,1.0,19.0,,732894,63657293.0,salmiah.mohamed@pcf.org.sg,
201000000190,ST0004,PCF SPARKLETOTS PRESCHOOL @ BUKIT GOMBAK BLK 395A (CC),CC,Childcare Centre,,BUKIT BATOK WEST AVENUE 5,5.0,1.0,,651395,68967110.0,Nortijah.Begum.Khan.Mohd@pcf.org.sg,
201000000189,ST0003,PCF SPARKLETOTS PRESCHOOL @ FENGSHAN BLK 184 (CC),CC,Childcare Centre,184.0,BEDOK NORTH ROAD,1.0,1.0,,460184,62429044.0,Siew.Kim.Hong@pcf.org.sg,
201000000188,ST0002,PCF SPARKLETOTS PRESCHOOL @ KEBUN BARU BLK 109 (CC),CC,Childcare Centre,109.0,ANG MO KIO AVENUE 4,1.0,28.0,,560109,64572579.0,kebun.baru@pcf.org.sg,
201200000622,SS20154441,THE EYE SITE PTE LTD,OS,Optical Shop,80.0,MARINE PARADE ROAD,,,PARKWAY PARADE,449269,63486670.0,eyesite@theeyesite.com,
201200000620,SS20154443,THE LENS MEN PTE LTD,OS,Optical Shop,1.0,SENGKANG SQUARE,2.0,14.0,COMPASS POINT,545078,63159159.0,lensmencp@thelensmen.com,
201200000619,SS20154444,THE LENS MEN PTE LTD,OS,Optical Shop,80.0,MARINE PARADE ROAD,,,PARKWAY PARADE,449269,63480439.0,lensmenpwp@thelensmen.com,
201200000618,SS20154445,FACE OPTICS,OS,Optical Shop,746.0,BEDOK RESERVOIR ROAD,1.0,3001.0,,470746,64489762.0,,
201200000617,SS20154446,Y2K OPTICS,OS,Optical Shop,548.0,WOODLANDS DRIVE 44,1.0,5.0,VISTA POINT,730548,68947757.0,,
201200000616,12C0119,ACCESS MEDICAL BEDOK SOUTH,HC,Healthcare Institution,59.0,NEW UPPER CHANGI ROAD,1.0,1268.0,,461059,64453100.0,betterhealth@accessmedical.com.sg,
201200000615,SS20154448,AZPEC OPTICS,OS,Optical Shop,762.0,JURONG WEST ST 75,1.0,274.0,,640762,68616686.0,bovinng@yahoo.com,
201200000614,SS20154449,LENZ EMPIRE,OS,Optical Shop,762.0,JURONG WEST ST 75,2.0,,,640762,67912381.0,bovinng@yahoo.com,
201200000613,SS20154450,WISELAND CONTACT LENS AND OPTICAL CENTRE,OS,Optical Shop,133.0,JURONG GATEWAY ROAD,1.0,293.0,,600133,65616586.0,wisealfred@hotmail.com,
201200000612,SS20154451,JUSTEYES,OS,Optical Shop,10.0,ANSON ROAD,2.0,50.0,INTERNATIONAL PLAZA,79903,63338021.0,kenne.justeyes@gmail.com,
201200000611,SS20154452,ADMIRALTY OPTICAL PTE. LTD.,OS,Optical Shop,,WOODLANDS AVE 6,1.0,8.0,,731678,68930453.0,dingsien@ymail.com,
201200000610,SS20154453,EYEGLASS POINT,OS,Optical Shop,152.0,SERANGOON NORTH AVE 1,1.0,302.0,,550152,62880668.0,,
201200000608,SS20154454,I-FRAME OPTICS,OS,Optical Shop,,REDHILL ROAD,1.0,98.0,,154075,64741828.0,,
201200000607,SS20154455,OPTICS TODAY,OS,Optical Shop,1.0,QUEENSWAY,1.0,51.0,QUEENSWAY SHOPPING CENTRE,149053,64796681.0,,
201200000606,ST0104,PCF SPARKLETOTS PRESCHOOL @ KEMBANGAN CHAI CHEE BLK 32 (CC),CC,Childcare Centre,32.0,CHAI CHEE AVENUE,1.0,222.0,,461032,64450945.0,Chooi.Khum.Kee@pcf.org.sg,
201200000605,SS20154457,NATION OPTICAL,OS,Optical Shop,633.0,BUKIT BATOK CENTRAL,1.0,126.0,,650633,65625929.0,natopt@singnet.com.sg,
201200000604,SS20154458,I-PLACE OPTICS PTE LTD,OS,Optical Shop,103.0,YISHUN RING ROAD,1.0,57.0,,760103,68532282.0,iplaceopt@yahoo.com,
201200000603,SS20154459,RADIANT OPTIC & CONTACT LENS CENTRE,OS,Optical Shop,163.0,BUKIT MERAH CENTRAL,2.0,,,150163,62718087.0,bayechung@yahoo.com.sg,
201200000602,SS20154460,C.K. OPTICIANS PTE LTD,OS,Optical Shop,177.0,TOA PAYOH CENTRAL,1.0,108.0,,310177,68582779.0,ckoptician@hotmail.com,
201200000598,PT8853,LI'L EINSTEINS EARLY LEARNING CENTRE PTE. LTD.,CC,Childcare Centre,15.0,JALAN CHERPEN,,,SEMBAWANG SPRINGS ESTATE,769922,62579424.0,kasthuri@rocketmail.com,
201200000291,SS20154769,KOOLOOK PTE LTD,OS,Optical Shop,9.0,BISHAN PLACE,1.0,16.0,JUNCTION 8 SHOPPING CENTRE,579837,63544520.0,,
201200000289,SS20154771,VISIOR OPTICS PTE LTD,OS,Optical Shop,463.0,JURONG WEST STREET 41,1.0,562.0,,640463,65622796.0,xuejing233@yahoo.com,
201200000288,SS20154772,CANTAT OPTICAL CO,OS,Optical Shop,59.0,NEW UPPER CHANGI ROAD,1.0,1286.0,,491059,62418227.0,,
201200000287,SS20154773,KOOLOOK PTE LTD,OS,Optical Shop,180.0,KITCHENER ROAD,1.0,36.0,CITY SQUARE MALL,208539,65099398.0,,
201200000285,SS20154775,UNIVERSAL OPTICAL PTE LTD,OS,Optical Shop,2.0,TAMPINES CENTRAL 5,1.0,30.0,CENTURY SQUARE SHOPPING CENTRE,529509,67881384.0,universalopt2002@singnet.com.sg,
201200000284,AT201583,REHAB MART HOMECARE,AT,Assistive Technology Device Providers,23.0,TAGORE LANE,4.0,19.0,TAGORE 23 WAREHOUSE,787601,62500555.0,mail@rehabmart.sg,
201200000283,SS20154777,ALEXIS EYEWEAR (OPTICAL) BOUTIQUE (NGEE ANN ),OS,Optical Shop,,ORCHARD ROAD,,35.0,NGEE ANN CITY,238874,67351697.0,,
201200000282,SS20154778,NEW ASIA OPTICAL CO,OS,Optical Shop,221.0,BOON LAY SHOPPING CENTRE,2.0,148.0,,640221,62682167.0,NEWASIAO@SINGNET.COM.SG,
201200000281,SS20154779,ALEXIS EYEWEAR (OPTICAL) BOUTIQUE (PARAGON),OS,Optical Shop,290.0,ORCHARD ROAD,2.0,20.0,PARAGON,238859,67372908.0,,
201200000280,SS20154780,NANYANG OPTICAL CO. PTE LTD (CLEMENTI MALL),OS,Optical Shop,3155.0,COMMONWEALTH AVE WEST,4.0,43.0,,129588,66591502.0,,
201200000277,SS20154783,NANYANG OPTICAL CO. PTE LTD (NEX),OS,Optical Shop,23.0,SERANGOON CENTRAL,,64.0,NEX,556083,66344912.0,,
201200000276,SS20154784,NANYANG OPTICAL CO. PTE LTD (COMPASS POINT),OS,Optical Shop,1.0,SENGKANG SQUARE,2.0,25.0,COMPASS POINT,545078,63159057.0,irene.ooi@nanyang.com.sg,
201200000275,SS20154785,NANYANG OPTICAL CO. PTE LTD (KOVAN),OS,Optical Shop,205.0,HOUGANG ST 21,1.0,,,530205,62814003.0,,
201200000274,SS20154786,NANYANG OPTICAL CO. PTE LTD (WHITE SANDS),OS,Optical Shop,1.0,PASIR RIS CENTRAL ST 3,1.0,,WHITE SANDS,518457,65851291.0,irene.ooi@nanyang.com.sg,
201200000273,SS20154787,FRAMEWERKS OPTICAL PTE LTD,OS,Optical Shop,824.0,TAMPINES ST 81,1.0,34.0,,520824,67893273.0,gveyoon@singnet.com.sg,
201200000272,SS20154788,PEARL'S VISIONCARE PTE LTD,OS,Optical Shop,799.0,NEW UPPER CHANGI ROAD,,31.0,BEDOK POINT,467351,64458287.0,,
201200000271,SS20154789,EYE ZONE EXPRESS OPTICAL PTE LTD,OS,Optical Shop,213.0,BEDOK CENTRAL,1.0,127.0,,460213,62417445.0,ez_express@singnet.com.sg,
201200000270,SS20154790,RESIDENTS OPTICAL,OS,Optical Shop,965.0,JURONG WEST ST 93,1.0,209.0,,640965,67916136.0,,
201100000214,ST0327,PCF SPARKLETOTS PRESCHOOL @ ZHENGHUA BLK 455A (KN),KN,Kindergarten,,SEGAR ROAD,1.0,1.0,,671455,66848755.0,Toh.Sor.Yi@pcf.org.sg,
201100000213,KG1482,PCF SPARKLETOTS PRESCHOOL @ SENGKANG WEST BLK 443 (KN),KN,Kindergarten,443.0,FERNVALE ROAD,1.0,411.0,,790443,66366816.0,Johana.Christopher@pcf.org.sg,
201100000211,9403608,AARON DENTALCARE,HC,Healthcare Institution,110.0,ROBINSON ROAD,1.0,0.0,,68901,62207853.0,chermel.wong@healthwaymedical.com,
201100000209,9402493,AARON SEOW DENTAL SURGERY,HC,Healthcare Institution,43.0,HOLLAND DRIVE,1.0,49.0,,270043,67774333.0,chermel.wong@healthwaymedical.com,
201100000206,9400102,BEDOK CLINIC & SURGERY(FAMILY MEDICAL CENTRE),HC,Healthcare Institution,17.0,BEDOK SOUTH RD,1.0,565.0,,460017,62410943.0,healthgp@singnet.com.sg,
201100000204,ST0084,PCF SPARKLETOTS PRESCHOOL @ KEMBANGAN CHAI CHEE BLK 341 (CC),CC,Childcare Centre,341.0,UBI AVENUE 1,1.0,915.0,,400341,67441291.0,Moreen.Kassim@pcf.org.sg,
201100000201,PT8804,CHERIE HEARTS PRESCHOOL & EARLY DEVELOPMENT CENTRE PTE. LTD.,CC,Childcare Centre,3.0,HARBOURFRONT PLACE,2.0,1.0,HARBOURFRONT TOWER TWO,99254,62710072.0,susan.yeng@cheriehearts.com.sg,
201100000202,PT8805,IMAN CHILDCARE ( WOODGROVE) PTE. LTD.,CC,Childcare Centre,5.0,WOODGROVE AVENUE,,,,738405,63694436.0,azlina@iman.edu.sg,
201100000200,PT8803,THE LITTLE SKOOL-HOUSE INTERNATIONAL PTE LTD,CC,Childcare Centre,2.0,ALEXANDRA ROAD,1.0,,DELTA HOUSE,159919,93696082.0,felicia.yan@littleskoolhouse.com,
201100000198,PT8800,SWEETLANDS CHILDCARE PUNGGOL 612 PTE. LTD.,CC,Childcare Centre,612.0,PUNGGOL DRIVE,1.0,7.0,MULTI STOREY CAR PARK,820612,66343693.0,sweetlandspunggol612@gmail.com,
201100000197,PT8798,CAELUM JUNIOR LLP,CC,Childcare Centre,11.0,BINCHANG RISE,,,LAUW & SONS GARDEN,579882,63529290.0,DEBORAH@CAELUMJUNIOR.COM,
201100000196,NT0519,MY FIRST SKOOL,CC,Childcare Centre,654.0,SENJA ROAD,1.0,254.0,,670654,66349989.0,info@myfirstskool.com,
201000000186,RC1742,PPIS CHILD DEVELOPMENT CENTRE - BEDOK RESERVOIR,CC,Childcare Centre,709.0,BEDOK RESERVOIR ROAD,1.0,3854.0,,470709,62433468.0,fatrah.mfauzi@ppis.sg,
201000000183,PT8696,CHERIE HEARTS DISCOVERYLAND PTE. LTD.,CC,Childcare Centre,3.0,DEPOT CLOSE,2.0,1.0,,109840,68359007.0,jerlyn.tan@cheriehearts.com.sg,
201000000182,PT8695,PIBOS GARDEN PTE. LTD.,CC,Childcare Centre,7.0,HUA GUAN CRESCENT,,,HUA GUAN GARDENS,589034,64650019.0,kiren.kaur@pibospreschool.com,
201000000177,NT0489,MY FIRST SKOOL,CC,Childcare Centre,341.0,TAMPINES STREET 33,1.0,264.0,,520341,66349989.0,info@myfirstskool.com,
201000000178,NT0490,MY FIRST SKOOL,CC,Childcare Centre,677.0,HOUGANG AVENUE 8,1.0,545.0,,530677,66349989.0,info@myfirstskool.com,
201000000180,NT0492,MY FIRST SKOOL,CC,Childcare Centre,528.0,HOUGANG AVENUE 6,1.0,237.0,,530528,66349989.0,info@myfirstskool.com,
201000000176,EP10066,METTA PRESCHOOL @ PUNGGOL,EI,Early Intervention Programmes,194.0,PUNGGOL ROAD,1.0,1.0,,820194,65804688.0,zaila@metta.org.sg,
201000000174,EP10064,ABC CENTER PTE LTD,EI,Early Intervention Programmes,318.0,TANGLIN ROAD,1.0,59.0,,247979,94236248.0,admin@abccentersingapore.com,
201000000170,RC1739,SGM LITTLE KIDZ @ RIVERVALE,CC,Childcare Centre,,RIVERVALE DRIVE,1.0,1042.0,,543188,63862868.0,siti_maryam_zulkifli@sgmcoop.org.sg,
201000000165,PT8689,LOVESHINE MONTESSORI SCHOOLHOUSE PTE. LTD.,CC,Childcare Centre,8.0,CHU LIN ROAD,,,BAMBOO GROVE PARK,669898,64685794.0,enquiry.lsms@loveshine.com.sg,
201000000166,PT8690,LORNA WHISTON PRE-SCHOOL,CC,Childcare Centre,1.0,STADIUM PLACE,1.0,24.0,KALLANG WAVE MALL,397628,68718748.0,kallangwave@lornawhiston.com.sg,
201000000169,PT8693,JUNIORS PTE LTD,CC,Childcare Centre,32.0,SIN MING LANE,,,MIDVIEW CITY,573954,66844111.0,josh.tan@littlegreenhouse.com.sg,
201200000599,PT8854,LITTLE GREENHOUSE @ JW PTE. LTD.,CC,Childcare Centre,478.0,JURONG WEST STREET 41,1.0,276.0,,640478,90031454.0,cici@global-eduhub.com,
201200000600,ST0102,PCF SPARKLETOTS PRESCHOOL @ TECK GHEE BLK 310A (CC),CC,Childcare Centre,,ANG MO KIO AVENUE 1,1.0,393.0,,561310,66843474.0,Rafeahdah.Mohamed.Hussain@pcf.org.sg,
201200000601,ST0103,PCF SPARKLETOTS PRESCHOOL @ BOON LAY BLK 627 (CC),CC,Childcare Centre,627.0,JURONG WEST STREET 65,1.0,380.0,,640627,67914256.0,Mastura.Mohamed@pcf.org.sg,
201200000597,PT8852,ARTS JUNIOR MONTESSORI LLP,CC,Childcare Centre,11.0,CHANG CHARN ROAD,2.0,2.0,SHRIRO HOUSE,159640,62721332.0,PUDDINGMOMOYO@YAHOO.CO.JP,
201200000596,SS20154466,EMPEROR OPTICS AND CONTACT LENS (CHOA CHU KANG BRANCH),OS,Optical Shop,21.0,CHOA CHU KANG AVE 4,,6.0,LOT 1 SHOPPERS' MALL,689812,67644608.0,,
201200000595,12C0122,SpecialKids Child Health & Development Clinic,HC,Healthcare Institution,301.0,UPPER THOMSON ROAD,3.0,,THOMSON PLAZA,574408,64510028.0,enquiries@specialkidsclinic.com.sg,
201200000590,SS20154472,FRAMES & LENSES PTE LTD,OS,Optical Shop,302.0,TIONG BAHRU ROAD,1.0,134.0,TIONG BAHRU PLAZA,168732,62710578.0,frameslenses@yahoo.com.sg,
201200000589,SS20154473,OPTIC PRECISE,OS,Optical Shop,203.0,HOUGANG STREET 21,1.0,73.0,,530203,63430208.0,opticprecise@gmail.com,
201200000588,SS20154474,DESIGNER EYEWEAR & CONTACT LENS CTR,OS,Optical Shop,231.0,BAIN STREET,1.0,47.0,,180231,63394662.0,design38@singnet.com.sg,
201200000587,SS20154475,DK OPTICAL,OS,Optical Shop,124.0,BUKIT MERAH LANE 1,1.0,148.0,,150124,62750188.0,zan123@live.com.sg,
201200000586,KG1400,METAMORPHOSIS KINDERGARTEN,KN,Kindergarten,309.0,CHOA CHU KANG AVENUE 4,4.0,7.0,,680309,67696902.0,cici@global-eduhub.com,
201200000584,SS20154478,66 OPTICS & CONTACT LENS CENTRE PTE LTD,OS,Optical Shop,103.0,YISHUN RING ROAD,1.0,53.0,,760103,67557710.0,leesim66optics@yahoo.com.sg,
201200000583,SS20154479,M-SPECS OPTICAL,OS,Optical Shop,21.0,GHIM MOH ROAD,1.0,163.0,,270021,64693733.0,,
201200000582,SS20154480,YU YI OPTIC LLP,OS,Optical Shop,481.0,TAMPINES STREET 44,1.0,273.0,,520481,67875727.0,terrychungck@gmail.com,
201200000581,SS20154481,EYECANDY OPTICAL PTE LTD,OS,Optical Shop,437.0,FERNVALE ROAD,1.0,,,790437,64411318.0,dhoptics@singnet.com.sg,
201200000580,SS20154482,HONOUR OPTICAL & CONTACT LENSES CENTRE PTE LTD,OS,Optical Shop,925.0,YISHUN CENTRAL 1,1.0,213.0,,790925,67526552.0,dhoptics@singnet.com.sg,
201200000269,SS20154791,CAPITOL OPTICAL CO PTE LTD,OS,Optical Shop,163.0,TANGLIN ROAD,2.0,,TANGLIN MALL,247933,62353329.0,tanglinmall@capitol.com.sg,
201200000268,SS20154792,CAPITOL OPTICAL CO PTE LTD,OS,Optical Shop,252.0,NORTH BRIDGE ROAD,3.0,8.0,RAFFLES CITY,179103,63397030.0,rafflescity@capitol.com.sg,
201200000267,SS20154793,EYE HUB,OS,Optical Shop,406.0,TAMPINES STREET 41,1.0,9.0,SUN PLAZA GREEN,520406,62604080.0,eye_hub@hotmail.com,
201200000266,SS20154794,RESIDENTS OPTICAL,OS,Optical Shop,681.0,HOUGANG AVE 8,1.0,839.0,,530681,63867143.0,,
201200000265,SS20154795,CAPITOL OPTICAL CO PTE LTD,OS,Optical Shop,304.0,ORCHARD ROAD,2.0,85.0,LUCKY PLAZA M85,238863,67372209.0,luckyplaza85@capitol.com.sg,
201200000264,SS20154796,CAPITOL OPTICAL CO PTE LTD,OS,Optical Shop,304.0,ORCHARD ROAD,1.0,77.0,LUCKY PLAZA G77,238863,67344166.0,luckyplaza77@capitol.com.sg,
201200000262,SS20154798,CAPITOL OPTICAL CO PTE LTD,OS,Optical Shop,583.0,ORCHARD ROAD,,17.0,FORUM THE SHOPPING MALL,238884,67370692.0,forumgalleria@capitol.com.sg,
201200000261,SS20154799,HWA LIAN OPTICAL PHOTOGRAPHIC & WATCH CO,OS,Optical Shop,465.0,CRAWFORD LANE,1.0,32.0,,190465,62954375.0,,
201200000259,SS20154801,CAPITOL OPTICAL CO PTE LTD,OS,Optical Shop,4.0,TAMPINES CENTRAL 5,2.0,3.0,TAMPINES MALL,529510,67829121.0,tampinesmall@capitol.com.sg,
201200000258,SS20154802,CAPITOL OPTICAL CO PTE LTD,OS,Optical Shop,11.0,RIVERVALE CRESCENT,2.0,4.0,RIVERVALE MALL,545082,64892268.0,rivervalemall@capitol.com.sg,
201200000257,SS20154803,EYE ZONE ELITE OPTICAL PTE LTD,OS,Optical Shop,143.0,TECK WHYE LANE,1.0,233.0,,680143,67636036.0,ez_optical@singnet.com.sg,
201200000253,SS20154807,EYE ZONE OPTICAL PTE LTD,OS,Optical Shop,184.0,TOA PAYOH CENTRAL,1.0,366.0,,310184,62519202.0,ez_optical@singnet.com,
201200000252,SS20154808,CAPITOL OPTICAL CO PTE LTD,OS,Optical Shop,180.0,KITCHENER ROAD,1.0,13.0,CITY SQUARE MALL,208539,68845370.0,citysquare@capitol.com.sg,
201200000251,SS20154809,CAPITOL OPTICAL CO PTE LTD,OS,Optical Shop,5.0,CHANGI BUSINESS PARK CENTRAL 1,1.0,14.0,CHANGI CITY POINT,486038,66360386.0,changicitypoint@capitol.com.sg,
201200000250,SS20154810,CAPITOL OPTICAL CO PTE LTD,OS,Optical Shop,930.0,YISHUN AVENUE 2,,56.0,NORTHPOINT,769098,67530233.0,northpoint@capitol.com.sg,
201100000195,EP11072,THYE HUA KWAN MORAL CHARITIES LTD (THK THERAPY SERVICES),EI,Early Intervention Programmes,,MEI CHIN ROAD,2.0,1.0,,140150,64714270.0,josephc1947@gmail.com,
201100000194,NT0521,MY FIRST SKOOL,CC,Childcare Centre,153.0,RIVERVALE CRESCENT,1.0,122.0,,540153,66349989.0,info@myfirstskool.com,
201100000193,NT0520,MY FIRST SKOOL,CC,Childcare Centre,613.0,JURONG WEST ST 62,1.0,161.0,,640613,66349989.0,INFO@MYFIRSTSKOOL.COM,
201100000192,PT8801,THE KIDS' INN JOO CHIAT,CC,Childcare Centre,98.0,JOO CHIAT ROAD,2.0,1.0,,427392,67423174.0,kidsinnjoochiat@singnet.com.sg,
201100000190,12C0059,HEALTHWAY MEDICAL,HC,Healthcare Institution,443.0,CLEMENTI AVENUE 3,1.0,63.0,,120443,68722214.0,chroniccare@healthwaymedical.com,
201100000189,PT8799,CARPE DIEM SPRINGS PTE. LTD.,CC,Childcare Centre,108.0,SPOTTISWOODE PARK ROAD,,,SPOTTISWOODE PARK,80108,62256700.0,xiubin@carpediem.com.sg,
201100000184,ST0083,PCF SPARKLETOTS PRESCHOOL @ LIMBANG BLK 567 (CC),CC,Childcare Centre,567.0,CHOA CHU KANG STREET 52,1.0,150.0,,680567,67600746.0,tan.lay.hong@pcf.org.sg,
201100000181,PT8794,AGAPE LITTLE UNI. @ CLEMENTI PTE. LTD.,CC,Childcare Centre,453.0,CLEMENTI AVENUE 3,1.0,1.0,CLEMENTI AREA OFFICE,120453,67758086.0,CLEMENTI@AGAPELITTLEUNI.COM,
201100000180,PT8793,SHAWS CDLC @ KATONG PRIVATE LIMITED,CC,Childcare Centre,,BOSCOMBE ROAD,,,,439738,64403533.0,salmi@shaws.com.sg,
201100000177,PT8790,NOBLELAND ARTS N LEARNING PLACE @ BISHAN PTE. LTD.,CC,Childcare Centre,104.0,PEMIMPIN PLACE,,,CORAL PARK,576101,97350366.0,MSSHIAN@GMAIL.COM,
201100000178,PT8791,PAT'S SCHOOLHOUSE PTE. LTD.,CC,Childcare Centre,21.0,YUNG HO RD,2.0,1.0,THE AGAPE,618593,62626990.0,KristyHoon@patschoolhouse.com,
201100000175,NT0518,MY FIRST SKOOL,CC,Childcare Centre,505.0,YUNG AN ROAD,,,,618616,66349989.0,INFO@MYFIRSTSKOOL.COM,
201000000167,PT8691,AGAPE LITTLE UNI. @ CECIL PTE. LTD.,CC,Childcare Centre,101.0,CECIL STREET,1.0,1.0,TONG ENG BUILDING,69533,62238081.0,cecil@agapelittleuni.com,
201000000164,NT0488,MY FIRST SKOOL,CC,Childcare Centre,487.0,PASIR RIS DRIVE 4,1.0,507.0,,510487,66349989.0,info@myfirstskool.com,
201000000163,9405089,MOUNT ELIZABETH ORTHODONTIC CLINIC,HC,Healthcare Institution,3.0,MT ELIZABETH,10.0,3.0,MOUNT ELIZABETH MEDICAL CENTRE,228510,63272237.0,meoc@braces.com.sg,
201000000162,9405375,HEALTHWAY MEDICAL,HC,Healthcare Institution,452.0,ANG MO KIO AVE 10,1.0,1787.0,,560452,64516558.0,peaceamk@yahoo.com.sg,
201000000160,9405197,IMPLANTDONTICS COSMETIC AND IMPLANT DENTISTRY,HC,Healthcare Institution,1.0,ORCHARD BOULEVARD,10.0,2.0,CAMDEN MEDICAL CENTRE,248649,67377022.0,enquiry@implantdontics.com,
201000000159,KG1495,DAYSPRING KINDERGARTEN @ MARINA COUNTRY CLUB,KN,Kindergarten,600.0,PONGGOL SEVENTEENTH AVENUE,2.0,1.0,,829734,64894489.0,dayspring17@ymail.com,
201000000155,9405560,PROHEALTH MEDICAL GROUP @TAMAN JURONG PTE LTD,HC,Healthcare Institution,399.0,YUNG SHENG ROAD,1.0,56.0,TAMAN JURONG SHOPPING CENTRE,610399,62682628.0,sandylee65@hotmail.com,
201000000154,9403177,KAO & TAN FAMILY MEDICAL CENTRE & SURGERY PTE LTD,HC,Healthcare Institution,18.0,JALAN MEMBINA,2.0,3.0,TIONG BAHRU COURT,164018,62727880.0,,
201000000153,9405549,PROHEALTH MEDICAL GROUP @ BUANGKOK PTE LTD,HC,Healthcare Institution,,COMPASSVALE LINK,1.0,,,544275,64818066.0,sandylee65@hotmail.com,
201000000152,9405440,PROHEALTH MEDICAL GROUP @FERNVALE PTE LTD,HC,Healthcare Institution,33.0,SENGKANG WEST AVENUE,,18.0,THE SELETAR MALL,797653,68864780.0,contactus@phmgpl.com,
201000000151,9405598,NOBEL CHEST & INTERNAL MEDICINE CENTRE,HC,Healthcare Institution,820.0,THOMSON ROAD,5.0,2.0,MOUNT ALVERNIA HOSPITAL,574623,62569923.0,jimteo@healthwaymedical.com,
201000000149,WP1102,THE LITTLE SKOOL-HOUSE INTERNATIONAL PTE LTD,CC,Childcare Centre,90.0,YISHUN CENTRAL,4.0,1.0,KHOO TECK PUAT HOSPITAL,768828,65708513.0,linenjie@littleskoolhouse.com,
201000000147,PT8688,LITTLE FOOTPRINTS SCHOOLHOUSE (WOODLAND) PTE. LTD.,CC,Childcare Centre,551.0,WOODLANDS DRIVE 44,1.0,42.0,,730551,68947123.0,christina.yong@littlefootprints.com.sg,
201000000146,PT8687,CHERIE HEARTS @ BEDOK CENTRAL PTE. LTD.,CC,Childcare Centre,219.0,BEDOK CENTRAL,1.0,,MULTI STOREY CAR PARK,460219,62426787.0,yong.pueh.teng@cheriehearts.com.sg,
201000000144,PT8685,LITTLE FOOTPRINTS SCHOOLHOUSE (Y388) PTE. LTD.,CC,Childcare Centre,388.0,YISHUN RING ROAD,1.0,1671.0,,760388,67533393.0,jessie@littlefootprints.com.sg,
201200000579,SS20154483,SINCERE OPTICS PTE LTD,OS,Optical Shop,144.0,UPPER BUKIT TIMAH ROAD,3.0,20.0,,588177,64681618.0,,
201200000578,SS20154484,OJO OPTOMETRY,OS,Optical Shop,10.0,TAMPINES CENTRAL 1,3.0,1.0,TAMPINES ONE,529536,67848077.0,kaihlee@hotmail.com,
201200000577,SS20154485,THE EYECARE INITIATIVE (BEDOK),OS,Optical Shop,539.0,BEDOK NORTH STREET 3,1.0,623.0,,460539,62466445.0,,
201200000575,SS20154487,DESIGNER EYEWEAR & CONTACT LENS CTR,OS,Optical Shop,180.0,BENCOOLEN STREET,1.0,41.0,,189646,63396505.0,design38@singnet.com.sg,
201200000572,SS20154490,STARLITE OPTICS & MERCHANDISE,OS,Optical Shop,18.0,MARSILING LANE,1.0,281.0,,730018,62692625.0,d3rrIck84@hotmail.com,
201200000571,SS20154491,DUKE OPTICAL CONTACT LENS CENTRE PTE LTD,OS,Optical Shop,726.0,ANG MO KIO AVE 6,1.0,4166.0,,560726,64561471.0,,
201200000570,SS20154492,CLEARVIS EYECARE,OS,Optical Shop,21.0,HOUGANG ST 51,1.0,38.0,HOUGANG GREEN SHOPPING MALL,538719,63860618.0,d3rrIck84@hotmail.com,
201200000569,SS20154493,CRYSTALITE CONTACT LENS & OPTICS,OS,Optical Shop,1.0,JOO CHIAT ROAD,1.0,1011.0,JOO CHIAT COMPLEX,420001,67436627.0,d3rrIck84@hotmail.com,
201200000568,SS20154494,AZPEC EYECARE,OS,Optical Shop,497.0,JURONG EAST STREET 41,1.0,20.0,,640497,65659121.0,d3rr1ck84@hotmail.com,
201200000567,SS20154495,KAH MEE OPTICAL COMPANY,OS,Optical Shop,67.0,TIONG BAHRU ROAD,,,,168722,62257820.0,desmond_0219@yahoo.com.sg,
201200000566,12C0112,HEALTH FIRST FAMILY CLINIC,HC,Healthcare Institution,26.0,JALAN MEMBINA,1.0,6.0,MULTI STOREY CAR PARK,161026,67932833.0,healthfirst@singnet.com.sg,
201200000565,SS20154497,KAI JOO OPTOMETRY,OS,Optical Shop,3.0,SIMEI STREET 6,1.0,30.0,EAST POINT MALL,528833,67848066.0,kaihlee@hotmail.com,
201200000564,SS20154498,EYEWEAR OPTICS PTE LTD,OS,Optical Shop,301.0,UPPER THOMSON ROAD,1.0,66.0,THOMSON PLAZA,574408,64548778.0,,
201200000563,SS20154499,SIGLAP OPTICAL,OS,Optical Shop,55.0,SIGLAP ROAD,,9.0,SIGLAP CENTRE,455871,62460780.0,visualoptics@yahoo.com,
201200000561,SS20154501,KALLANG BAHRU OPTICAL & CONTACT LENS CENTRE,OS,Optical Shop,66.0,KALLANG BAHRU,1.0,503.0,,330066,62989514.0,,
201200000560,SS20154502,TOMORROW'S OPTICS,OS,Optical Shop,1.0,QUEENSWAY,1.0,44.0,QUEENSWAY SHOPPING CENTRE,149053,64764843.0,kenangelica@gmail.com,
201200000559,EP11070,BUILDING BRIDGES EIPIC CENTRE (JURONG),EI,Early Intervention Programmes,337.0,JURONG EAST AVE 1,1.0,1562.0,,600337,66651848.0,,
201200000247,SS20154813,CAPITOL OPTICAL CO PTE LTD,OS,Optical Shop,21.0,CHOA CHU KANG AVENUE 4,,1.0,LOT ONE,689812,67641753.0,lot1@capitol.com.sg,
201200000246,SS20154814,CAPITOL OPTICAL CO PTE LTD,OS,Optical Shop,1.0,JURONG WEST CENTRAL 2,1.0,12.0,JURONG POINT SHOPPING CENTRE,648886,67920679.0,jurongpoint@capitol.com.sg,
201200000242,SS20154818,EYE ZONE EXCEL OPTICAL PTE LTD,OS,Optical Shop,101.0,YISHUN AVENUE 5,1.0,97.0,,760101,67554811.0,ez_optical@singnet.com.sg,
201200000241,SS20154819,INFINITY EYEWEAR PTE LIMITED,OS,Optical Shop,,TELOK BLANGAH ST 32,1.0,16.0,,100078,62732328.0,,
201200000239,SS20154821,INFINITY EYEWEAR PTE LIMITED,OS,Optical Shop,101.0,TOWNER ROAD,1.0,232.0,,322101,62942328.0,,
201200000238,SS20154822,RICHARD WOON OPTOMETRIST & CONTACT LENS CENTRE,OS,Optical Shop,465.0,CRAWFORD LANE,1.0,32.0,,190465,62954375.0,richard_wtc@hotmail.com,
201200000235,SS20154825,C.C. CHUI OPTICAL CO,OS,Optical Shop,400.0,ORCHARD ROAD,4.0,25.0,ORCHARD TOWERS,238875,62355521.0,chui23@singnet.com.sg,
201200000234,SS20154826,EYECHAMP OPTOMETRISTS (BEDOK),OS,Optical Shop,210.0,UPPER CHANGI ROAD,1.0,731.0,,460210,64843550.0,eyechamp@singnet.com.sg,
201200000233,SS20154827,EYECHAMP OPTOMETRIST (HOLLAND),OS,Optical Shop,211.0,HOLLAND AVENUE,2.0,34.0,,278967,64843550.0,eyechamp@singnet.com.sg,
201200000232,SS20154828,KATONG NANYANG OPTICAL CO,OS,Optical Shop,474.0,TAMPINES ST 43,1.0,102.0,,520474,67884998.0,chongcm40@yahoo.com.sg,
201200000231,SS20154829,NANYANG OPTICAL CO. PTE LTD (JURONG POINT),OS,Optical Shop,63.0,JURONG WEST CENTRAL 3,,35.0,JURONG POINT,648331,67937107.0,irene.ooi@nanyang.com.sg,
201200000230,SS20154830,NANYANG OPTICAL CO. PTE LTD (JUNCTION 8),OS,Optical Shop,9.0,BISHAN PLACE,,15.0,JUNCTION 8 SHOPPING CENTRE,579837,63537828.0,,
201200000229,SS20154831,NANYANG OPTICAL  CO.PTE LTD (CAUSEWAY POINT),OS,Optical Shop,1.0,WOODLANDS SQUARE,,4.0,CAUSEWAY POINT,738099,68942641.0,,
201200000228,SS20154832,NANYANG OPTICAL CO. PTE LTD (PARKWAY),OS,Optical Shop,80.0,MARINE  PARADE ROAD,,,,449269,64400566.0,,
201100000174,NT0517,MY FIRST SKOOL,CC,Childcare Centre,2.0,TANJONG PAGAR PLAZA,3.0,35.0,,82002,66349989.0,info@myfirstskool.com,
201100000173,NT0516,MY FIRST SKOOL,CC,Childcare Centre,10.0,BOON LAY PLACE,4.0,1.0,BOON LAY COMMUNITY CENTRE,649882,66349989.0,info@myfirstskool.com,
201100000172,9404298,DRS TANG & PARTNERS PTE. LTD.,HC,Healthcare Institution,64.0,YUNG KUANG ROAD,1.0,115.0,,610064,62656077.0,drstang@pacific.net.sg,
201100000171,11C0127,SHINE FAMILY CLINIC,HC,Healthcare Institution,463.0,JURONG WEST STREET 41,1.0,560.0,,640463,65637934.0,janicechoohueyni@gmail.com,
201100000170,11C0100,DENTALWORKZ STUDIO,HC,Healthcare Institution,,TOA PAYOH CENTRAL,1.0,73.0,,315079,68844051.0,enquiries@dentalworkzstudio.com.sg,
201100000169,9404875,TWIN CITY DENTAL CLINIC PTE LTD,HC,Healthcare Institution,,ORCHARD ROAD,8.0,7.0,NGEE ANN CITY TOWER B,238874,62359888.0,appointment@TwinCityclinic.com.sg,
201100000168,11C0126,HILL SPRING MEDICAL,HC,Healthcare Institution,12.0,JALAN LEBAN,,,SEMBAWANG HILLS ESTATE,577552,64563200.0,ivanongif@gmail.com,
201100000167,ST0081,PCF SPARKLETOTS PRESCHOOL @ NEE SOON SOUTH BLK 852 (EY),CC,Childcare Centre,852.0,YISHUN STREET 81,1.0,70.0,,760852,68520576.0,Surizah.Sopyan@pcf.org.sg,
201100000166,ST0080,PCF SPARKLETOTS PRESCHOOL @ JURONG SPRING BLK 455 (CC),CC,Childcare Centre,455.0,JURONG WEST STREET 42,1.0,136.0,,640455,66659528.0,salina.amin@pcf.org.sg,
201100000159,PT8782,CHERIE HEARTS NURTURELOFT PTE. LTD.,CC,Childcare Centre,18.0,SIN MING LANE,1.0,2.0,MIDVIEW CITY,573960,65705585.0,ch.nurtureloft@gmail.com,
201100000161,PT8784,CHAPPIE TOTS CENTER PTE LTD,CC,Childcare Centre,218.0,BEDOK NORTH STREET 1,1.0,23.0,,460218,62462363.0,CHAPPIEHANI@GMAIL.COM,
201100000160,PT8783,STAR LEARNERS @ BISHAN PTE. LTD.,CC,Childcare Centre,114.0,BISHAN STREET 12,1.0,96.0,BISHAN VIEW,570114,62588113.0,mengwei.tan@starlearners.com.sg,
201100000157,PT8777,SUNLIFE EDUCARE PTE LTD,CC,Childcare Centre,61.0,KAKI BUKIT AVE 1,6.0,1.0,SHUN LI INDUSTRIAL PARK,417943,68412083.0,dela.lau78@gmail.com,
201000000143,PT8684,POSSO PRESCHOOL @ WEST COAST RISE PTE LTD,CC,Childcare Centre,30.0,WEST COAST RISE,,,HONG LEONG GARDEN,127473,67744131.0,elaine.lim@possopreschool.com,
201000000142,PT8683,CARPE DIEM JUNIORS PTE. LTD.,CC,Childcare Centre,20.0,KALLANG AVENUE,3.0,0.0,PICO CREATIVE CENTRE,339411,62961866.0,SKHIM@CARPEDIEM.COM.SG,
201000000141,PT8682,THE KIDZ ZONE PTE LTD,CC,Childcare Centre,,CANTONMENT ROAD,3.0,37.0,"PINNACLE@DUXTON, THE",85401,66340070.0,mmipinnacle@modern-montessori.com,
201000000140,9404992,SMILE MAKERS DENTAL CLINIC BY NUFFIELD DENTAL,HC,Healthcare Institution,10.0,SINARAN DRIVE,9.0,26.0,"NOVENA MEDICAL CENTRE, SQUARE 2",307506,63972739.0,info@smilemakers.com.sg,
201000000139,PT9730,JESSIN KINDERGARTEN,KN,Kindergarten,,LORONG 4 TOA PAYOH,1.0,336.0,TOA PAYOH PEAKVIEW,312085,94897277.0,jessica@jessin.edu.sg,
201000000138,9405465,INTERNATIONAL MEDICAL CLINIC,HC,Healthcare Institution,1.0,ORCHARD BOULEVARD,11.0,,CAMDEN MEDICAL CENTRE,248649,68874440.0,manager@imc-healthcare.com,
201000000137,9403103,INTERNATIONAL MEDICAL CLINIC,HC,Healthcare Institution,293.0,HOLLAND RD,2.0,,COLD STORAGE JELITA,278628,64654440.0,manager@imc-healthcare.com,
201000000136,9404635,INTERNATIONAL MEDICAL CLINIC,HC,Healthcare Institution,1.0,ORCHARD BOULEVARD,14.0,,CAMDEN MEDICAL CENTRE,248649,67334440.0,manager@imc-healthcare.com,
201000000135,9405023,TRINITY MEDICAL CLINIC,HC,Healthcare Institution,,DOVER CRESCENT,1.0,1.0,,131019,67788868.0,,
201000000134,9405410,JADE MEDICAL CLINIC PTE LTD,HC,Healthcare Institution,8.0,EU TONG SEN STREET,13.0,99.0,THE CENTRAL OFFICE TOWER 1,59818,62259813.0,doctor@jademedical.com.sg,
201000000124,PT8675,CHILDREN'S COVE PTE. LTD.,CC,Childcare Centre,30.0,ORANGE GROVE ROAD,8.0,1.0,RELC BUILDING,258352,67371690.0,og@childrenscove.sg,
201000000125,PT8676,CARPE DIEM @ HILLTOP PTE. LTD.,CC,Childcare Centre,701.0,YIO CHU KANG ROAD,,,,787087,64580585.0,hilltop@carpediem.com.sg,
201200000557,SS20154505,EYE'S VISION & OPTICS (ALJUNIED CRESCENT),OS,Optical Shop,113.0,ALJUNIED CRESCENT,1.0,31.0,,380113,67480227.0,sevo@starhub.net.sg,
201200000556,SS20154506,EYE'S VISION  & OPTICS (BEDOK NORTH),OS,Optical Shop,86.0,BEDOK NORTH ST 4,1.0,173.0,,460086,64495818.0,sevo@starhub.net.sg,
201200000553,SS20154509,VG OPTICAL PTE LTD,OS,Optical Shop,101.0,UPPER CROSS STREET,2.0,,PEOPLE'S PARK CENTRE,58357,65332143.0,vgoptical@hotmail.com,
201200000547,PT8848,LITTLE TREASURES CHILDCARE(WOODLANDS) PTE. LIMITED,CC,Childcare Centre,848.0,WOODLANDS STREET 82,1.0,175.0,,730848,63691545.0,NATMAHA@GMAIL.COM,
201200000545,SS20154517,EYESMATE 2,OS,Optical Shop,503.0,TAMPINES CENTRAL 1,1.0,305.0,,520503,67857025.0,leypengaw@ymail.com,
201200000543,PT9630,CHILDREN'S VINEYARD KINDERGARTEN,KN,Kindergarten,43.0,JOO CHIAT LANE,1.0,,KATONG PRESBYTERIAN CHURCH,428103,98411587.0,judyyap@childrensvineyard.com,
201200000542,SS20154520,GOLD SPROUT OPTICS & CONTACT LENS CENTRE,OS,Optical Shop,1.0,PARK ROAD,1.0,36.0,PEOPLE'S PARK COMPLEX,59108,65351487.0,,
201200000541,SS20154521,JOO GUAN LEONG OPTICAL,OS,Optical Shop,221.0,BOON LAY PLACE,2.0,190.0,BOON LAY SHOPPING CENTRE,640221,62683117.0,,
201200000540,SS20154522,I - CONTACT & OPTICS,OS,Optical Shop,27.0,BENDEMEER ROAD,1.0,671.0,,330027,64495818.0,sevo@starhub.net.sg,
201200000539,SS20154523,SPECTACLE LODGE,OS,Optical Shop,846.0,YISHUN RING ROAD,1.0,3651.0,,760846,68529049.0,,
201200000226,SS20154834,STRAITS OPTICAL & CONTACT LENS PTE LTD,OS,Optical Shop,506.0,BISHAN STREET 11,1.0,404.0,,570506,63542820.0,dan_xter@yahoo.com.sg,
201200000225,SS20154835,STRAITS OPTICAL & CONTACT LENS PTE LTD,OS,Optical Shop,262.0,SERANGOON CENTRAL,1.0,95.0,,550262,63825515.0,dan_xter@yahoo.com.sg,
201200000224,SS20154836,STRAITS OPTICAL & CONTACT LENS PTE LTD,OS,Optical Shop,443.0,CLEMENTI AVENUE 3,1.0,73.0,,120443,67770762.0,dan_xter@yahoo.com.sg,
201200000221,SS20154839,OPTICS 2000 & OPTICS CAFE PTE LTD,OS,Optical Shop,435.0,ORCHARD ROAD,1.0,,WISMA ATRIA,238877,67389976.0,optics2000@singnet.com.sg,
201200000220,SS20154840,E & P OPTICS,OS,Optical Shop,101.0,UPPER CROSS STREET,3.0,19.0,PEOPLE'S PARK CENTRE,58357,64383100.0,philipchong_89@hotmail.com,
201200000219,SS20154841,PEARL'S VISIONCARE PTE LTD,OS,Optical Shop,371.0,BEACH ROAD,1.0,10.0,KEYPOINT,199597,62944517.0,pearls@singnet.com.sg,
201200000218,SS20154842,"EYECHAMP OPTOMETRIST, AMK",OS,Optical Shop,61.0,ANG MO KIO AVENUE 8,1.0,11.0,JUBILEE SQUARE,569814,64512250.0,eyechamp@singnet.com.sg,
201200000217,SS20154843,EYECHAMP FLAGSHIP,OS,Optical Shop,23.0,SERANGOON CENTRAL,,,NEX,556083,66342250.0,eyechamp@singnet.com.sg,
201200000216,SS20154844,SUNNY OPTICS & CONTACT LENS CENTRE,OS,Optical Shop,376.0,BUKIT BATOK ST 31,1.0,100.0,,650376,65676108.0,sunopt@singnet.com.sg,
201200000215,SS20154845,TOP VISION OPTICS AND CONTACT LENS CENTRE,OS,Optical Shop,14.0,SCOTTS ROAD,2.0,17.0,FAR EAST PLAZA,228213,67370217.0,bertram.chong@yahoo.com.sg,
201200000214,SS20154846,ART EYEWEAR,OS,Optical Shop,119.0,ALJUNIED AVENUE 2,1.0,38.0,,380119,98432122.0,gveyoon@singnet.com.sg,
201200000211,NT0528,MY FIRST SKOOL,CC,Childcare Centre,,ANCHORVALE LINK,1.0,147.0,,541314,66349989.0,info@myfirstskool.com,
201200000209,AT201548,PROGRESS HEALTHCARE PTE LTD,AT,Assistive Technology Device Providers,345.0,JALAN BESAR,,,,208987,62975955.0,sales@progress.com.sg,
201200000208,SS20154852,CD OPTICAL PTE LTD,OS,Optical Shop,532.0,ANG MO KIO AVENUE 10,1.0,2499.0,,560523,64556417.0,cdoptical@yahoo.com.sg,
201100000155,ST0210,PCF SPARKLETOTS PRESCHOOL @ TANJONG PAGAR - TIONG BAHRU BLK 1E (KN),KN,Kindergarten,,CANTOMENT ROAD,3.0,49.0,,85501,66348341.0,pei.shan.wendy.teh@pcf.org.sg,
201100000154,PT8781,LEARNING KIDZ EDUCENTRE PTE. LTD.,CC,Childcare Centre,61.0,ANG MO KIO AVENUE 8,3.0,1.0,,569814,64560383.0,julie@learningkidz.com.sg,
201100000153,PT8778,LITTLE CHAMPS SCHOOLHOUSE (MONTESSORI) PTE. LTD.,CC,Childcare Centre,447.0,ANG MO KIO AVENUE 10,1.0,1675.0,,560447,64597411.0,CONTACT_US@LITTLECHAMPS.COM.SG,
201100000150,11C0086,PURE DENTAL,HC,Healthcare Institution,139.0,TAMPINES STREET 11,1.0,54.0,,521139,67828389.0,contact@puredentalpractice.com,
201100000147,ST0078,PCF SPARKLETOTS PRESCHOOL @ BISHAN EAST-THOMSON BLK 181 (CC),CC,Childcare Centre,181.0,BISHAN STREET 13,1.0,251.0,,570181,63525219.0,Tan.Jing.Lian@pcf.org.sg,
201100000148,ST0079,PCF SPARKLETOTS PRESCHOOL @ SENGKANG CENTRAL BLK 290A (CC),CC,Childcare Centre,,COMPASSVALE CRESCENT,1.0,6.0,,541290,63882053.0,Li.Gueh.Tan@pcf.org.sg,
201100000146,ST0077,PCF SPARKLETOTS PRESCHOOL @ TOA PAYOH EAST-NOVENA BLK 232 (CC),CC,Childcare Centre,232.0,LORONG 8 TOA PAYOH,1.0,234.0,,310232,62586846.0,Janni.Sutanto@pcf.org.sg,
201100000145,ST0076,PCF SPARKLETOTS PRESCHOOL @ CHANGI-SIMEI BLK 233 (CC),CC,Childcare Centre,233.0,SIMEI STREET 4,1.0,148.0,,520233,67884542.0,Yam.Choo.Yvonne.Wee@pcf.org.sg,
201100000142,PT8774,LITTLE GREENHOUSE CHILDCARE & DEVELOPMENT PTE. LTD.,CC,Childcare Centre,832.0,YISHUN STREET 81,1.0,448.0,,760832,90031454.0,cici@global-eduhub.com,
201100000144,PW0121,GROW & GLOW @ PASIR RIS 21 CENTRE,CC,Childcare Centre,229.0,PASIR RIS STREET 21,1.0,28.0,,510229,65852396.0,pasirris21@pcs.org.sg,
201100000137,PT8761,CARPE DIEM YOUNG JOY PTE. LTD.,CC,Childcare Centre,445.0,FAJAR ROAD,2.0,544.0,,670445,68920688.0,ntanglee@gmail.com,
201000000122,PT8673,ZEE JUNIORS,CC,Childcare Centre,722.0,DUNMAN ROAD,,,,439235,64400070.0,LAWRENCEGOH68@YAHOO.COM.SG,
201000000121,PT8672,STAR LEARNERS @ BUKIT BATOK PTE. LTD.,CC,Childcare Centre,501.0,BUKIT BATOK STREET 52,1.0,71.0,,650501,62500173.0,MENGWEI.TAN@STARLEARNERS.COM.SG,
201000000118,EP10063,COGNITIVE DEVELOPMENT LEARNING CENTRE PTE LTD,EI,Early Intervention Programmes,130.0,JURONG GATEWAY ROAD,4.0,201.0,,600130,64691612.0,ganph@cognitive.com.sg,
201000000116,9405529,K M HENG WOMEN'S CLINIC PTE LTD,HC,Healthcare Institution,270.0,SIMS AVENUE,,,,387514,67425155.0,sk_heng63@yahoo.com,
201000000113,EP10061,DYNAMICS SUCCESS CENTRE PTE LTD,EI,Early Intervention Programmes,583.0,ORCHARD ROAD,13.0,2.0,FORUM GALLERIA,238884,61009235.0,inquiry@dynamics.com.sg,
201000000112,EP10060,EDUNAMICS PTE LTD,EI,Early Intervention Programmes,583.0,ORCHARD ROAD,15.0,1.0,FORUM GALLERIA,238884,61009235.0,inquiry@edunamics.com.sg,
201000000109,PT8666,THE ORANGE TREE (CCK) PTE. LTD.,CC,Childcare Centre,10.0,CHOA CHU KANG ROAD,2.0,1.0,BUKIT PANJANG DELIVERY BASE,689379,68947877.0,hema@orangetree.com.sg,
201000000106,PT8663,SUNFLOWER TINKLELAND PRIVATE LIMITED,CC,Childcare Centre,33.0,UBI AVE 3,1.0,69.0,VERTEX,408868,66341938.0,sftkl.cm@gmail.com,
201000000105,9405467,THE DUBLIN CLINIC,HC,Healthcare Institution,109.0,CLEMENTI STREET 11,1.0,25.0,,120109,67747300.0,teoyijin@singnet.com.sg,
201200000537,SS20154525,UNIVERSAL OPTICAL PTE LTD,OS,Optical Shop,23.0,SERANGOON CENTRAL,2.0,41.0,NEX,556083,66344742.0,universalopt2002@singnet.com.sg,
201200000536,SS20154526,UNIVERSAL OPTICAL PTE LTD,OS,Optical Shop,10.0,SINARAN DRIVE,1.0,,SQUARE 2 (NOVENA MRT),307506,63972291.0,universalopt2002@singnet.com.sg,
201200000535,SS20154527,UNIVERSAL OPTICAL PTE LTD,OS,Optical Shop,14.0,SCOTTS ROAD,4.0,123.0,FAR EAST PLAZA,228213,67370069.0,universalopt2002@singnet.com.sg,
201200000534,SS20154528,THE EYE PLACE PTE LTD,OS,Optical Shop,223.0,SOUTH BRIDGE ROAD,,,,58772,63383240.0,michelle@eye-place.com,
201200000532,SS20154530,I-VISION OPTICS,OS,Optical Shop,744.0,YISHUN STREET 72,1.0,191.0,,760744,67530323.0,ylleong20@yahoo.com,
201200000531,SS20154531,PRO EYEZ OPTOMETRISTS,OS,Optical Shop,118.0,RIVERVALE DRIVE,2.0,24.0,RIVERVALE PLAZA,540118,64892047.0,pro_eyes@yahoo.com,
201200000530,SS20154532,OPTIMAX VISION LLP,OS,Optical Shop,303.0,WOODLANDS STREET 31,1.0,197.0,,730303,63633200.0,optimaxvision@hotmail.com,
201200000529,MCPHA1200031,GUARDIAN PHARMACY (NOVENA HOSPITAL),PH,Pharmacy,38.0,IRRAWADDY ROAD,1.0,,,329563,66940725.0,wjtan@guardian.com.sg,
201200000528,SS20154534,20/20 VISION OPTOMETRISTS,OS,Optical Shop,10.0,CHOA CHU KANG AVE 4,1.0,36.0,CHOA CHU KANG MRT STATION,689810,67662785.0,,
201200000526,SS20154536,CRYSTAL OPTICAL CO,OS,Optical Shop,1.0,SOPHIA ROAD,1.0,42.0,PEACE CENTRE,228149,97965880.0,,
201200000525,MCPH0700026,ESSENTIALS PHARMACY,PH,Pharmacy,101.0,UPPER CROSS STREET,1.0,23.0,PEOPLE'S PARK CENTRE,58357,65383801.0,pharmacist@essentials.com.sg,
201200000524,SS20154538,RED LEAF OPTICAL HOUSE,OS,Optical Shop,498.0,JURONG WEST 41,1.0,482.0,,640498,64256867.0,,
201200000522,MCPH0500085,GUARDIAN PHARMACY (YEW TEE MRT),PH,Pharmacy,61.0,CHOA CHU KANG DRIVE,1.0,,YEW TEE MRT STATION,689715,67691147.0,wjtan@guardian.com.sg,
201200000520,PH01866,GUARDIAN PHARMACY (WEST MALL),PH,Pharmacy,1.0,BUKIT BATOK CENTRAL LINK,1.0,27.0,WEST MALL,658713,67940903.0,wjtan@guardian.com.sg,
201200000519,MCPH0700096,GUARDIAN PHARMACY (WRS),PH,Pharmacy,21.0,TAMPINES NORTH DRIVE 2,1.0,1.0,,528765,67884161.0,wjtan@guardian.com.sg,
201200000517,MCPHA1200030,GUARDIAN PHARMACY (UNITED SQUARE 2),PH,Pharmacy,101.0,THOMSON ROAD,,28.0,UNITED SQUARE,307591,62509695.0,wjtan@guardian.com.sg,
201300000280,EP12082,DYSLEXIA ASSOCIATION OF SINGAPORE (DAS),EI,Early Intervention Programmes,,COMPASSVALE ROAD,1.0,545.0,,543257,65940331.0,info@das.org.sg,
201300000279,EP10056,DYSLEXIA ASSOCIATION OF SINGAPORE (DAS),EI,Early Intervention Programmes,310.0,MARGARET DRIVE,,,QUEENSTOWN PRIMARY SCHOOL,149303,65940331.0,info@das.org.sg,
201300000278,EP12076,DYSLEXIA ASSOCIATION OF SINGAPORE (DAS),EI,Early Intervention Programmes,307.0,BEDOK NORTH ROAD,,,FENGSHAN PRIMARY SCHOOL,469680,65940331.0,info@das.org.sg,
201300000277,EP06032,DYSLEXIA ASSOCIATION OF SINGAPORE (DAS),EI,Early Intervention Programmes,1.0,JURONG WEST CENTRAL 2,5.0,1.0,JURONG POINT,648886,65940331.0,info@das.org.sg,
201300000276,13C0174,PARKWAY DENTAL PRACTICE,HC,Healthcare Institution,9.0,SCOTTS ROAD,12.0,2.0,PACIFIC PLAZA,228210,68369808.0,lawrence@parkwaydental.com.sg,
201300000275,9405195,BRIGHT SMILE DENTAL SURGERY PTE. LTD.,HC,Healthcare Institution,18.0,JALAN MEMBINA,1.0,5.0,TIONG BAHRU COURT,164018,62746800.0,,
201300000274,9405185,TIONG BAHRU DENTAL SURGERY PTE. LTD.,HC,Healthcare Institution,302.0,TIONG BAHRU ROAD,2.0,143.0,CENTRAL PLAZA,168732,62713083.0,enquiry@tiongbahrudental.com,
201300000273,SS20153913,TEH OPTICS & CONTACT LENS TRADING,OS,Optical Shop,283.0,BUKIT BATOK EAST 3,1.0,273.0,,650283,65678768.0,tehoptics@gmail.com,
201300000272,11C0173,LEE DENTAL PTE LTD,HC,Healthcare Institution,123.0,BEDOK NORTH ST 2,1.0,156.0,,460123,64491871.0,leedentpl@yahoo.com.sg,
201300000271,KM0003,MOE KINDERGARTEN @ FARRER PARK,KN,Kindergarten,2.0,FARRER PARK ROAD,,,FARRER PARK PRIMARY SCHOOL,217567,63415389.0,mk_farrerpark@moe.edu.sg,
201300000270,KM0004,MOE KINDERGARTEN @ PUNGGOL VIEW,KN,Kindergarten,9.0,PUNGGOL PLACE,,,,828845,65701588.0,mk_punggolview@moe.edu.sg,
201300000269,KM0001,MOE KINDERGARTEN @ BLANGAH RISE,KN,Kindergarten,91.0,TELOK BLANGAH HEIGHTS,,,BLANGAH RISE PRIMARY SCHOOL,109100,62717387.0,goh_sze_meng_sophia@schools.gov.sg,
201300000268,KM0002,MOE KINDERGARTEN @ DAZHONG,KN,Kindergarten,35.0,BUKIT BATOK STREET 31,,,DAZHONG PRIMARY SCHOOL,659441,68960738.0,mk_dazhong@moe.edu.sg,
201300000267,KM0005,MOE KINDERGARTEN @ TAMPINES,KN,Kindergarten,,TAMPINES STREET 45,,,,522489,67827424.0,mk_tampines489C@moe.edu.sg,
201300000266,SS20153920,D' OPTOMETRISTS,OS,Optical Shop,11.0,COLLYER QUAY,2.0,17.0,THE ARCADE,49317,62250077.0,d_optometrists@icloud.com,
201300000263,PT8977,SPRING BRAINY KIDZ (POTONG PASIR) PTE. LTD.,CC,Childcare Centre,113.0,POTONG PASIR AVENUE 1,1.0,838.0,,350113,63834463.0,SPRINGBRAINYKIDZPP@GMAIL.COM,
201300000262,PT8976,TINKERLAND PRIVATE LIMITED,CC,Childcare Centre,91.0,JALAN PARI BURONG,,,PICARDY GARDEN,488730,62464474.0,michele_yeo@sdmgroup.sg,
201300000261,13C0141,SM HANEEFA CLINIC,HC,Healthcare Institution,11.0,CHAI CHEE ROAD,1.0,23.0,,460011,62434237.0,smhaneefaclinic@gmail.com,
201200000845,PT8892,CHILD'S ATELIER PTE. LTD.,CC,Childcare Centre,33.0,UBI AVENUE 3,1.0,43.0,VERTEX,408868,65703768.0,richard.teh@childatelier.com.sg,
201200000844,12C0249,ATRIO FAMILY CLINIC,HC,Healthcare Institution,291.0,YISHUN STREET 22,1.0,349.0,,760291,67520838.0,,
201200000834,NT0532,MY FIRST SKOOL,CC,Childcare Centre,,PUNGGOL FIELD,1.0,111.0,,821267,66349989.0,info@myfirstskool.com,
201200000836,PT8885,STAR LEARNERS @ SEMBAWANG WAY PTE. LTD.,CC,Childcare Centre,355.0,SEMBAWANG WAY,2.0,2.0,,750355,62500173.0,mengwei.tan@starlearners.com.sg,
201200000833,SS20154236,EMPEROR OPTICS & CONTACT LENS,OS,Optical Shop,80.0,MARINE PARADE ROAD,,,PARKWAY PARADE SHOPPING CENTRE,449269,64473780.0,emperoroptics@singnet.com.sg,
201200000832,SS20154237,NOVENA OPTICAL & TRADING,OS,Optical Shop,146.0,POTONG PASIR AVENUE 1,1.0,103.0,,350146,62828555.0,obliiviate@gmail.com,
201200000831,AT201587,SG MEDICAL PTE LTD,AT,Assistive Technology Device Providers,19.0,KALLANG AVENUE,6.0,157.0,,339410,62924181.0,samchow@sgmedical.org,
201200000830,EP12081,THERAPY INC LLP,EI,Early Intervention Programmes,1.0,SCOTTS ROAD,15.0,4.0,SHAW CENTRE,228208,67333566.0,info@therapyinc.com.sg,
201400000599,9404970,THE DENTAL HUB (TELOK BLANGAH),HC,Healthcare Institution,12.0,TELOK BLANGAH CRESCENT,1.0,115.0,,90012,62700732.0,crescentdentalclinicpl@gmail.com,
201400000188,12C0284,A ST*R DENTAL SURGERY,HC,Healthcare Institution,25.0,GHIM MOH LINK,1.0,9.0,,270025,62629595.0,doreen03@hotmail.sg,
201300000260,9403058,EASTWOOD DENTALCARE FAMILY DENTAL CLINIC PTE LTD,HC,Healthcare Institution,20.0,EASTWOOD RD,1.0,12.0,EASTWOOD CENTRE,486442,62430911.0,info@eastwooddentalcare.com,
201300000259,13C0196,SMILES R US DENTAL (CHAMPIONS COURT),HC,Healthcare Institution,,WOODLANDS AVENUE 1,1.0,3.0,CHAMPIONS COURT,731570,63390223.0,smilesrus_dental@hotmail.sg,
201300000258,SS20153928,TRUELIGHT VISION,OS,Optical Shop,163.0,ANG MO KIO AVE 4,1.0,410.0,,560163,67266245.0,jmsliou@gmail.com,
201300000257,SS20153929,EYENET,OS,Optical Shop,272.0,BUKIT BATOK EAST AVENUE 4,1.0,70.0,,650272,65666151.0,,
201300000256,11C0204,SMILES R US DENTAL,HC,Healthcare Institution,768.0,WOODLANDS AVENUE 6,2.0,6.0,WOODLANDS MART,730768,63634556.0,smilesrus_dental@hotmail.sg,
201300000254,PT8974,LITTLE GREENHOUSE @ TAMPINES PTE. LTD.,CC,Childcare Centre,707.0,TAMPINES STREET 71,1.0,78.0,,520707,90031454.0,supinah@global-eduhub.com,
201300000253,SS20153933,TANJONG PAGAR OPTICAL HOUSE,OS,Optical Shop,1.0,TANJONG PAGAR PLAZA,2.0,10.0,,82001,62217081.0,Chaifatt13@hotmail.com,
201300000252,MCPHA1300045,GUARDIAN PHARMACY (KALLANG LEISURE PARK 2),PH,Pharmacy,5.0,STADIUM WALK,1.0,23.0,LEISURE PARK KALLANG,397693,63488750.0,gkpl@guardian.com.sg,
201300000249,PT9708,BIBINOGS PRESCHOOL K.A. PTE LTD,KN,Kindergarten,559.0,BUKIT TIMAH ROAD,,1.0,KING'S ARCADE,269695,92292664.0,principal@bibinogs.com,
201300000247,PT8972,LITTLE GREENHOUSE @ HOUGANG PTE LTD,CC,Childcare Centre,27.0,HOUGANG AVENUE 1,,,,538875,90031454.0,supinah@global-eduhub.com,
201300000244,9403708,FAMICARE BEDOK CLINIC PTE LTD,HC,Healthcare Institution,158.0,BEDOK SOUTH AVENUE 3,1.0,581.0,,460158,64428373.0,roychio@gmail.com,
201300000240,PT8969,LAVENDER MEADOWS ACADEMY PTE. LTD.,CC,Childcare Centre,633.0,VEERASAMY ROAD,1.0,134.0,,200633,62994804.0,principal@lavender-meadows.com,
201200000828,PT8882,GENESIS CHILD CARE (TP) PTE. LTD.,CC,Childcare Centre,433.0,TAMPINES STREET 43,1.0,61.0,,520433,96664141.0,joseph@nurtureeducation.com,
201200000825,PT9703,THE LITTLE HOUSE (MONTESSORI) PTE LTD,KN,Kindergarten,200.0,TURF CLUB ROAD,6.0,8.0,THE GRANDSTAND,287994,96827818.0,sebastian.katherine@gmail.com,
201200000824,12C0219,ONEDOCTORS FAMILY CLINIC,HC,Healthcare Institution,846.0,YISHUN RING ROAD,1.0,3611.0,YISHUN NEW TOWN,760846,62578980.0,onedoctorskhatib@yahoo.com.sg,
201200000823,RC1752,THE MORAL CHILDCARE CENTRE,CC,Childcare Centre,407.0,SERANGOON AVENUE 1,1.0,81.0,,550407,64874697.0,MORALCHILDCARE407@YAHOO.COM.SG,
201200000822,PT8881,SWEETLANDS CHILDCARE CLEMENTI 607 PTE. LTD.,CC,Childcare Centre,607.0,CLEMENTI WEST STREET 1,1.0,56.0,,120607,67770858.0,SWEETLANDSCLEMENTI607@GMAIL.COM,
201200000820,SS20154249,TECK YEW OPTICAL & WATCHES COMPANY,OS,Optical Shop,204.0,HOUGANG STREET 21,1.0,127.0,,530204,62813477.0,,
201200000819,EP05026,ZEE SCHOOLHOUSE PTE LTD,EI,Early Intervention Programmes,23.0,WAREHAM ROAD,,,,436788,64400090.0,enquiry@zee.com.sg,
201200000818,MCPH0400592,MOUNT ELIZABETH HOSPITAL,PH,Pharmacy,3.0,MOUNT ELIZABETH,2.0,0.0,MOUNT ELIZABETH HOSPITAL,228510,67312029.0,arabella.wong@parkway.sg,
201200000817,12C0210,THE S.K.MED CLINIC,HC,Healthcare Institution,154.0,WEST COAST ROAD,1.0,80.0,WEST COAST PLAZA,127371,67772018.0,louisaloo@hotmail.com,
201200000815,12C0211,TRINITY MEDICAL (PUNGGOL),HC,Healthcare Institution,,PUNGGOL PLACE,1.0,880.0,,823273,66948238.0,trinity.punggol@gmail.com,
201200000814,9402579,BOON KENG CLINIC & SURGERY,HC,Healthcare Institution,11.0,UPPER BOON KENG RD,1.0,919.0,,380011,67465456.0,,
201200000813,PT8879,NURTURESTARS CHILD CARE,CC,Childcare Centre,293.0,LORONG 6 TOA PAYOH,1.0,6.0,SAFRA CLUBHOUSE,319387,63540859.0,kitlow@nurturestars.sg,
201200000811,NT0531,MY FIRST SKOOL,CC,Childcare Centre,219.0,LORONG 8 TOA PAYOH,1.0,639.0,,310219,66349989.0,tanlili@myfirstskool.com,
201400000586,9403113,COMMUNITY WELLNESS CLINIC,HC,Healthcare Institution,21.0,GEYLANG EAST CENTRAL,,,"LEVEL 4, SINGHEALTH POLYCLINICS-",389707,63892200.0,bee_lan_ng@imh.com.sg,
201400000170,EP14090,LIFE SPEECH LLP,EI,Early Intervention Programmes,3.0,EVERTON PARK,1.0,73.0,,80003,64230032.0,enquiries@lifespeech.org,
201400000169,9401560,SUNNYVALE CLINIC & SURGERY,HC,Healthcare Institution,498.0,JURONG WEST ST 41,1.0,466.0,,640498,65670554.0,,
201400000166,PT9045,ODYSSEY THE GLOBAL PRESCHOOL PTE. LTD.,CC,Childcare Centre,191.0,JALAN LOYANG BESAR,,,,506996,65833809.0,stefaniekua@theodyssey.sg,
201400000165,14D0134,T32 DENTAL PEARL AT BEDOK PTE LTD,HC,Healthcare Institution,208.0,NEW UPPER CHANGI ROAD,1.0,661.0,,460208,65132173.0,bedok@t32dental.com,
201400000164,14M0109,THOMSON PAEDIATRIC CENTRE,HC,Healthcare Institution,339.0,THOMSON ROAD,6.0,5.0,THOMSON MEDICAL CENTRE,307677,62597667.0,tpc_level6@thomsonmedical.com,
201400000162,9405502,ISLAND ORTHOPAEDICS,HC,Healthcare Institution,6.0,NAPIER ROAD,2.0,16.0,GLENEAGLES MEDICAL CENTRE,258499,64745488.0,iocgmc02@healhtwaymedical.com,
201400000161,9405498,ISLAND ORTHOPAEDIC CONSULTANTS PTE LTD,HC,Healthcare Institution,3.0,MT ELIZABETH,5.0,8.0,MOUNT ELIZABETH MEDICAL CENTRE,228510,67375683.0,iocme@healthwaymedical.com,
201400000160,14D0050,Q & M DENTAL SURGERY (BRADDELL),HC,Healthcare Institution,111.0,LORONG 1 TOA PAYOH,1.0,360.0,,310111,63581098.0,QandM@QandM.com.sg,
201400000159,EP14093,BRIDGING STARS CHILDCARE PTE LTD,EI,Early Intervention Programmes,123.0,BUKIT MERAH LANE 1,1.0,78.0,,150123,62710322.0,bridgingstars@singnet.com.sg,
201400000158,EP14092,ICHIBAN NUTURELAND PTE LTD,EI,Early Intervention Programmes,31.0,HONG SAN WALK,,,,689022,67658426.0,inpl_2003@yahoo.com.sg,
201400000157,PT9640,ELITE LEARNING KINDERGARTEN PTE LTD,KN,Kindergarten,720.0,JURONG WEST AVENUE 5,,94.0,,640720,92335859.0,NYTSM@HOTMAIL.COM,
201400000156,11C0237,THOMSON DENTAL CENTRE,HC,Healthcare Institution,8.0,SINARAN DRIVE,7.0,,NOVENA SPECIALIST CENTER,307470,62550770.0,contact@thomsondentalcentre.com,
201300000241,PT8970,BRIDGING STARS CHILDCARE PTE. LTD.,CC,Childcare Centre,123.0,BUKIT MERAH LANE 1,1.0,78.0,,150123,62710322.0,BRIDGINGSTARS@SINGNET.COM.SG,
201300000238,9405537,ASIA HEALTHCARE DENTAL CENTRE,HC,Healthcare Institution,435.0,ORCHARD ROAD,15.0,2.0,WISMA ATRIA,238877,67372662.0,amalgamfree@asiahealthcare.sg,
201300000237,SS20153949,66 EYEWEAR,OS,Optical Shop,258.0,BUKIT PANJANG RING ROAD,1.0,62.0,,670258,67634348.0,,
201300000236,9402290,ST. ANDREW'S DENTAL SURGEONS,HC,Healthcare Institution,100.0,TRAS STREET,11.0,0.0,AMARA CORPORATE TOWER,79027,96345050.0,beautifulsmile@standrews.sg,
201300000235,12C0237,NOVENA ENT -  HEAD & NECK SURGERY SPECIALIST CENTRE,HC,Healthcare Institution,38.0,IRRAWADDY ROAD,4.0,34.0,MOUNT ELIZABETH NOVENA SPECIALIS,329563,69330451.0,enquiry.mnh@novena-ent.com,
201300000234,12C0236,NOVENA ENT-HEAD & NECK SURGERY SPECIALIST CENTRE,HC,Healthcare Institution,38.0,IRRAWADDY ROAD,4.0,,MOUNT ELIZABETH NOVENA SPECIALIS,329563,69330451.0,enquiry.mnh@novena-ent.com,
201300000233,11C0061,OLIVER DENTAL SURGERY PTE LTD - MINI DENTAL IMPLANT CENTRE,HC,Healthcare Institution,1.0,ORCHARD BOULEVARD,12.0,,CAMDEN CENTRE,248649,67347590.0,droliver@singnet.com.sg,
201300000232,9405578,SHENTON FAMILY MEDICAL CLINIC,HC,Healthcare Institution,728.0,ANG MO KIO AVENUE 6,1.0,4208.0,,560728,65545130.0,amk@parkwayshenton.com,
201300000231,12H0004,MOUNT ELIZABETH NOVENA HOSPITAL,HC,Healthcare Institution,38.0,IRRAWADDY ROAD,,,,329563,69330000.0,,
201300000230,9401555,STILL ROAD DENTAL SURGERY PTE LTD,HC,Healthcare Institution,8.0,EUNOS CRESCENT,1.0,2677.0,,400008,68410686.0,stillrddentalsurgery@gmail.com,
201300000229,PT8967,IKIDS WORLD PTE. LTD.,CC,Childcare Centre,35.0,SARACA ROAD,,,SELETAR HILLS ESTATE,807381,64814220.0,sarah@sunflowerikids.com.sg,
201300000228,SS20153958,LEGION EYEWEAR,OS,Optical Shop,221.0,BOON LAY PLACE,2.0,124.0,BOON LAY SHOPPING CENTRE,640221,62651186.0,Legioneyewear@yahoo.com.sg,
201300000227,13C0177,NOBLE DENTAL SURGERY,HC,Healthcare Institution,414.0,YISHUN RING ROAD,1.0,1849.0,,760414,67594828.0,nobledentalsurgery@gmail.com,
201300000225,SS20153961,GHIM MOH OPTICAL LLP,OS,Optical Shop,21.0,GHIM MOH ROAD,1.0,199.0,,270021,64672788.0,florence570@live.com,
201300000221,PT8965,NISSI CHILDCARE @ PASIR RIS PTE. LTD.,CC,Childcare Centre,443.0,PASIR RIS DRIVE 6,3.0,2.0,,510443,65852728.0,NISSICHILDCARE.PR@GMAIL.COM,
201200000810,9400583,GLORY DENTAL SURGERY PTE LTD,HC,Healthcare Institution,865.0,MOUNTBATTEN ROAD,2.0,2.0,KATONG SHOPPING CENTRE,437844,63447747.0,v@glory.sg,
201200000806,PT8876,AGAPE KIDS CAMPUS LLP,CC,Childcare Centre,1.0,CASHEW TERRACE,,,CASHEW ESTATE,679539,67644650.0,agapekidscampus@gmail.com,
201200000807,PT8877,WHARTON PRESCHOOL PTE. LTD.,CC,Childcare Centre,15.0,SERANGOON NORTH AVENUE 5,4.0,0.0,POPULAR HQ,554360,67553218.0,zainabah@whartonpreschool.com,
201200000805,NT0530,MY FIRST SKOOL,CC,Childcare Centre,134.0,POTONG PASIR AVENUE 3,1.0,180.0,,350134,66349989.0,INFO@MYFIRSTSKOOL.COM,
201200000804,SS20154264,MANCHESTER EYEWEAR & CONTACT LENS CENTRE PTE LTD,OS,Optical Shop,30.0,WOODLANDS AVENUE 1,1.0,3.0,THE WOODGROVE,739065,67655254.0,florence.see@hotmail.com,
201200000803,9401662,ARCADIA CLINIC,HC,Healthcare Institution,2.0,PANDAN VALLEY,1.0,211.0,,597626,64695122.0,arcadia.clinic@gmail.com,
201200000802,9400474,ELIAS FAMILY CLINIC & SURGERY,HC,Healthcare Institution,625.0,ELIAS RD,1.0,320.0,,510625,65847760.0,,
201200000795,11C0168,SHENTON MEDICAL GROUP,HC,Healthcare Institution,625.0,ELIAS ROAD,1.0,,ELIAS MALL,510625,65855768.0,pem@parkwayshenton.com,
201200000794,9403413,SHENTON MEDICAL GROUP,HC,Healthcare Institution,10.0,EUNOS RD 8,,1.0,SINGAPORE POST CENTRE,408600,68488018.0,spo@parkwayshenton.com,
201200000793,11C0220,SHENTON MEDICAL GROUP,HC,Healthcare Institution,1.0,JURONG WEST CENTRAL 2,1.0,,JURONG POINT SHOPPING CENTRE,648886,67915100.0,jpm@parkwayshenton.com,
201200000792,9403882,SHENTON MEDICAL GROUP,HC,Healthcare Institution,1.0,HARBOURFRONT PLACE,1.0,4.0,HARBOURFRONT TOWER ONE,98633,63775727.0,hbf@parkwayshentonway.com,
201200000791,12C0187,SHENTON MEDICAL GROUP,HC,Healthcare Institution,10.0,SENGKANG CENTRAL,1.0,4.0,BUANGKOK NEL MRT STATION,545061,63153671.0,bkc@parkwayshenton.com,
201200000789,12C0146,ONE MEDICAL CLINIC,HC,Healthcare Institution,728.0,JURONG WEST AVENUE 5,1.0,,,640728,67922143.0,one_medical_clinic@yahoo.com.sg,
201400000554,9400281,CHUAH CLINIC & SURGERY PTE LTD,HC,Healthcare Institution,113.0,ALJUNIED AVE 2,1.0,19.0,,380113,67452104.0,chuahsaybah@gmail.com,
201400000154,9405596,NOBEL SURGERY CENTRE,HC,Healthcare Institution,820.0,THOMSON ROAD,5.0,2.0,MOUNT ALVERNIA HOSPITAL,574623,62351371.0,nobelsurgery@nobelspecialists.com,
201400000150,9403529,HEALTHLINK MEDICAL CLINIC & SURGERY,HC,Healthcare Institution,5.0,UPPER ALJUNIED LANE,1.0,46.0,,360005,62890885.0,healthlinkmed@gmail.com,
201400000149,9405418,PRISTINE MEDICAL CLINIC,HC,Healthcare Institution,463.0,JURONG WEST STREET 41,1.0,582.0,,640463,65693455.0,s.shuaib@gmail.com,
201400000148,12C0056,HEALTHWAY MEDICAL,HC,Healthcare Institution,3.0,GATEWAY DRIVE,4.0,32.0,WESTGATE,608532,65606127.0,chroniccare@healthwaymedical.com,
201400000147,9405446,ISLAND ORTHOPAEDICS,HC,Healthcare Institution,820.0,THOMSON RD,1.0,,MOUNT ALVERNIA MEDICAL CENTRE,574623,63560588.0,iocma@healthwaymedical.com,
201400000145,EP14094,DYSLEXIA ASSOCIATION OF SINGAPORE (DAS),EI,Early Intervention Programmes,932.0,YISHUN CENTRAL 1,1.0,101.0,,760932,65940331.0,info@das.org.sg,
201400000144,PT9043,MINDCHAMPS PRESCHOOL @ YIO CHU KANG PTE. LTD.,CC,Childcare Centre,202.0,ANG MO KIO AVENUE 9,1.0,204.0,YIO CHU KANG SWIMMING COMPLEX,569771,64816626.0,DAVECHUA@MINDCHAMPS.ORG,
201400000143,MCPHA1400049,GUARDIAN PHARMACY (BUGIS JUNCTION 3),PH,Pharmacy,200.0,VICTORIA STREET,,,BUGIS JUNCTION,188021,68918321.0,gbju@guardian.com.sg,
201400000141,0200000,TAN TOCK SENG HOSPITAL,HC,Healthcare Institution,11.0,JALAN TAN TOCK SENG,,,,308433,62566011.0,,
201400000140,9400525,FAMILY MEDICINE CLINIC,HC,Healthcare Institution,58.0,MARINE TERRACE,1.0,65.0,,440058,64491606.0,lawrenceng@singnet.com.sg,
201400000139,14M0104,ONECARE CLINIC HOUGANG,HC,Healthcare Institution,104.0,HOUGANG AVENUE 1,1.0,1125.0,,530104,65250325.0,drkennethkoh@onecaremedical.com.sg,
201400000138,SS20153651,VISIONARIES EYEWEAR,OS,Optical Shop,138.0,TAMPINES ST 11,1.0,98.0,,521138,67899806.0,visionaries14@gmail.com,
201400000137,11C0174,NYAM FAMILY CLINIC,HC,Healthcare Institution,296.0,BEDOK ROAD,,,BEDOK SHOPPING COMPLEX,469452,64460069.0,nyampoh@gmail.com,
201400000135,9400089,B T GOH FAMILY CLINIC & SURGERY,HC,Healthcare Institution,194.0,KIM KEAT AVE,1.0,406.0,,310194,63544535.0,btgoh@singnet.com.sg,
201300000220,9402370,SUNSHINE CLINIC FAMILY PRACTICE & SURGERY,HC,Healthcare Institution,445.0,TAMPINES STREET 42,1.0,2.0,,520445,67833122.0,sunshineclinicsq@yahoo.com,
201300000219,11C0048,BURLINSON DENTAL SURGERY,HC,Healthcare Institution,697.0,EAST COAST ROAD,1.0,1.0,,459060,62413088.0,info@burlinsondental.com,
201300000218,11C0033,PARAMOUNT DENTAL CLINIC,HC,Healthcare Institution,108.0,HOUGANG AVENUE 1,1.0,1275.0,,530108,62889147.0,paramountdentalclinic@gmail.com,
201300000217,9405184,DENTAL ESSENCE,HC,Healthcare Institution,,TANGLIN ROAD,,,TUDOR COURT,247922,67339433.0,Lui_Andrew@hotmail.com,
201300000216,12C0261,DENTAL FOCUS HAIG CLINIC,HC,Healthcare Institution,10.0,HAIG ROAD,1.0,361.0,,430010,67441890.0,prodentalhaig.@gmail.com,
201300000215,12C0251,DENTAL FOCUS AMK 532 CLINIC,HC,Healthcare Institution,532.0,ANG MO KIO AVENUE 10,1.0,2499.0,CHENG SAN CENTRE,560532,64594784.0,prodentalamk@gmail.com,
201300000213,PT8963,VICTORIA MONTESSORI SCHOOLHOUSE PTE. LTD.,CC,Childcare Centre,823.0,TAMPINES STREET 81,2.0,0.0,,520823,67833886.0,VICTORIAMONTESSORI@YAHOO.COM.SG,
201300000211,SS20153974,EYE PRO OPTICS,OS,Optical Shop,761.0,YISHUN STREET 72,1.0,340.0,,760761,68520801.0,edmundsoh@gmail.com,
201300000209,13C0027,RCMC RIVERVALE CRESCENT MEDICAL CENTRE,HC,Healthcare Institution,,RIVERVALE CRESCENT,1.0,4.0,,541182,68860772.0,rcmclmg@gmail.com,
201300000208,13C0057,EXPAT DENTAL,HC,Healthcare Institution,10.0,SINARAN DRIVE,8.0,,NOVENA MEDICAL CENTER,307506,63976718.0,,
201300000206,9401210,OLIVER DENTAL SURGERY P L,HC,Healthcare Institution,242.0,TANJONG KATONG RD,,,,437030,63453125.0,droliver@singnet.com.sg,
201300000205,9404242,CANAAN DENTAL SURGERY PTE LTD,HC,Healthcare Institution,29.0,UPPER EAST COAST ROAD,,,CRESCENDO BUILDING,455291,64420293.0,dorcaschong@hotmail.com,
201300000204,EP13088,THE SPEECH PRACTICE PTE LTD,EI,Early Intervention Programmes,190.0,CLEMENCEAU AVENUE,5.0,28.0,,239924,81132020.0,enquiries@thespeechpractice.com,
201300000203,12C0188,Q & M DENTAL SURGERY (EUNOS MRT),HC,Healthcare Institution,30.0,EUNOS CRESCENT,1.0,,EUNOS MRT STATION,409423,67498518.0,QandM@QandM.com.sg,
201300000202,ST0126,PCF SPARKLETOTS PRESCHOOL @ CHUA CHU KANG BLK 19 (CC),CC,Childcare Centre,19.0,TECK WHYE LANE,1.0,49.0,,680019,67602428.0,Belinda.LowQB@pcf.org.sg,
201300000201,PT8962,MINDCHAMPS PRESCHOOL @ WOODLANDS PTE. LTD.,CC,Childcare Centre,11.0,WOODLANDS CLOSE,1.0,38.0,WOODLANDS 11,737853,63393296.0,theresakhiu@mindchamps.org,
201300000199,SS20153985,OPTIQUE ZONE,OS,Optical Shop,1.0,QUEENSWAY,1.0,54.0,QUEENSWAY SHOPPING CENTRE,149053,64724790.0,queensway@optiquezone.com,
201200000787,11C0004,DR HELEN TAN. CLINIC,HC,Healthcare Institution,225.0,JURONG EAST STREET 21,1.0,801.0,,600225,65621268.0,drhelantan@gmail.com,
201200000786,9403798,INTERNATIONAL PLAZA DENTAL SURGEONS,HC,Healthcare Institution,10.0,ANSON ROAD,2.0,45.0,INTERNATIONAL PLAZA,79903,62206230.0,alphaden@gmail.com,
201200000785,PH01732,SGH RETAIL PHARMACY (BLK 4),PH,Pharmacy,1.0,HOSPITAL DRIVE,1.0,0.0,SINGAPORE GENERAL HOSPITAL,169608,63265077.0,,
201200000775,PT8867,CARPE DIEM KIDZ PLAYHOUSE PTE. LTD.,CC,Childcare Centre,259.0,CANADA ROAD,,,,759791,62578422.0,sb@carpediem.com.sg,
201200000774,NC0002,MY FIRST SKOOL,CC,Childcare Centre,80.0,MARINE PARADE ROAD,4.0,8.0,PARKWAY PARADE SHOPPING CENTRE,449269,66349989.0,info@myfirstskool.com,
201200000776,PT8868,ZEE PLAYHOUSE PTE LTD,CC,Childcare Centre,,BUKIT TIMAH ROAD,,,,259699,68366365.0,GOBELL2000@YAHOO.COM.SG,
201200000784,ST0107,PCF SPARKLETOTS PRESCHOOL @ JURONG SPRING BLK 528 (DS),CC,Childcare Centre,528.0,JURONG WEST STREET 52,1.0,359.0,,640528,65691645.0,Siti.Salwanee.Jamil@pcf.org.sg,
201200000783,ST0106,PCF SPARKLETOTS PRESCHOOL @ ULU PANDAN BLK 15 (CC),CC,Childcare Centre,15.0,GHIM MOH ROAD,1.0,25.0,,270015,67625650.0,Neelima.rai@pcf.org.sg,
201200000782,PT8874,AMAZING STAR MONTESSORI HOUSE (CCK),CC,Childcare Centre,511.0,CHOA CHU KANG STREET 51,1.0,243.0,,680511,67633637.0,KENT72_3@HOTMAIL.COM,
201200000773,SS20154293,LENS HUB BY LEE HENG,OS,Optical Shop,88.0,TANGLIN HALT ROAD,1.0,5.0,,141088,64726082.0,kelly_dazy@hotmail.com,
201200000772,12C0164,LUMINOUS DENTAL CLINIC @ CHAI CHEE,HC,Healthcare Institution,,CHAI CHEE ROAD,1.0,389.0,,461026,64464364.0,lumindental@hotmail.com,
201200000770,AT201586,THE HEARING SOLUTION COMPANY PTE LTD,AT,Assistive Technology Device Providers,76.0,BRAS BASAH ROAD,1.0,1.0,,189558,63370090.0,contact@hearingsolution.com.sg,
201200000769,12C0182,MY FAMILY CLINIC (CLEMENTI),HC,Healthcare Institution,,CLEMENTI AVENUE 1,1.0,5.0,,121420,66942574.0,MFC.CLEMENTI@ALLIANCE.MD,
201200000768,CPE238698,MANASSEH MEYER SCHOOL PTE LTD,KP,CPE Kindergarten,71.0,OXLEY RISE,,,,238698,67379746.0,ADMIN@MANASSEHMEYER.EDU.SG,
201200000767,12C0190,ISLAND FAMILY CLINIC (BEDOK),HC,Healthcare Institution,763.0,BEDOK RESERVOIR VIEW,1.0,283.0,,470763,62435871.0,angeliccrusader@yahoo.com.sg,
201400000530,9403114,CHILD GUIDANCE CLINIC,HC,Healthcare Institution,3.0,SECOND HOSPITAL AVE,3.0,1.0,HEALTH PROMOTION BOARD BUILDING,168937,63892200.0,bee_lan_ng@imh.com.sg,
201400000529,9405494,NUH CHILD DEVELOPMENT UNIT @ JMC,HC,Healthcare Institution,60.0,JURONG WEST CENTRAL 3,,,LEVEL 2,648346,66652530.0,jasmine_lay_peng_tan@nuhs.edu.sg,
201400000134,PT9042,MY PREP SCHOOL (CHILDCARE),CC,Childcare Centre,73.0,LENGKONG DUA,,,,417731,64455088.0,caroline@myprepschool.com.sg,
201400000133,WP1109,THE CATERPILLAR'S COVE PTE. LTD.,CC,Childcare Centre,80.0,JURONG EAST STREET 21,3.0,2.0,DEVAN NAIR INSTITUTE,609607,65665110.0,info@thecaterpillarscove.com.sg,
201400000132,9400691,HONG ASSOCIATES CLINIC,HC,Healthcare Institution,111.0,JLN BUKIT MERAH,1.0,1682.0,,160111,62702233.0,drallanhong@gmail.com,
201400000131,SS20153658,TITUS EYE CARE PTE LTD,OS,Optical Shop,10.0,JALAN SERENE,2.0,,SERENE CENTRE,258748,64676388.0,Titus@tituseyecare.com,
201400000130,SS20153659,VISION PRO OPTIC,OS,Optical Shop,152.0,BUKIT BATOK STREET 11,1.0,260.0,,650152,65668289.0,,
201400000127,PT9695,JOYFUL JENIUS PRESCHOOL,KN,Kindergarten,,SERANGOON NORTH AVENUE 3,1.0,3.0,,552542,96225007.0,sandyleekaingoh@gmail.com,
201400000125,9405133,HEAL MEDICAL CENTRE,HC,Healthcare Institution,262.0,BALESTIER ROAD,4.0,,OKIO,329714,62509550.0,healjcc@gmial.com,
201400000124,14D0042,B9 DENTAL CENTRE,HC,Healthcare Institution,520.0,LORONG 6 TOA PAYOH,1.0,64.0,HDB HUB,310520,62518988.0,leongvicki@yahoo.com,
201400000122,ST0133,PCF SPARKLETOTS PRESCHOOL @ NEE SOON SOUTH BLK 879 (EY),CC,Childcare Centre,879.0,YISHUN STREET 81,1.0,243.0,,760879,65559154.0,Eileen.Chua@PCF.org.sg,
201400000121,PT9041,SUNFLOWER PRESCHOOL @ HOUGANG (PTE. LTD.),CC,Childcare Centre,90.0,HOUGANG AVENUE 10,5.0,8.0,HOUGANG MALL,538766,63866048.0,elmotic25@yahoo.com,
201400000120,14M0084,HEALTHWAY MEDICAL,HC,Healthcare Institution,748.0,YISHUN STREET 72,1.0,230.0,,760748,68537101.0,yvonne.tan@healthwaymedical.com,
201400000118,9401257,OUR FAMILY CLINIC & SURGERY PTE LTD,HC,Healthcare Institution,8.0,JLN BATU,1.0,15.0,,431008,64470847.0,ourfamilyclinic@yahoo.com.sg,
201400000117,13C0083,PROVIDENCE CLINIC @ REDHILL,HC,Healthcare Institution,86.0,REDHILL CLOSE,1.0,596.0,,150086,64710301.0,alexteo1203@yahoo.co.uk,
201400000116,NT0548,MY FIRST SKOOL,CC,Childcare Centre,236.0,LORONG 1 TOA PAYOH,1.0,66.0,,310236,66349989.0,INFO@MYFIRSTSKOOL.COM,
201400000114,14M0083,ETERN MEDICAL CLINIC (FERNVALE PALM),HC,Healthcare Institution,,SENGKANG WEST WAY,1.0,3.0,,791432,66047224.0,eternpalm@yahoo.com,
201300000198,9403551,FIRST LIGHT FAMILY CLINIC & SURGERY,HC,Healthcare Institution,272.0,BUKIT BATOK EAST AVENUE 4,1.0,72.0,,650272,65603930.0,firstlightclinic@gmail.com.,
201300000197,9403237,LU_ALLY DENTAL SURGERY,HC,Healthcare Institution,250.0,NORTH BRIDGE ROAD,5.0,4.0,RAFFLES CITY TOWER,179101,63390990.0,luallydentalsurgery@gmail.com,
201300000196,13C0160,SPECIALIST DENTAL GROUP,HC,Healthcare Institution,6.0,NAPIER ROAD,7.0,17.0,GLENEAGLES MEDICAL CENTRE,258499,64715150.0,gleneagles@specialistdentalgroup.com,
201300000195,PT9677,BANYAN TREE EDUCATION @ AMK PTE. LTD.,KN,Kindergarten,7030.0,ANG MO KIO AVENUE 5,1.0,40.0,NORTHSTAR @ AMK,569880,98798587.0,bojun0417@hotmail.com,
201300000193,12C0273,STARBITE DENTAL CENTRE,HC,Healthcare Institution,211.0,HOUGANG STREET 21,1.0,287.0,,530211,65199615.0,STARBITEDENTAL@GMAIL.COM,
201300000191,PT8959,ACEKIDZ @ WORK PTE. LTD.,CC,Childcare Centre,,CHOA CHU KANG CRESCENT,1.0,120.0,,683688,91707532.0,choachukang@acekidz.sg,
201300000190,RC1863,BETHEL KINDERLITES,KN,Kindergarten,114.0,ALJUNIED AVENUE 2,3.0,75.0,,380114,97526057.0,paggie60@bethelcs.org.sg,
201300000189,13C0107,GATEWAY DENTAL CENTER,HC,Healthcare Institution,25.0,GHIM MOH LINK,1.0,4.0,,270025,65693328.0,gatewaydentalcenter@gmail.com,
201300000188,MCPHA1300043,GUARDIAN PHARMACY (SUNTEC CITY),PH,Pharmacy,3.0,TEMASEK BOULEVARD,2.0,,SUNTEC CITY MALL,38983,62386439.0,gsun@guardian.com.sg,
201300000186,9402559,GENTLE DENTAL GROUP,HC,Healthcare Institution,401.0,RIVER VALLEY ROAD,,,,248299,68874456.0,mailadmin@gentledental.com.sg,
201300000185,9405756,GENTLE DENTAL GROUP @ BUKIT TIMAH,HC,Healthcare Institution,110.0,JALAN JURONG KECHIL,1.0,1.0,,598606,64666110.0,mailadmin@gentledental.com.sg,
201300000184,9405020,THE DENTAL STUDIO,HC,Healthcare Institution,290.0,ORCHARD ROAD,9.0,,PARAGON,238859,68360050.0,enquiry@dentalstudio.sg,
201300000182,14C0004,DHOBY DENTAL SURGERY,HC,Healthcare Institution,150.0,ORCHARD ROAD,2.0,9.0,ORCHARD PLAZA,238841,68367553.0,onnlok@gmail.com,
201300000181,11C0189,MEDIC SURGICAL & LASER CLINIC,HC,Healthcare Institution,1.0,TANJONG PAGAR PLAZA,1.0,28.0,,82001,62233303.0,drloohw@gmail.com,
201300000180,SS20154004,KOOLOOK PTE LTD,OS,Optical Shop,50.0,JURONG GATEWAY ROAD,2.0,40.0,,608549,62701303.0,VALERINE@CAPITOL.COM.SG,
201300000177,NT0540,MY FIRST SKOOL,CC,Childcare Centre,423.0,YISHUN AVENUE 11,1.0,550.0,,760423,66349989.0,info@myfirstskool.com,
201200000766,9402444,ALPHA DENTAL GROUP,HC,Healthcare Institution,8.0,SHENTON WAY,1.0,19.0,AXA TOWER,68811,62248003.0,alphaden@gmail.com,
201200000765,SS20154300,EMPEROR OPTICS & CONTACT LENS,OS,Optical Shop,3.0,SIMEI STREET 6,1.0,16.0,EASTPOINT,528833,67817666.0,Frsnlens@singnet.com,
201200000764,SS20154301,EYEWEAR CLINIC PTE LTD,OS,Optical Shop,330.0,ANG MO KIO AVENUE 1,1.0,1835.0,,560330,64591102.0,eyewearclinic@yahoo.com,
201200000763,SS20154302,FRIENDS VISION,OS,Optical Shop,495.0,JURONG WEST STREET 41,1.0,98.0,,640495,65668755.0,,
201200000762,SS20154303,ONG'S OPTICS & CONTACT LENS CENTRE,OS,Optical Shop,498.0,JURONG WEST STREET 41,1.0,468.0,,640498,65664388.0,alecworks@yahoo.com,
201200000761,12C0179,WOODGROVE MEDICAL,HC,Healthcare Institution,30.0,WOODLANDS AVENUE 1,2.0,,THE WOODGROVE,739065,63668831.0,kiamhwee@gmail.com,
201200000760,SS20154305,FORESIGHT CONTACT LENS OPTICS CENTRE,OS,Optical Shop,190.0,TOA PAYOH LORONG 6,1.0,544.0,,310190,63533438.0,foresight@pacific.net.sg,
201200000759,SS20154306,VISION & HEARING CARE CENTRE,OS,Optical Shop,132.0,JURONG GATEWAY ROAD,1.0,285.0,,600132,65656782.0,pehktjw@singnet.com.sg,
201200000758,KG1560,PINK TOWER MONTESSORI,KN,Kindergarten,252.0,TEMBELING ROAD,1.0,7.0,,423731,64442582.0,enquiries@pinktower.edu.sg,
201200000757,12C0149,ELISSA MEDICAL CLINIC,HC,Healthcare Institution,1.0,HOUGANG STREET 91,1.0,21.0,HOUGANG 1,538692,63122632.0,cheryl_leow@halley.com.sg,
201200000756,9400405,DRS. GOH & TAN FAMILY CLINIC & SURGERY,HC,Healthcare Institution,283.0,BISHAN STREET 22,1.0,191.0,,570283,64561600.0,drgohntan@gmail.com,
201200000755,SS20154310,KWONG SHIN PTE LTD,OS,Optical Shop,231.0,BAIN STREET,1.0,43.0,BRAS BASAH COMPLEX,180231,63386766.0,kshinopt@singnet.com.sg,
201200000754,EP12077,OLIVE TREE DEVELOPMENT CENTER PTE LTD,EI,Early Intervention Programmes,,THOMSON ROAD,,,GOLDHILL CENTRE,307626,62525200.0,lookwong.chin@gmail.com,
201200000753,SS20154312,ION OPTICAL,OS,Optical Shop,684.0,HOUGANG AVENUE 8,1.0,981.0,,530684,63873183.0,,
201200000752,SS20154313,TELOK BLANGAH OPTICAL CENTRE,OS,Optical Shop,12.0,TELOK BLANGAH CRESCENT,1.0,99.0,,90012,66933315.0,evolution7_mitsu@hotmail.com,
201200000751,EP15102,THYE HUA KWAN MORAL CHARITIES LIMITED (THK EIPIC CENTRE @ ANG MO KIO),EI,Early Intervention Programmes,313.0,ANG MO KIO AVENUE 3,1.0,2322.0,,560313,64999379.0,eipic@thkmc.org.sg,
201200000750,EP15101,THYE HUA KWAN MORAL CHARITIES LIMITED (THK EIPIC CENTRE @ TAMPINES),EI,Early Intervention Programmes,424.0,TAMPINES STREET 41,1.0,188.0,,520424,67835338.0,eipic@thkmc.org.sg,
201200000749,9402424,WILMER CLINIC PTE LTD,HC,Healthcare Institution,50.0,ARMENIAN STREET,1.0,1.0,WILMER PLACE,179938,63383888.0,wilmerentclinic@singnet.com.sg,
201200000748,9400519,FAMILY HEALTH CLINIC & SURGERY,HC,Healthcare Institution,2.0,BALESTIER ROAD,1.0,651.0,BALESTIER HILL SHOPPING CENTRE,320002,62542440.0,famhthcs@gmail.com,
201200000747,SS20154318,OPTICS EXCELLENCE & TRADING,OS,Optical Shop,727.0,CLEMENTI WEST STREET 2,1.0,268.0,,120727,67770733.0,shirleychua07@hotmail.com,
201400000113,PT9040,THE LITTLE CHAMPIONS (TLC) PTE. LTD.,CC,Childcare Centre,110.0,LORONG 23 GEYLANG,1.0,11.0,VICTORY CENTRE,388410,67468589.0,JOAN@THELITTLECHAMPIONS.COM.SG,
201400000112,9401522,SINGAPURA CLINIC,HC,Healthcare Institution,27.0,BENCOOLEN ST,1.0,27.0,BENCOOLEN HOUSE,189620,63361181.0,leekids78@yahoo.com,
201400000110,12C0102,EAGLE EYE CENTRE,HC,Healthcare Institution,38.0,IRRAWADDY ROAD,8.0,,MOUNT ELIZABETH NOVENA SPECIALIS,329563,65701000.0,eee@eagleeyecentre.com.sg,
201400000109,9405114,EAGLE EYE CENTRE@ MOUNT ELIZABETH,HC,Healthcare Institution,3.0,MOUNT ELIZABETH,8.0,8.0,MOUNT ELIZABETH MEDICAL CENTRE,228510,68360001.0,eec@eagleeyecentre.com.sg,
201400000108,9405289,EAGLE EYE CENTRE,HC,Healthcare Institution,319.0,JOO CHIAT PLACE,5.0,3.0,PARKWAY EAST MEDICAL CENTRE,427989,63481000.0,eec@eagleeyecentre.com.sg,
201400000107,9405714,EAGLE EYE CENTRE PTE LTD (EEC),HC,Healthcare Institution,820.0,THOMSON ROAD,6.0,,MOUNT ALVERNIA HOSPITAL MEDICAL,574623,64561000.0,eec@eagleeyecentre.com.sg,
201400000104,14M0071,INTERNATIONAL BABY CHILD & ADOLESCENT SPECIALIST CLINIC,HC,Healthcare Institution,38.0,IRRAWADDY ROAD,6.0,,MOUNT ELIZABETH NOVENA SPECIALIS,329563,67344112.0,ibcaspecialist@singnet.com.sg,
201400000103,RC1890,ANG MO KIO METHODIST CHURCH KINDERGARTEN,KN,Kindergarten,1.0,ANG MO KIO STREET 21,1.0,,ANG MO KIO METHODIST CHURCH,569383,67056165.0,principal@amkmckindergarten.org.sg,
201400000101,14M0047,UNITY FAMILY MEDICINE CLINIC,HC,Healthcare Institution,264.0,SERANGOON CENTRAL,1.0,205.0,,550264,65904300.0,enquiryfmc@ntuchealth.sg,
201400000100,14M0063,DR. TAN & PARTNERS,HC,Healthcare Institution,180.0,BENCOOLEN STREET,2.0,20.0,"BENCOOLEN, THE",189646,68844119.0,premkumar@drtanandpartners.com,
201400000098,MCPH1400057,WATSON'S PERSONAL CARE STORES PTE LTD (WEST MALL),PH,Pharmacy,1.0,BUKIT BATOK CENTRAL LINK,2.0,,WEST MALL,658713,67910324.0,064@str.watsons.com.sg,
201400000097,MCPH1400058,WATSON'S PERSONAL CARE STORES PTE LTD (ONE@KENTRIDGE),PH,Pharmacy,1.0,LOWER KENT RIDGE ROAD,1.0,,NUH MEDICAL CENTRE,119082,63346827.0,178@str.watsons.com.sg,
201400000096,ST0132,PCF SPARKLETOTS PRESCHOOL @ WOODLANDS BLK 853 (CC),CC,Childcare Centre,853.0,WOODLANDS STREET 83,1.0,132.0,,730853,63655537.0,ashira.ahmad@pcf.org.sg,
201400000094,NT0547,MY FIRST SKOOL,CC,Childcare Centre,54.0,CHIN SWEE ROAD,1.0,22.0,CHIN SWEE AREA OFFICE,160054,66349989.0,INFO@MYFIRSTSKOOL.COM,
201300000179,ST0125,PCF SPARKLETOTS PRESCHOOL @ ADMIRALTY BLK 571B (CC),CC,Childcare Centre,,WOODLANDS AVENUE 1,1.0,904.0,,732571,67348339.0,Nur.Sri.Dewi.Binte.Rahmat@pcf.org.sg,
201300000178,PT8958,MINDCHAMPS PRESCHOOL @ ZHONGSHAN PARK PTE. LTD.,CC,Childcare Centre,18.0,AH HOOD ROAD,5.0,51.0,,329983,67347702.0,deannang.ps@mindchamps.org,
201300000175,MCPHA1300041,WATSON'S PERSONAL CARE STORES PTE LTD (JEM),PH,Pharmacy,50.0,JURONG GATEWAY ROAD,,7.0,JEM,608549,67347578.0,170@watsons.com.sg,
201300000174,EP13086,ZEE LEARNING COVE PTE LTD,EI,Early Intervention Programmes,896.0,DUNEARN ROAD,2.0,,SIME DARBY CENTRE,589472,64400090.0,enquiry@zee.com.sg,
201300000170,NT0539,MY FIRST SKOOL,CC,Childcare Centre,459.0,JURONG WEST STREET 41,1.0,688.0,,640459,66349989.0,info@myfirstskool.com,
201300000169,NT0538,MY FIRST SKOOL,CC,Childcare Centre,197.0,PASIR RIS STREET 12,1.0,102.0,,510197,66349989.0,info@myfirstskool.com,
201300000172,PT8957,BRIGHTON MONTESSORI CENTRES PTE. LTD.,CC,Childcare Centre,764.0,MOUNTBATTEN ROAD,,,,437764,63488121.0,mb@brightonmontessori.com.sg,
201300000168,SS20154016,PEOPLE'S OPTICS,OS,Optical Shop,445.0,FAJAR ROAD,1.0,558.0,,670445,67627721.0,,
201300000167,12C0028,CARING DENTAL,HC,Healthcare Institution,111.0,LORONG 1 TOA PAYOH,1.0,362.0,,310111,63522282.0,caringdentalsingapore@gmail.com,
201300000166,MCPH1200664,WATSON'S PERSONAL CARE STORES PTE LTD (INTERNATIONAL PLAZA),PH,Pharmacy,10.0,ANSON ROAD,1.0,,INTERNATIONAL PLAZA,79903,62273176.0,012@str.watsons.com.sg,
201300000164,13C0126,Q & M DENTAL SURGERY (TAMPINES CENTRAL),HC,Healthcare Institution,10.0,TAMPINES CENTRAL 1,4.0,,TAMPINES ONE,529536,65883233.0,,
201300000163,13C0125,Q & M MEDICAL & AESTHETIC CLINIC (TAMPINES CENTRAL) PTE. LTD.,HC,Healthcare Institution,10.0,TAMPINES CENTRAL 1,4.0,,TAMPINES ONE,529536,67813323.0,QandM@QandM.com.sg,
201300000162,PW0122,GROW & GLOW @ PASIR RIS 51 CENTRE,CC,Childcare Centre,561.0,PASIR RIS STREET 51,1.0,265.0,,510561,65813437.0,pasirris51@pcs.org.sg,
201200000746,SS20154319,LENS VISION (LOYANG POINT),OS,Optical Shop,258.0,PASIR RIS STREET 21,1.0,15.0,LOYANG POINT,510258,65847185.0,bovinng@yahoo.com,
201200000745,SS20154320,LENS VISION (JURONG WEST),OS,Optical Shop,960.0,JURONG WEST STREET 92,1.0,180.0,,640960,67912316.0,bovinng@yahoo.com,
201200000743,9405718,ROYCE DENTAL SURGERY,HC,Healthcare Institution,328.0,CLEMENTI AVENUE 2,1.0,,,120328,67743586.0,hr@roycedental.com.sg,
201200000742,11C0228,ROYCE DENTAL SURGERY,HC,Healthcare Institution,21.0,GHIM MOH ROAD,1.0,203.0,,270021,64677128.0,hr@roycedental.com.sg,
201200000741,11C0076,ROYCE DENTAL SURGERY,HC,Healthcare Institution,371.0,WOODLANDS AVENUE 1,1.0,821.0,,730371,63687467.0,hr@roycedental.com.sg,
201200000740,PT8866,SWEETLANDS CHILDCARE YISHUN 458 PTE. LTD.,CC,Childcare Centre,458.0,YISHUN AVENUE 11,1.0,742.0,,760458,66844984.0,sweetlandsyishun458@gmail.com,
201200000738,PT8864,SWEETLANDS CHILDCARE FARRER RD 6 PTE. LTD.,CC,Childcare Centre,6.0,FARRER ROAD,1.0,72.0,,260006,64739049.0,SWEETLANDSFARRERRD6@GMAIL.COM,
201200000737,12C0110,NUHEALTH MEDICAL CENTRE,HC,Healthcare Institution,1.0,WOODLANDS ROAD,1.0,23.0,JUNCTION 10,677899,62199298.0,nuhealthj10@gmail.com,
201200000736,9405203,SILVER CROSS MEDICAL,HC,Healthcare Institution,502.0,JURONG WEST AVE 1,1.0,803.0,,640502,68992141.0,chroniccare@healthwaymedical.com,
201200000735,9405273,SILVER CROSS MEDICAL,HC,Healthcare Institution,,HOLLAND AVENUE,,,,278993,64622818.0,chroniccare@healthwaymedical.com,
201200000733,9405293,SILVER CROSS MEDICAL,HC,Healthcare Institution,3.0,CHEONG CHIN NAM ROAD,,,,599728,68751191.0,chroniccare@healthwaymedical.com,
201200000732,9402505,SILVER CROSS MEDICAL,HC,Healthcare Institution,846.0,YISHUN RING ROAD,1.0,3661.0,,760846,67599181.0,chroniccare@healthwaymedical.com,
201200000731,9405200,HEALTHWAY MEDICAL,HC,Healthcare Institution,406.0,SEMBAWANG DR,1.0,820.0,,750406,65556674.0,chroniccare@healthwaymedical.com,
201200000730,11C0009,HEALTHWAY MEDICAL,HC,Healthcare Institution,101.0,YISHUN AVENUE 5,1.0,15.0,,760101,67551345.0,chroniccare@healthwaymedical.com,
201200000729,9404291,HEALTHWAY MEDICAL CLINIC,HC,Healthcare Institution,684.0,HOUGANG AVENUE 8,1.0,965.0,,530684,63380339.0,,
201200000728,SS20154337,HAPPY EYES GROUP PTE LTD,OS,Optical Shop,625.0,ELIAS ROAD,1.0,330.0,ELIAS MALL,510625,65810677.0,spexpasiris@gmail.com,
201200000727,SS20154338,HAPPY EYES GROUP PTE LTD,OS,Optical Shop,3.0,SIMEI STREET 6,4.0,8.0,EASTPOINT MALL,528833,67833745.0,spexsimei@gmail.com,
201400000487,11X0007,CENTRE FOR MEDICAL IMAGING,HC,Healthcare Institution,290.0,ORCHARD ROAD,9.0,,PARAGON,238859,68818000.0,enquiry@cmi.com.sg,
201400000095,PT9037,BERRY TREE PRESCHOOL PRIVATE LIMITED,CC,Childcare Centre,,ANCHORVALE DRIVE,1.0,66.0,,543319,68757517.0,YYWP5656@GMAIL.COM,
201400000092,PT9035,INNATE MONTESSORI @ SCIENCE PARK2 PTE. LTD.,CC,Childcare Centre,20.0,SCIENCE PARK ROAD,1.0,29.0,TELETECH PARK,117674,67760103.0,AMRUTA2@YAHOO.COM,
201400000091,PT9034,DISCOVERY PLANET LIMITED PARTNERSHIP,CC,Childcare Centre,7030.0,ANG MO KIO AVENUE 5,1.0,46.0,NORTHSTAR @ AMK,569880,65701237.0,northstar@modern-montessori.com,
201400000090,RC1759,TZU CHI GREAT LOVE PRESCHOOL,CC,Childcare Centre,703.0,YISHUN AVENUE 5,1.0,270.0,,760703,67596470.0,preschool_yishun@tzuchi.org.sg,
201400000089,PT9033,BLOSSOM FANTASIA CENTRE PTE. LTD.,CC,Childcare Centre,26.0,MARIAM CLOSE,,,CHANGI GROVE,508668,65423898.0,BFC@BLOSSOMEDUGROUP.COM.SG,
201400000088,13C0131,THE ORTHODONTIC CLINIC,HC,Healthcare Institution,9.0,SCOTTS ROAD,8.0,,PACIFIC PLAZA,228210,67373850.0,info@orthodontic-clinic.sg,
201400000087,9403513,HISEMAINN MEDICAL CLINIC (BUKIT BATOK),HC,Healthcare Institution,,BUKIT BATOK ST 25,1.0,160.0,,654289,65691375.0,SCPOW@HISEMAINN.COM,
201400000086,9403514,HISEMAINN MEDICAL CLINIC (JURONG WEST),HC,Healthcare Institution,276.0,JURONG WEST ST 25,1.0,6.0,,640276,67958990.0,scpow@hisemainn.com,
201400000085,PT9032,LEARNING VISION @ WORK PTE. LTD.,CC,Childcare Centre,1.0,LOWER KENT RIDGE ROAD,7.0,1.0,,119082,63396130.0,audreytan@learningvision.com,
201400000083,RC1758,CHOW & CHOWS CHILDCARE & EARLY LEARNING CENTRE LTD.,CC,Childcare Centre,151.0,JALAN TECK WHYE,1.0,29.0,,680151,67669973.0,ELIZABETH.CHOW@RUBYGROUP.COM.SG,
201400000082,PT9031,SPRING BRAINY KIDZ GROUP PTE. LTD.,CC,Childcare Centre,306.0,UBI AVENUE 1,2.0,185.0,,400306,67439108.0,UB@SPRINGBRAINYKIDZ.COM,
201400000081,14D0023,SMILEPOINT DENTAL CENTRE,HC,Healthcare Institution,43.0,JALAN MERAH SAGA,1.0,64.0,,278115,64751028.0,dentalplusclinic@yahoo.com,
201400000080,PT9030,LEAP KIDS PRESCHOOL @ WOODLANDS PTE LTD,CC,Childcare Centre,11.0,WOODLANDS CLOSE,1.0,40.0,WOODLANDS 11,737853,66943135.0,esther@leapschoolhouse.com.sg,
201400000078,PT9028,DA LITTLE PRESCHOOL AT CECIL PRIVATE LIMITED,CC,Childcare Centre,141.0,CECIL STREET,1.0,1.0,TUNG ANN ASSOCIATION BUILDING,69541,62255506.0,jean@dalittleschool.com.sg,
201400000077,SS20153711,F J OPTICS,OS,Optical Shop,631.0,BEDOK RESERVOIR ROAD,1.0,976.0,,470631,64499120.0,alvintay1515@hotmail.com,
201400000076,9401611,TAN LEE CLINIC & SURGERY,HC,Healthcare Institution,446.0,PASIR RIS DR 6,1.0,126.0,,510446,65827448.0,tanlaykeang@gmail.com,
201300000159,SS20154025,APEX OPTICS & CONTACT LENS,OS,Optical Shop,845.0,GEYLANG ROAD,1.0,34.0,TANJONG KATONG COMPLEX,400845,67457479.0,cheong.apex@gmail.com,
201300000158,SS20154026,OPTIC FOCUS,OS,Optical Shop,183.0,TOA PAYOH CENTRAL,1.0,308.0,,310183,62588593.0,optic_focus@yahoo.com.sg,
201300000156,PT8953,BRILLIANT TOTS INFANT AND CHILDCARE,CC,Childcare Centre,30.0,JALAN KELULUT,,,SELETAR HILLS ESTATE,809045,67536659.0,jalankelulut@brillianttots.com.sg,
201300000155,PT8952,SUNSHINE KIDS CARE CENTRE PTE. LTD.,CC,Childcare Centre,,PUNGGOL FIELD,1.0,476.0,,822101,63126828.0,punggol@sunshinekids.com.sg,
201300000157,RC1757,BETHEL PRESCHOOL,CC,Childcare Centre,476.0,UPPER SERANGOON ROAD,,,,534514,62841612.0,BETHELPRESCHOOL@SINGNET.COM.SG,
201300000153,MCPHA1300040,GUARDIAN PHARMACY (ZHONGSHAN PARK),PH,Pharmacy,20.0,AH HOOD ROAD,1.0,,ZHONGSHAN MALL,329984,63394314.0,gzsp@guardian.com.sg,
201300000152,MCPHA1300039,GUARDIAN PHARMACY (JEM),PH,Pharmacy,50.0,JURONG GATEWAY ROAD,,,JEM,608549,66946042.0,gjem@guardian.com.sg,
201300000150,EP13087,CONNECT AND COMMUNICATE LLP,EI,Early Intervention Programmes,2985.0,JALAN BUKIT MERAH,2.0,,SMF Building,159457,62547422.0,admin@c-c.sg,
201300000146,PT8949,LITTLE WONDERS MONTESSORI CHILDCARE @ HILLVIEW PTE. LTD.,CC,Childcare Centre,2.0,HILLVIEW WAY,,,,669173,67667370.0,lwmonte@yahoo.com.sg,
201300000147,PT8950,LITTLE WONDERS MONTESSORI CHILDCARE @ REMAJA PTE. LTD.,CC,Childcare Centre,33.0,JALAN REMAJA,,,BAMBOO GROVE PARK,668693,67629202.0,lwmonte@yahoo.com.sg,
201300000149,ST0124,PCF SPARKLETOTS PRESCHOOL @ ZHENGHUA BLK 632A (CC),CC,Childcare Centre,,SENJA ROAD,1.0,167.0,,671632,63392149.0,Suraya.Sulaiman@pcf.org.sg,
201300000143,SS20154040,NEW OPTOMETRY AND OCULAR CARE CENTRE PTE LTD,OS,Optical Shop,190.0,CHANGI ROAD,,1.0,,419974,64711771.0,cigi@noocc.com,
201300000139,PT8946,SWEETLANDS CHILDCARE WOODLANDS @ ACE THE PLACE PTE. LTD.,CC,Childcare Centre,120.0,WOODLANDS AVENUE 1,3.0,1.0,ACE THE PLACE COMMUNITY CLUB,739069,68931108.0,SWEETLANDSACETHEPLACE@GMAIL.COM,
201400000855,9400380,HEALTHSPRINGS MEDICAL ASSOCIATES,HC,Healthcare Institution,541.0,ORCHARD RD,10.0,2.0,LIAT TOWERS,238881,67345260.0,associates@healthsprings.com.sg,
201400000073,13C0217,TAYKA MEDICAL FAMILY CLINIC,HC,Healthcare Institution,526.0,JURONG WEST STREET 52,1.0,323.0,,640526,65645528.0,sunilkumarjoseph@yahoo.com.sg,
201400000071,PT9027,OUR JUNIORS GLOBAL SCHOOLHOUSE PTE. LTD.,CC,Childcare Centre,1.0,BOURNEMOUTH ROAD,,,,439659,63480897.0,tgkatong@ourjuniors.com.sg,
201400000070,9405551,PAEDIATRIC CARDIOLOGY PTE LTD,HC,Healthcare Institution,3.0,MOUNT ELIZABETH,9.0,8.0,MOUNT ELIZABETH MEDICAL CENTRE,228510,67370855.0,kidsheartdr@yahoo.com.sg,
201400000068,9400768,JUNIOR BABY & CHILD CLINIC,HC,Healthcare Institution,57.0,MARINE TERRACE,1.0,133.0,,440057,64441123.0,hiewteckmin@yahoo.com.sg,
201400000065,PT9672,SINGAPORE HOKKIEN HUAY KUAN PRESCHOOL,KN,Kindergarten,5.0,SENNETT ROAD,,,SINGAPORE HOKKIEN HUAY KUAN CULT,466781,65899509.0,thamkf@shhkca.com.sg,
201400000064,PT9025,WHIZLAND MONTESSORI PTE. LTD.,CC,Childcare Centre,151.0,JALAN TECK WHYE,1.0,21.0,,680151,67693602.0,WHIZLANDPTELTD@HOTMAIL.COM,
201400000059,PT9020,BRIGHT JUNIORS PTE LTD,CC,Childcare Centre,,JURONG WEST STREET 64,1.0,334.0,,644660,68625606.0,jurongwest@brightjuniors.com.sg,
201400000062,PT9023,BRIGHT JUNIORS PTE. LTD.,CC,Childcare Centre,255.0,SERANGOON CENTRAL DRIVE,1.0,50.0,,550255,62811173.0,serangoon@brightjuniors.com.sg,
201400000063,PT9024,BRIGHT JUNIORS PTE. LTD.,CC,Childcare Centre,140.0,BISHAN STREET 12,1.0,484.0,BISHAN GREEN,570140,63531712.0,bishan@brightjuniors.com.sg,
201400000060,PT9021,BRIGHT JUNIORS PTE. LTD.,CC,Childcare Centre,350.0,CORPORATION DRIVE,1.0,550.0,,610350,62611146.0,corporationdr@brightjuniors.com.sg,
201300000138,PT8945,ETONHOUSE PRE-SCHOOL PTE LTD,CC,Childcare Centre,223.0,MOUNTBATTEN ROAD,1.0,11.0,223@MOUNTBATTEN ROAD,398008,64405100.0,JO.HO@ETONHOUSE.EDU.SG,
201300000137,SS20154045,NICE VISION OPTICAL,OS,Optical Shop,258.0,PASIR RIS STREET 21,2.0,333.0,LOYANG POINT,510258,65811251.0,jozoe918@yahoo.com.sg,
201300000136,SS20154046,NICE VISION OPTICAL,OS,Optical Shop,10.0,JURONG EAST STREET 12,1.0,11.0,JURONG EAST MRT,609690,68973986.0,jozoe918@yahoo.com.sg,
201300000135,SS20154047,NICE VISION OPTICAL,OS,Optical Shop,248.0,SIMEI STREET 3,1.0,108.0,MULTISTOREY CAR PARK,520248,67878730.0,jozoe918@yahoo.com.sg,
201300000134,SS20154048,NICE VISION OPTICAL,OS,Optical Shop,1.0,PASIR RIS CLOSE,2.0,115.0,PASIR RIS NTUC RESORT,519599,65833113.0,jozoe918@yahoo.com.sg,
201300000133,PT8944,PEGASUS INTERNATIONAL PRESCHOOL PTE. LTD.,CC,Childcare Centre,200.0,TURF CLUB ROAD,6.0,7.0,THE GRANDSTAND,287994,67352494.0,pegasus.internationalpreschool@gmail.com,
201300000132,SS20154050,J'S OPTICS,OS,Optical Shop,106.0,HOUGANG AVENUE 1,1.0,1205.0,,530106,62841755.0,irenekoh22@yahoo.com.,
201300000131,D13001,AWWA LTD -PRESCHOOL SUPPORT SERVICES -DSP,EI,Early Intervention Programmes,9.0,LORONG NAPIRI,,,,547531,65115215.0,karthik@awwa.org.sg,
201300000129,13C0078,Q & M DENTAL CENTRE (RAFFLES PLACE) PTE LTD,HC,Healthcare Institution,20.0,MALACCA STREET,1.0,0.0,MALACCA CENTRE,48979,62253033.0,QandM@QandM.com.sg,
201300000127,PT8943,LITTLE TREE HOUSE @ WESTWOOD PTE. LTD.,CC,Childcare Centre,82.0,WESTWOOD CRESCENT,,,,648782,67950200.0,aileen.tan@littletreehouse.com.sg,
201300000125,PH01646,SINGAPORE NATIONAL EYE CENTRE PTE LTD,PH,Pharmacy,11.0,THIRD HOSPITAL AVE,,,,168751,62277255.0,,
201300000123,13C0055,THE CLINIC@FUSIONOPOLIS,HC,Healthcare Institution,1.0,FUSIONOPOLIS PLACE,1.0,5.0,GALAXIS,138522,64660602.0,contact@theclinicatfusionopolis.com,
201300000122,AT201593,HEARING PARTNERS,AT,Assistive Technology Device Providers,402.0,ORCHARD ROAD,3.0,19.0,DELFI ORCHARD,238876,62388832.0,sin_cust.svc@oticon.com.sg,
201300000121,13C0103,PROHEALTH MEDICAL GROUP @PUNGGOL SPECTRA PTE. LTD.,HC,Healthcare Institution,,PUNGGOL CENTRAL,1.0,2.0,,824622,64447701.0,,
201300000120,AT201594,HEARING PARTNERS,AT,Assistive Technology Device Providers,320.0,CLEMENTI AVENUE 4,1.0,43.0,,120320,67767377.0,CLEMENTI@OTICON.COM.SG,
201300000119,AT201595,HEARING PARTNERS,AT,Assistive Technology Device Providers,80.0,MARINE PARADE ROAD,3.0,11.0,PARKWAY PARADE,449629,63462282.0,PARKWAY@OTICON.COM.SG,
201300000118,AT201596,HEARING PARTNERS,AT,Assistive Technology Device Providers,304.0,ORCHARD ROAD,5.0,,LUCKY PLAZA,238863,62356601.0,LUCKYPLZ@OTICON.COM.SG,
201400000056,PT9633,HANIS MONTESSORI KINDERGARTEN (KOVAN),KN,Kindergarten,777.0,UPPER SERANGOON ROAD,1.0,1.0,SAI HO BUILDING,534645,98450550.0,arina@ehanis.com.sg,
201400000055,PT9573,HANIS MONTESSORI KINDERGARTEN (WOODLANDS),KN,Kindergarten,424.0,WOODLANDS STREET 41,1.0,340.0,,730424,87190550.0,woodlands@ehanis.com.sg,
201400000054,PT9574,HANIS MONTESSORI KINDERGARTEN ( CHOA CHU KANG ),KN,Kindergarten,707.0,CHOA CHU KANG STREET 53,1.0,118.0,,680707,67665505.0,choa_chu_kang@ehanis.com.sg,
201400000053,PT9572,HANIS MONTESSORI KINDERGARTEN ( PASIR RIS ),KN,Kindergarten,775.0,BLK 775 PASIR RIS ST 71,1.0,402.0,,510775,65825505.0,pasir_ris@ehanis.com.sg,
201400000052,PT9584,HANIS MONTESSORI KINDERGARTEN ( TAMPINES ),KN,Kindergarten,374.0,TAMPINES STREET 34,1.0,42.0,,520374,67885505.0,tampines@ehanis.com.sg,
201400000051,PT9604,HANIS MONTESSORI KINDERGARTEN (ENTERPRISE ONE),KN,Kindergarten,1.0,KAKI BUKIT ROAD,1.0,10.0,ENTERPRISE ONE,415934,64405505.0,enterprise_one@ehanis.com.sg,
201400000050,PT9017,CHERIE HEARTS HOLDINGS PTE. LTD.,CC,Childcare Centre,533.0,CHOA CHU KANG STREET 51,2.0,1.0,,680533,67698789.0,limbang@cheriehearts.com.sg,
201400000048,13D0231,UNITY DENTICARE,HC,Healthcare Institution,682.0,HOUGANG AVENUE 4,1.0,324.0,,530682,65904300.0,denticare@unity.com.sg,
201400000046,11C0118,UNITY DENTICARE,HC,Healthcare Institution,300.0,TAMPINES AVENUE 5,1.0,5.0,NTUC INCOME TAMPINES JUNCTION,529653,63366222.0,denticare@unity.com.sg,
201400000045,PT9015,BRIGHT JUNIORS PTE. LTD.,CC,Childcare Centre,865.0,YISHUN STREET 81,1.0,21.0,,760865,67585493.0,yishun@brightjuniors.com.sg,
201400000042,ST0361,PCF SPARKLETOTS PRESCHOOL @ JALAN KAYU BLK 987C (DS),KN,Kindergarten,,BUANGKOK GREEN,1.0,33.0,,532987,64440810.0,Lee.Lia.Cheng@pcf.org.sg,
201400000040,SS20153748,EYECHAMP OPTOMETRISTS,OS,Optical Shop,3.0,GATEWAY DRIVE,,1.0,WESTGATE,608532,64843550.0,eyechamp@singnet.com.sg,
201300000117,AT201597,HEARING PARTNERS,AT,Assistive Technology Device Providers,722.0,ANG MO KIO AVENUE 8,1.0,2833.0,,560722,65545260.0,ANGMOKIO@OTICON.COM.SG,
201300000116,AT201598,HEARING PARTNERS,AT,Assistive Technology Device Providers,183.0,TOA PAYOH CENTRAL,1.0,254.0,,310183,63541038.0,TOAPAYOH@OTICON.COM.SG,
201300000115,AT201599,HEARING PARTNERS,AT,Assistive Technology Device Providers,925.0,YISHUN CENTRAL 1,2.0,227.0,,760925,67552252.0,YISHUN@OTICON.COM.SG,
201300000114,PT8942,CARPE DIEM KIDZ PTE. LTD.,CC,Childcare Centre,511.0,UPPER JURONG ROAD,2.0,4.0,,638366,62667957.0,arena@carpediem.com.sg,
201300000111,PT8939,LITTLE GREENHOUSE @ WOODLANDS PTE. LTD.,CC,Childcare Centre,161.0,WOODLANDS STREET 13,1.0,633.0,,730161,90031454.0,cici@global-eduhub.com,
201300000110,13C0085,ICARE MEDICAL AND WELLNESS CLINIC,HC,Healthcare Institution,22.0,HAVELOCK ROAD,1.0,701.0,,160022,62746858.0,larrydr@gmail.com,
201300000109,ST0122,PCF SPARKLETOTS PRESCHOOL @ SENGKANG CENTRAL BLK 208 (CC),CC,Childcare Centre,208.0,COMPASSVALE LANE,1.0,122.0,MULTI STOREY CAR PARK,540208,63126252.0,Yin.Ying.Jasmine.Pang@pcf.org.sg,
201300000108,ST0121,PCF SPARKLETOTS PRESCHOOL @ MARSILING BLK 12 (CC),CC,Childcare Centre,12.0,MARSILING LANE,1.0,23.0,,730012,62699308.0,Guay.Pheng.Yee@pcf.org.sg,
201300000106,13C0102,E H LOW BABY N' CHILD CLINIC PTE. LTD.,HC,Healthcare Institution,319.0,JOO CHIAT PLACE,4.0,1.0,PARKWAY EAST MEDICAL CENTRE,427989,63440583.0,ehlowdr@hotmail.com,
201300000104,PT8938,CAMBRIDGE CDC @ DAIRY FARM PTE. LTD.,CC,Childcare Centre,1.0,JALAN SUASA,,,GREEN HILL ESTATE,678493,67668208.0,CAMBRIDGEDRF@SINGNET.COM.SG,
201300000105,WP1108,CARPE DIEM LITTLE GREEN HOUSE PTE. LTD.,CC,Childcare Centre,11.0,WOODLANDS CLOSE,1.0,33.0,WOODLANDS 11,737853,66944313.0,wl@carpediem.com.sg,
201300000099,PH01739,NATIONAL SKIN CENTRE (S) PTE LTD (PHARMACY),PH,Pharmacy,1.0,MANDALAY RD,,,,308205,63508404.0,scloo@ncs.gov.sg,
201400000851,9402383,DR LIM LEAN HUAT & ASSOCIATES PTE LTD,HC,Healthcare Institution,101.0,IRRAWADDY ROAD,21.0,,ROYAL SQUARE AT NOVENA,329565,63238611.0,contact@drlimlh.com.sg,
201400000401,9403685,BRITISH DENTAL SURGERY,HC,Healthcare Institution,307.0,CHOA CHU KANG AVE 4,1.0,693.0,,680307,67653323.0,HELEN@QNM.SG,
201400000035,9401052,MARINE TERRACE FAMILY CLINIC,HC,Healthcare Institution,57.0,MARINE TERRACE,1.0,129.0,,440057,64420188.0,ongettes2@yahoo.com.sg,
201400000034,9400214,CHEN DENTAL SURGERY,HC,Healthcare Institution,463.0,JURONG WEST ST 41,1.0,560.0,,640463,65647809.0,surgerycds@yahoo.com.sg,
201400000033,11C0043,NOVENA MEDICAL CENTER FAMILY CLINIC,HC,Healthcare Institution,10.0,SINARAN DRIVE,11.0,19.0,SQUARE 2,307506,63977318.0,ongettes2@yahoo.com.sg,
201400000032,SS20153756,PRECISION OPTICS LLP,OS,Optical Shop,101.0,THOMSON ROAD,1.0,44.0,UNITED SQUARE,307591,63535144.0,precisionoptics2013@gmail.com,
201400000031,ST0131,PCF SPARKLETOTS PRESCHOOL @ BISHAN NORTH BLK 257 (CC),CC,Childcare Centre,257.0,BISHAN STREET 22,1.0,347.0,,570257,64584348.0,Vithiya.Thechanamurthy@pcf.org.sg,
201400000029,PT9011,LITTLE FOOTPRINTS SCHOOLHOUSE (PUNGGOL) PTE. LTD.,CC,Childcare Centre,,PUNGGOL FIELD,2.0,663.0,,824168,67020050.0,nai@littlefootprints.com.sg,
201400000030,PT9012,LITTLE FOOTPRINTS SCHOOLHOUSE (TEBAN GARDEN) PTE. LTD.,CC,Childcare Centre,,TEBAN GARDENS ROAD,1.0,1.0,,601022,63343738.0,raihannaparjo@gmail.com,
201400000025,SS20153763,GO EYECARE PTE LTD,OS,Optical Shop,846.0,YISHUN RING ROAD,1.0,3625.0,,760846,67577707.0,residentsoptical@gmail.com,
201400000024,SS20153764,NGEE ANN POLYTECHNIC,OS,Optical Shop,535.0,CLEMENTI ROAD,,,,599489,64666555.0,,
201400000023,13M0353,Q & M MEDICAL FAMILY CLINIC,HC,Healthcare Institution,261.0,SERANGOON CENTRAL DRIVE,1.0,29.0,,550261,64882336.0,QANDM@QANDM.COM.SG,
201400000022,SS20153766,EYECARE STUDIO III,OS,Optical Shop,23.0,SERANGOON CENTRAL,4.0,58.0,NEX,556083,66368223.0,eyecarestudio@gmail.com,
201400000021,13M0356,FERNVALE FAMILY CLINIC,HC,Healthcare Institution,,FERNVALE LANE,1.0,101.0,,793405,68756182.0,fernvalefamily@gmail.com,
201400000020,9400943,LI DENTAL SURGERY / LI DENTAL CENTRE,HC,Healthcare Institution,35.0,SELEGIE ROAD,1.0,,PARKLANE SHOPPING MALL,188307,63399331.0,drtrevorli@gmail.com,
201400000019,13M0361,ATRIO FAMILY CLINIC (AMK) PTE. LTD.,HC,Healthcare Institution,532.0,ANG MO KIO AVENUE 10,1.0,2461.0,CHENG SAN CENTRE,560532,64554282.0,tay.junmin@gmail.com,
201400000012,PT9004,RAFFLES KIDZ @ YIO CHU KANG PTE. LTD.,CC,Childcare Centre,4.0,TAMARIND ROAD,,,SERENE PARK,806014,64817110.0,ECDA_YCK@raffleskidz.com,
201300000098,SS20154083,BEYOND OPTICAL,OS,Optical Shop,407.0,ANG MO KIO AVENUE 10,1.0,747.0,,560407,62913840.0,,
201300000094,PT8934,KIDSCAMPUS TPCC PTE LTD,CC,Childcare Centre,101.0,CANTONMENT ROAD,3.0,1.0,TANJONG PAGAR COMMUNITY CLUB,89774,62237768.0,adelinetan@KIDSCAMPUS.SG,
201300000096,ST0119,PCF SPARKLETOTS PRESCHOOL @ KAKI BUKIT BLK 525 (CC),CC,Childcare Centre,525.0,BEDOK NORTH STREET 3,1.0,410.0,,460525,64490524.0,siti.nadiahAG@pcf.org.sg,
201300000095,PT8935,STAR LEARNERS @ TANJONG PAGAR PTE. LTD.,CC,Childcare Centre,1.0,TANJONG PAGAR PLAZA,2.0,,,82001,62500173.0,mengwei.tan@starlearners.com.sg,
201300000091,13C0067,A & A CLINIC,HC,Healthcare Institution,,WOODLANDS AVENUE 1,1.0,7.0,,732570,63390883.0,aznaruto@gmail.com,
201300000090,13C0052,FRONTIER FAMILY MEDICINE CLINIC,HC,Healthcare Institution,3151.0,COMMONWEALTH AVENUE WEST,4.0,1.0,CITYVIBE,129581,67788362.0,admin@frontierhealthcare.com.sg,
201300000082,NT0537,MY FIRST SKOOL,CC,Childcare Centre,51.0,HAVELOCK ROAD,1.0,23.0,MULTI STOREY CAR PARK,161051,66349989.0,INFO@MYFIRSTSKOOL.COM,
201300000088,ST0118,PCF SPARKLETOTS PRESCHOOL @ PUNGGOL NORTH BLK 172B (CC),CC,Childcare Centre,,EDGEDALE PLAINS,1.0,486.0,,822172,63124979.0,mamta.shukla@pcf.org.sg,
201300000086,RC1755,CHANGI BETHANY SCHOOL-HOUSE,CC,Childcare Centre,694.0,UPPER CHANGI ROAD EAST,,,,486824,65429171.0,PRINCIPAL@CBKINDY.EDU.SG,
201300000085,PT8930,THE ORANGE TREE (ALEXANDRA) PTE. LTD.,CC,Childcare Centre,,ALEXANDRA ROAD,1.0,2.0,ALEXANDRA TECHNOPARK,119968,62707877.0,puva@orangetree.com.sg,
201300000081,13C0059,ETERN MEDICAL CLINIC,HC,Healthcare Institution,70.0,PUNGGOL CENTRAL,1.0,5.0,PUNGGOL MRT STATION,828868,64259935.0,eternmedical@yahoo.com,
201300000080,SS20154101,HOLLAND OPTICAL CO,OS,Optical Shop,211.0,HOLLAND AVENUE,2.0,9.0,HOLLAND ROAD SHOPPING CENTRE,278967,64682009.0,hollandopt1978@yahoo.com.sg,
201400000011,PT9003,CAMBRIDGE CDC @ YIO CHU KANG PTE. LTD.,CC,Childcare Centre,1.0,TAMARIND ROAD,,,SERENE PARK,806011,64816252.0,cambridgeyck@hotmail.com,
201400000018,ST0130,HAMPTON PRE-SCHOOL TANJONG PAGAR,CC,Childcare Centre,126.0,KIM TIAN ROAD,3.0,2.0,MULTI STOREY CAR PARK,160126,67348682.0,veron.law@hampton.edu.sg,
201400000016,PT9008,CHERIE HEARTS HOLDINGS PTE. LTD.,CC,Childcare Centre,60.0,KIM KEAT ROAD,1.0,1.0,KIM KEAT HOUSE,328827,62526228.0,kimkeat@cheriehearts.com.sg,
201400000014,PT9006,OUR JUNIORS GLOBAL SCHOOLHOUSE PTE. LTD.,CC,Childcare Centre,68.0,JALAN PARI BURONG,,,PICARDY GARDEN,488718,62421707.0,tanah.merah@ourjuniors.com.sg,
201400000015,PT9007,OUR JUNIORS GLOBAL SCHOOLHOUSE PTE. LTD.,CC,Childcare Centre,33.0,WESTLAKE AVENUE,,,WEST LAKE GARDEN,574244,62505048.0,thomson@ourjuniors.com.sg,
201400000009,PT9001,BRIGHTON MONTESSORI CENTRES PTE. LTD.,CC,Childcare Centre,190.0,ANG MO KIO AVENUE 8,2.0,1.0,,568046,64558830.0,PaulineYong@brightonmontessori.com.sg,
201400000008,PT9000,SAFARI HOUSE PRESCHOOL THOMSON,CC,Childcare Centre,50.0,TAGORE LANE,,4.0,ENTREPRENEUR CENTRE,787494,64554822.0,TG@ZOO-PHONICS.COM.SG,
201400000007,PT8999,GREENLAND CHILDCARE PTE. LTD.,CC,Childcare Centre,535.0,KALLANG BAHRU,3.0,1.0,,339351,65383301.0,enquiries.greenlandcc@gmail.com,
201400000005,PT8997,LITTLE GREENHOUSE @ SENGKANG PTE. LTD.,CC,Childcare Centre,2.0,JALAN MERDU,,,,548651,90031454.0,cici@global-eduhub.com,
201400000004,PT8996,CALROSE ACADEMY PTE. LTD.,CC,Childcare Centre,11.0,WOODLANDS CLOSE,1.0,29.0,WOODLANDS 11,737853,63347680.0,KATE@REDSCHHS-WLS.COM,
201400000003,PT8995,LEARNING VISION @ WORK PTE. LTD.,CC,Childcare Centre,11.0,EUNOS ROAD 8,4.0,4.0,,408601,68422235.0,PuspalathaThiagarajan@learningvision.com,
201400000002,NT0546,MY FIRST SKOOL,CC,Childcare Centre,264.0,SERANGOON CENTRAL,1.0,201.0,,550264,66349989.0,info@myfirstskool.com,
201400000010,PT9002,PAT'S SCHOOLHOUSE PTE. LTD.,CC,Childcare Centre,190.0,ANG MO KIO AVENUE 8,1.0,4.0,THE GRASSROOTS CLUB,568046,86682502.0,elsielim@patschoolhouse.com,
201400000006,PT8998,LITTLE GREENHOUSE @ SENGKANG PTE. LTD.,CC,Childcare Centre,48.0,JALAN MERDU,,,,548675,90031454.0,cici@global-eduhub.com,
201300000398,ST0129,PCF SPARKLETOTS PRESCHOOL @ BUKIT TIMAH BLK 12 (CC),CC,Childcare Centre,12.0,TOH YI DRIVE,1.0,389.0,,590012,64666271.0,Rahayu.Bte.Kamsan@pcf.org.sg,
201300000079,RC1754,CI AI EDUCATION INCUBATOR,CC,Childcare Centre,,EDGEFIELD WALK,1.0,51.0,,822621,68860045.0,admin@ciaieducation.sg,
201300000078,PT8927,KIDZ KINGDOM PTE LTD,CC,Childcare Centre,168.0,CHANGI ROAD,2.0,1.0,FRAGRANCE BUILDING,419730,63448198.0,admin@kidz-kingdom.com,
201300000076,12C0244,BEO CRESCENT CLINIC & SURGERY,HC,Healthcare Institution,40.0,BEO CRESCENT,1.0,2.0,,160040,62750269.0,tristanex@gmail.com,
201300000074,PT8925,MINDCHAMPS PRESCHOOL @ BISHAN PTE. LTD.,CC,Childcare Centre,18.0,SIN MING LANE,1.0,17.0,MIDVIEW CITY,573960,67348400.0,SG.PSBISHAN@MINDCHAMPS.ORG,
201300000073,SS20154108,DE VISION EYEWEAR,OS,Optical Shop,253.0,SERANGOON CENTRAL DRIVE,1.0,231.0,,550253,62864013.0,,
201300000072,SS20154109,DE VISION EYEWEAR,OS,Optical Shop,332.0,ANG MO KIO AVENUE 1,1.0,1887.0,,560332,64547515.0,williamsiah@hotmail.com,
201300000071,SS20154110,DE VISION EYEWEAR,OS,Optical Shop,631.0,ANG MO KIO AVENUE 4,1.0,934.0,,560631,64567432.0,williamsiah@hotmail.com,
201300000070,SS20154111,CITY OPTICS,OS,Optical Shop,631.0,ANG MO KIO AVENUE 4,1.0,920.0,,560631,64563247.0,kaze_08@yahoo.com.sg,
201300000069,MCPH1200626,MT ALVERNIA HOSPITAL RETAIL PHARMACY,PH,Pharmacy,820.0,THOMSON ROAD,1.0,,MOUNT ALVERNIA HOSPITAL,574623,63476591.0,gladys_tay@mtalvernia-hospital.org,
201300000068,SS20154113,GLAZE OPTICS PTE LTD,OS,Optical Shop,768.0,WOODLANDS AVENUE 6,1.0,9.0,WOODLANDS MART,730768,68841570.0,,
201300000067,ST0117,PCF SPARKLETOTS PRESCHOOL @ WOODLANDS BLK 649 (CC),CC,Childcare Centre,649.0,WOODLANDS RING ROAD,1.0,430.0,,730649,67604160.0,Gurmeet.Kaur.Bath@pcf.org.sg,
201300000066,PT8924,OUR JUNIORS' SCHOOLHOUSE @ CHOA CHU KANG PTE. LTD.,CC,Childcare Centre,1.0,CHOA CHU KANG GROVE,1.0,2.0,ITE COLLEGE WEST,688236,68750887.0,Michelle.ong@ourjuniors.com.sg,
201300000064,PT8922,SUNFLOWER PRESCHOOL @ BALESTIER PTE. LTD.,CC,Childcare Centre,80.0,LORONG LIMAU,,,BALESTIER AREA OFFICE,320080,62562326.0,sunflowerpreschoolbalestier@gmail.com,
201300000063,SS20154118,I-OBSERVATION HOUSE PTE LTD,OS,Optical Shop,1.0,HOUGANG STREET 91,1.0,11.0,,538692,64890052.0,iohpl_jasonlee@yahoo.com.sg,
201300000062,MCPH0400076,"CHILD GUIDANCE CLINIC, HEALTH PROMOTION BOARD",PH,Pharmacy,3.0,SECOND HOSPITAL AVENUE,3.0,1.0,HEALTH PROMOTION BOARD,168937,64353807.0,yeon_ngan_ho@imh.com.sg,
201300000061,PH01839,CLINIC B PHARMACY,PH,Pharmacy,10.0,BUANGKOK VIEW,1.0,,INSTITUTE OF MENTAL HEALTH,539747,63892077.0,lay_beng_soh@imh.com.sg,
201400000341,9404921,APOLLO MEDICAL CENTRE,HC,Healthcare Institution,668.0,CHANDER ROAD,1.0,24.0,,210668,62962777.0,sorinder@hotmail.com,
201400000333,9402676,AMICAL DENTAL SURGERY,HC,Healthcare Institution,827.0,TAMPINES STREET 81,1.0,132.0,,520827,67866286.0,amical@dr.com,
201400000326,14D0002,ALOHA DENTAL PTE LTD,HC,Healthcare Institution,14.0,SCOTTS ROAD,4.0,,FAR EAST PLAZA,228213,67332268.0,alohaden@gmail.com,
201300000395,NT0545,MY FIRST SKOOL,CC,Childcare Centre,3.0,GATEWAY DRIVE,5.0,2.0,WESTGATE,608532,66349989.0,INFO@MYFIRSTSKOOL.COM,
201300000396,PT8993,SUNFLOWER MONTESSORI DISCOVERY ARK,CC,Childcare Centre,146.0,PASIR RIS ROAD,,,PASIR RIS BEACH PARK,519132,65848748.0,sunflowermonte@yahoo.com.sg,
201300000397,PT8994,MINDCHAMPS PRESCHOOL @ MARINA SQUARE,CC,Childcare Centre,6.0,RAFFLES BOULEVARD,1.0,213.0,MARINA SQUARE,39594,63330331.0,THERESAKHIU@MINDCHAMPS.ORG,
201300000394,SS20153792,SPECTACLE HUT,OS,Optical Shop,3.0,GATEWAY DRIVE,,33.0,WEST GATE,608532,63699317.0,SHSWG@spectaclehut.com.sg,
201300000393,SS20153793,SPECTACLE HUT,OS,Optical Shop,311.0,NEW UPPER CHANGI ROAD,,36.0,BEDOK MALL,467360,67024017.0,thwe@spectaclehut.com.sg,
201300000392,MCPH1300675,WATSON'S PERSONAL CARE STORES PTE LTD (RESORT WORLD SENTOSA),PH,Pharmacy,26.0,SENTOSA GATEWAY,1.0,71.0,RESORTS WORLD SENTOSA,98138,67955758.0,175@watsons.com.sg,
201300000391,PT8992,MINDCHAMPS PRESCHOOL @ RIVER VALLEY PTE. LTD.,CC,Childcare Centre,58.0,KIM YAM ROAD,3.0,1.0,THE HERENCIA,239359,63383002.0,admin.liangcourt@mindchamps.org,
201300000390,PT8991,MULBERRY LEARNING CENTRE@CCK PTE LTD,CC,Childcare Centre,26.0,HONG SAN WALK,,,COMFORT GARDEN,689017,90031454.0,principal.cck@mulberrylearning.com,
201300000389,NT0544,MY FIRST SKOOL,CC,Childcare Centre,137.0,JALAN BUKIT MERAH,1.0,1380.0,,160137,66349989.0,info@myfirstskool.com,
201300000388,NT0543,MY FIRST SKOOL,CC,Childcare Centre,,PUNGGOL PLACE,1.0,924.0,,822208,66349989.0,info@myfirstskool.com,
201300000387,9400447,"EAR, NOSE & THROAT CENTRE CC LAU",HC,Healthcare Institution,3.0,MT ELIZABETH,14.0,11.0,MOUNT ELIZABETH MEDICAL CENTRE,228510,62359535.0,entcclau@singnet.com.sg,
201300000386,9402258,ASIAMEDIC WELLNESS ASSESSMENT CENTRE,HC,Healthcare Institution,350.0,ORCHARD ROAD,8.0,0.0,SHAW HOUSE,238868,6789888.0,wellness@asiamedic.com.sg,
201300000385,13M0328,HEALTHPATH MEDICAL CLINIC AND SURGERY,HC,Healthcare Institution,338.0,ANG MO KIO AVENUE 1,1.0,1651.0,,560338,64832556.0,ngiamjuzheng@healthpathmedicalgroup.com,
201300000384,13M0329,PUNGGOL RIPPLES FAMILY CLINIC,HC,Healthcare Institution,,PUNGGOL WALK,1.0,667.0,,824211,65383707.0,admin@punggolripplesfamilyclinic.com,
201300000383,SS20153803,MYOPTIX PTE LTD,OS,Optical Shop,102.0,YISHUN AVENUE 5,1.0,121.0,,760102,67540788.0,samtan2372@yahoo.com,
201300000382,13M0317,PINNACLE FAMILY CLINIC (RIVER VALLEY),HC,Healthcare Institution,240.0,RIVER VALLEY ROAD,,,,238297,68366986.0,pinnaclefc@hotmail.com,
201300000381,PT9659,MRC KINDERGARTEN (YISHUN SOUTH),KN,Kindergarten,848.0,YISHUN STREET 81,1.0,150.0,KHATIB CENTRAL,760848,96232858.0,Eileen_tyk@yahoo.com.sg,
201300000380,9402521,HOSANNA ! DENTAL SURGERY,HC,Healthcare Institution,123.0,TOA PAYOH LOR 1,1.0,515.0,,310123,62588456.0,hosannadental@hotmail.com,
201300000379,13C0123,VITACARE FAMILY CLINIC (PUNGGOL CENTRAL),HC,Healthcare Institution,,PUNGGOL CENTRAL,1.0,5.0,,824622,66360805.0,chenyiming83@gmail.com,
201300000057,12C0212,Q & M DENTAL SURGERY (PUNGGOL),HC,Healthcare Institution,,PUNGGOL PLACE,1.0,880.0,,823273,63872683.0,"QandM@QandM.com,sg",
201300000053,NT0536,MY FIRST SKOOL,CC,Childcare Centre,,PUNGGOL PLACE,2.0,47.0,,821306,66349989.0,info@myfirstskool.com,
201300000051,13C0238,CHILDREN & ADULT SKIN HAIR LASER CLINIC,HC,Healthcare Institution,38.0,IRRAWADDY ROAD,7.0,,MOUNT ELIZABETH NOVENA SPECIALIS,329563,65702303.0,ENQUIRIES@CHILDRENADULTSKIN.COM.SG,
201300000050,PT8917,STAR LEARNERS @ ANG MO KIO PTE. LTD.,CC,Childcare Centre,320.0,ANG MO KIO AVENUE 1,1.0,1521.0,,560320,62500173.0,mengwei.tan@starlearners.com.sg,
201300000049,9400494,EVERTON CLINIC,HC,Healthcare Institution,7.0,EVERTON PARK,1.0,17.0,,80007,62207872.0,lilylie@hotmail.com,
201300000048,AT201589,THE HEARING CENTRE PTE LTD,AT,Assistive Technology Device Providers,304.0,ORCHARD ROAD,4.0,104.0,LUCKY PLAZA,238863,64742216.0,enquiry@thehearingcentre.sg,
201300000046,12C0246,REDHILL DENTAL SURGERY PTE LTD,HC,Healthcare Institution,,REDHILL ROAD,1.0,88.0,,154075,64713660.0,kuhclycos@yahoo.com.sg,
201300000045,EP12084,GUMDROPS,EI,Early Intervention Programmes,557.0,BUKIT TIMAH ROAD,2.0,19.0,CROWN CENTRE,269694,91712479.0,yiauchi@gmail.com,
201300000043,SS20154138,SPEX@AMK ONE PTE LTD,OS,Optical Shop,61.0,ANG MO KIO AVENUE 8,1.0,17.0,JUBILEE ENTERTAINMENT COMPLEX,569814,64555918.0,spexangmokio@gmail.com,
201300000041,13C0019,CLEMENTI FAMILY & AESTHETIC CLINIC,HC,Healthcare Institution,321.0,CLEMENTI AVENUE 3,1.0,,,129905,67766177.0,,
201300000036,PT8913,KIDDIWINKIE SCHOOLHOUSE @ GRANDSTAND PTE LTD,CC,Childcare Centre,200.0,TURF CLUB ROAD,5.0,8.0,,287994,67628878.0,cecilia.tan@kiddiwinkie.com.sg,
201300000377,9405688,CREST  DENTAL SURGERY,HC,Healthcare Institution,724.0,WOODLANDS AVE 6,1.0,502.0,,730724,63693368.0,crestdental@yahoo.com.sg,
201300000376,ST0128,PCF SPARKLETOTS PRESCHOOL @ SENGKANG CENTRAL BLK 210 (CC),CC,Childcare Centre,210.0,COMPASSVALE LANE,1.0,1.0,MULTI STOREY CAR PARK,540210,68344796.0,Chye.Heok.Sharon.Heng@pcf.org.sg,
201300000374,PT8989,IMAN CHILDCARE (JURONG) PTE. LTD.,CC,Childcare Centre,399.0,YUNG SHENG ROAD,1.0,19.0,,610399,62644163.0,suzliana@iman.edu.sg,
201300000373,NT0542,MY FIRST SKOOL,CC,Childcare Centre,50.0,SENGKANG WEST WAY,1.0,,,797621,66349989.0,INFO@MYFIRSTSKOOL.COM,
201300000375,PT8990,LITTLE FOOTPRINTS PRESCHOOL @ UBI PTE LTD,CC,Childcare Centre,67.0,UBI AVENUE 1,1.0,10.0,STARHUB GREEN,408942,65094701.0,tina.francis@littlefootprints.com.sg,
201300000372,13C0053,THE FAHRENHEIT MEDICAL CENTRE,HC,Healthcare Institution,218.0,BEDOK NORTH STREET 1,1.0,27.0,,460218,64438063.0,fahrenheitmedical@gmail.com,
201300000371,13D0257,Q & M DENTAL CENTRE (NOVENA),HC,Healthcare Institution,238.0,THOMSON ROAD,2.0,47.0,NOVENA SQUARE,307683,62582623.0,QandM@QandM.com.sg,
201300000369,MCPH1300612,WATSON'S PERSONAL CARE STORES PTE LTD (BEDOK MALL),PH,Pharmacy,311.0,NEW UPPER CHANGI ROAD,,,BEDOK MALL,467360,68449423.0,173@watsons.com.sg,
201300000368,13M0279,ONECARE CLINIC BOON LAY,HC,Healthcare Institution,221.0,BOON LAY PLACE,1.0,152.0,BOON LAY SHOPPING CENTRE,640221,62611580.0,admin@onecaremedical.com.sg,
201300000367,SS20153819,EYE SPECTRUM,OS,Optical Shop,5.0,UPPER BOON KENG ROAD,1.0,16.0,,380005,67494961.0,EYECARE@EYESPECTRUM.COM.SG,
201300000366,12C0114,HARBOUR POINT DENTAL CENTRE BY FDC,HC,Healthcare Institution,1.0,HARBOURFRONT PLACE,1.0,2.0,HARBOURFRONT TOWER ONE,98633,62718133.0,enquiry@hpdc-fdc.com.sg,
201300000365,MCPHA1300048,GUARDIAN PHARMACY (BEDOK MALL),PH,Pharmacy,311.0,NEW UPPER CHANGI ROAD,,,BEDOK MALL,467360,68449312.0,gbdm@guardian.com.sg,
201300000364,13D0275,Q & M DENTAL SURGERY (BUANGKOK MRT),HC,Healthcare Institution,10.0,SENGKANG CENTRAL,1.0,1.0,BUANGKOK MRT STATION,545061,63156882.0,QandM@QandM.com.sg,
201300000360,NT0541,MY FIRST SKOOL,CC,Childcare Centre,303.0,CANBERRA ROAD,1.0,29.0,,750303,66349989.0,INFO@MYFIRSTSKOOL.COM,
201300000038,PT8915,BLEU CASTLE LLP,CC,Childcare Centre,45.0,MACPHERSON ROAD,1.0,1.0,SENNETT ESTATE,348469,62818995.0,enquiry@bleucastle.com.sg,
201300000039,ST0115,PCF SPARKLETOTS PRESCHOOL @ HENDERSON-DAWSON BLK 59 (CC),CC,Childcare Centre,59.0,STRATHMORE AVENUE,1.0,93.0,,142059,64795402.0,Choon.Yen.Chin@pcf.org.sg,
201300000040,ST0116,PCF SPARKLETOTS PRESCHOOL @ TAMPINES CENTRAL BLK 867A (CC),CC,Childcare Centre,,TAMPINES STREET 83,1.0,265.0,,521867,67837868.0,Norellyna.Hamid@pcf.org.sg,
201300000035,NT0535,MY FIRST SKOOL,CC,Childcare Centre,,JURONG WEST CENTRAL 1,1.0,94.0,,641681,66349989.0,INFO@MYFIRSTSKOOL.COM,
201300000034,ST0360,PCF SPARKLETOTS PRESCHOOL @ PUNGGOL WEST BLK 271A (KN),KN,Kindergarten,,PUNGGOL WALK,1.0,509.0,,821271,67020790.0,Li.Li.Felicia.Ng@pcf.org.sg,
201300000033,SS20154148,D' OPTIQUE,OS,Optical Shop,,WOODLANDS AVENUE 6,1.0,42.0,,731678,68772468.0,d.optique@yahoo.com.sg,
201300000032,SS20154149,SOONG CHOON OPTICS PTE LTD - TOA PAYOH,OS,Optical Shop,183.0,TOA PAYOH CENTRAL,1.0,290.0,,310183,62556238.0,,
201300000031,SS20154150,SOONG CHOON OPTICS PTE LTD - TAMPINES,OS,Optical Shop,513.0,TAMPINES CENTRAL,1.0,158.0,,520513,67814015.0,,
201300000030,SS20154151,SOONG CHOON OPTICS PTE LTD - HOUGANG,OS,Optical Shop,203.0,HOUGANG STREET 21,1.0,51.0,,530203,62805506.0,,
201300000029,PT9611,FIRST STEP MONTESSORI HOUSE PTE. LTD.,KN,Kindergarten,716.0,YISHUN STREET 71,1.0,268.0,,760716,96345791.0,PRIYA@FIRSTSTEP.COM.SG,
201300000027,EP12085,THREE OAKS PTE LTD,EI,Early Intervention Programmes,,TANGLIN ROAD,1.0,2.0,PHOENIX PARK OFFICE CAMPUS BLOCK,247976,67362663.0,suvioffice@gmail.com,
201300000026,SS20154155,PACIFIC OPTICAL COMPANY,OS,Optical Shop,1.0,COLEMAN STREET,1.0,13.0,THE ADELPHI,179803,63373046.0,pacificoptical@ymail.com,
201300000025,13C0013,INTERNATIONAL BABY CHILD & ADOLESCENT CLINIC,HC,Healthcare Institution,726.0,ANG MO KIO AVENUE 6,1.0,,ANG MO KIO TOWN CENTRE,560726,65549554.0,whitefather11@yahoo.com.sg,
201300000024,AT201590,WIDEX SINGAPORE PTE LTD,AT,Assistive Technology Device Providers,50.0,BUKIT BATOK  WEST AVENUE 3,2.0,0.0,BUKIT BATOK POLYCLINIC,659164,65611664.0,,
201300000023,AT201591,WIDEX SINGAPORE PTE LTD,AT,Assistive Technology Device Providers,89.0,HOUGANG AVENUE 4,1.0,0.0,HOUGANG POLYCLINIC,538829,63434614.0,,
201300000022,AT201592,WIDEX SINGAPORE PTE LTD,AT,Assistive Technology Device Providers,304.0,ORCHARD ROAD,6.0,13.0,LUCKY PLAZA,238863,67346208.0,,
201300000021,ST0114,PCF SPARKLETOTS PRESCHOOL @ PUNGGOL COAST BLK 303A (DS),CC,Childcare Centre,,PUNGGOL CENTRAL,1.0,782.0,,821303,65562747.0,Goh.Sew.Lan@pcf.org.sg,
201300000020,PT8911,CARPE DIEM @ ITE PTE. LTD.,CC,Childcare Centre,2.0,ANG MO KIO DRIVE,1.0,7.0,ITE COLLEGE CENTRAL,567720,67527317.0,ite@carpediem.com.sg,
201400000682,12C0071,DE PACIFIC DENTAL GROUP (PASIR RIS),HC,Healthcare Institution,446.0,PASIR RIS DRIVE 6,1.0,124.0,,510446,65850030.0,,
201400000303,12C0264,ADVANCED DENTAL TAMPINES,HC,Healthcare Institution,482.0,TAMPINES STREET 43,1.0,238.0,,520482,67892628.0,,
201300000359,PH1300520,NTUC HEALTHCARE (WGA) WESTGATE,PH,Pharmacy,3.0,GATEWAY DRIVE,,21.0,WESTGATE,608532,62582810.0,sweechin.tan@unity.com.sg,
201300000358,11C0059,GLITTZ SMILE DENTAL SURGERY,HC,Healthcare Institution,24.0,PECK SEAH STREET,1.0,,NEHSONS BUILDING,79314,62244286.0,enquiry@gsds.com.sg,
201300000357,13D0286,DENTAL ICON,HC,Healthcare Institution,80.0,MARINE PARADE ROAD,5.0,3.0,PARKWAY PARADE,449269,64412345.0,admin@dentalicon.org,
201300000356,12C0252,BLESS MEDICAL CENTRE PTE LTD,HC,Healthcare Institution,221.0,BOON LAY PLACE,1.0,108.0,BOON LAY SHOPPING CENTRE,640221,62664119.0,blessmedicalcentre@gmail.com,
201300000354,SS20153832,EVERBRIGHT OPTOMETRIST LAB LLP,OS,Optical Shop,631.0,ANG MO KIO AVENUE 4,1.0,940.0,,560631,64511347.0,poohakagrace81@yahoo.com.sg,
201300000353,PT8985,JOSIAH MONTESSORI,CC,Childcare Centre,14.0,ROBINSON ROAD,5.0,1.0,FAR EAST FINANCE BUILDING,48545,62218638.0,hello@montessoriark.com,
201300000352,PT8984,CARPE DIEM SCHOOLHOUSE PTE. LTD.,CC,Childcare Centre,5.0,TOH YI DRIVE,1.0,221.0,,590005,64682341.0,ty@carpediem.com.sg,
201300000347,SS20153839,TOKYO MEGANE (KV) PTE LTD,OS,Optical Shop,205.0,HOUGANG STREET 21,2.0,0.0,KOVAN  HEARTLAND MALL,530205,62811733.0,ricksonchew@yahoo.com,
201300000346,11C0082,SMILE DENTAL CENTRE FOR AESTHETICS PTE LTD,HC,Healthcare Institution,231.0,EAST COAST ROAD,,,,428927,63461138.0,admin@smiledental.sg,
201300000345,9404116,"SMILE CENTRE FOR DENTAL EXCELLENCE - AESTHETICS, ORAL SURGERY AND DENTAL IMPLANTOLOGY",HC,Healthcare Institution,231.0,EAST COAST ROAD,,,,428927,63454218.0,admin@smiledental.sg,
201300000344,9404522,SMILE DENTAL @ MARINE TERRACE PTE LTD,HC,Healthcare Institution,59.0,MARINE TERRACE,1.0,91.0,,440059,62428823.0,admin@smiledental.sg,
201300000343,9404521,SMILE DENTAL GROUP PTE LTD,HC,Healthcare Institution,231.0,EAST COAST ROAD,,,,428927,63454218.0,admin@smiledental.sg,
201300000342,9400143,BUKIT TIMAH NAM SANG  CLINIC,HC,Healthcare Institution,80.0,JLN JURONG KECHIL,,,,598591,64690760.0,KSWEEHIANG@singnet.com.sg,
201300000341,9401675,THE CHILDREN'S MEDICAL CENTRE,HC,Healthcare Institution,508.0,BISHAN ST 11,1.0,386.0,,570508,63538050.0,shermela.appan@gmail.com,
201300000340,9401865,WHAMPOA CLINIC,HC,Healthcare Institution,88.0,WHAMPOA DR,1.0,863.0,,320088,62521020.0,angsamuel@gmail.com,
201300000019,PT9631,SEEDS D' LEARNING HOUSE,KN,Kindergarten,252.0,TEMBELING ROAD,2.0,7.0,TEMBELING CENTRE,423731,94375157.0,jenica@seedslearninggroup.com,
201300000018,PT9589,WHITE LODGE KINDERGARTEN PHOENIX PARK PTE LTD,KN,Kindergarten,310.0,TANGLIN ROAD,,,,247975,62554230.0,ganesh@whitelodge.edu.sg,
201300000016,SS20154165,SPECTACLE CULTURE PTE LTD,OS,Optical Shop,3.0,PICKERING STREET,1.0,47.0,NANKIN ROW,48660,65366988.0,enquiries@spectacleculture.com.sg,
201300000013,PT8910,MINDCHAMPS PRESCHOOL @ JURONG WEST PTE. LTD.,CC,Childcare Centre,20.0,JURONG WEST STREET 93,2.0,6.0,JURONG WEST SPORTS&RECREATIONCTR,648965,67908878.0,estherloo@mindchamps.org,
201300000015,WP1107,KINDERLAND PRESCHOOL,CC,Childcare Centre,55.0,NEWTON ROAD,5.0,1.0,REVENUE HOUSE,307987,63546153.0,norlikamari@kinderland.com.sg,
201300000012,PT8909,PRESCHOOL FOR MULTIPLE INTELLIGENCES INTERNATIONAL PTE. LTD.,CC,Childcare Centre,39.0,LORONG MELAYU,,,,416923,67471343.0,ENQUIRY@PMII.COM.SG,
201300000011,12C0289,THE BABY & CHILD CLINIC,HC,Healthcare Institution,644.0,BT BATOK CENTRAL,1.0,66.0,,650644,65690981.0,chuangjeeleng@hotmail.com,
201300000010,12C0265,WAN MEDICAL CLINIC,HC,Healthcare Institution,416.0,BEDOK NORTH AVENUE 2,1.0,21.0,,460416,62438352.0,wanmedicalclinic@gmail.com,
201300000002,PT8904,CARPE DIEM STARLETS 2 PTE. LTD.,CC,Childcare Centre,120.0,TECK WHYE LANE,1.0,808.0,,680120,68926686.0,tw@carpediem.com.sg,
201300000003,PT8905,CARPE DIEM STARLETS 1 PTE. LTD.,CC,Childcare Centre,110.0,TECK WHYE LANE,1.0,586.0,,680110,67636686.0,tw1@carpediem.com.sg,
201300000005,PT8907,TWINKLEKIDZ ACADEMY PTE. LTD.,CC,Childcare Centre,118.0,FIDELIO STREET,,,OPERA ESTATE,458493,90081770.0,jess.foo@twinklekidz.com,
201300000006,PT8908,MINDCHAMPS PRESCHOOL @ SERANGOON PTE. LIMITED,CC,Childcare Centre,151.0,LORONG CHUAN,3.0,6.0,NEW TECH PARK,556741,97468546.0,treecechng@mindchamps.org,
201300000007,ST0111,PCF SPARKLETOTS PRESCHOOL @ HONG KAH NORTH BLK 275A (CC),CC,Childcare Centre,,JURONG WEST STREET 25,1.0,127.0,,641275,67901850.0,Lim.Norsaleena@pcf.org.sg,
201300000008,ST0112,PCF SPARKLETOTS PRESCHOOL @ GAMBAS BLK 446 (CC),CC,Childcare Centre,446.0,YISHUN AVENUE 11,1.0,54.0,,760446,66946181.0,sunitha.do.subramaniam@pcf.org.sg,
201300000009,ST0113,PCF SPARKLETOTS PRESCHOOL @ TAMPINES CENTRAL BLK 713 (CC),CC,Childcare Centre,713.0,TAMPINES STREET 71,1.0,196.0,,520713,62601386.0,Suriati.Bte.Sahak@pcf.org.sg,
201300000001,NT0534,MY FIRST SKOOL,CC,Childcare Centre,229.0,ANG MO KIO AVENUE 3,1.0,1272.0,,560229,66349989.0,info@myfirstskool.com,
201400000680,9402648,DE PACIFIC DENTAL GROUP (AMK) PTE LTD,HC,Healthcare Institution,721.0,ANG MO KIO AVE 8,1.0,2809.0,,560721,64553343.0,,
201400000681,9403222,DE PACIFIC DENTAL GROUP (JURONG WEST BRANCH),HC,Healthcare Institution,965.0,JURONG WEST ST 93,1.0,211.0,,640965,63971050.0,,
201400000661,9405127,CLOVER MEDICAL CLINIC PTE LTD,HC,Healthcare Institution,21.0,CHOA CHU KANG NORTH 6,1.0,1.0,YEW TEE POINT,689578,65094480.0,shujuan@gmail.com,
201400000669,9404699,COMMUNITY WELLNESS CLINIC,HC,Healthcare Institution,580.0,STIRLING ROAD,4.0,1.0,,148958,63892200.0,BEE_LAN_NG@IMH.COM.SG,
201300000339,ST0127,PCF SPARKLETOTS PRESCHOOL @ PUNGGOL NORTH BLK 622C (CC),CC,Childcare Centre,,PUNGGOL CENTRAL,1.0,290.0,,823622,66049881.0,Mui.Kheng.Serena.Ng@pcf.org.sg,
201300000337,9402152,OMNI DENTAL CENTRE,HC,Healthcare Institution,260.0,ORCHARD ROAD,8.0,5.0,THE HEEREN,238855,67377375.0,admin@omnidental.com.sg,
201300000336,MCPH1300489,WATSON'S PERSONAL CARE STORES PTE LTD (HOUGANG MALL),PH,Pharmacy,90.0,HOUGANG AVENUE 10,3.0,2.0,HOUGANG MALL,538766,62877589.0,072@str.watsons.com.sg,
201300000335,9403960,CITY DENTAL SURGERY,HC,Healthcare Institution,1.0,COLEMAN STREET,,36.0,THE ADELPHI,179803,63372416.0,citydentalsurgery@yahoo.com,
201300000334,9405330,NUTRAMED CLINIC,HC,Healthcare Institution,1.0,GRANGE ROAD,10.0,10.0,ORCHARD BUILDING,239693,67350706.0,info@nutramed.com.sg,
201300000333,9405749,MINT MEDICAL CENTRE,HC,Healthcare Institution,1.0,HARBOURFRONT PLACE,1.0,10.0,HARBOURFRONT TOWER ONE,98633,62729372.0,admin@mintmed.com.sg,
201300000332,9404566,VINCENT'S DENTAL SURGERY,HC,Healthcare Institution,245.0,TANJONG KATONG ROAD,,,BENG TONG MANSION,437033,63464346.0,contactus@vincentsdentalsurgery.com,
201300000331,9400136,BUKIT BATOK DENTAL SURGERY PTE LTD,HC,Healthcare Institution,207.0,BT BATOK ST 21,1.0,114.0,,650207,65603311.0,chanthiansang@yahoo.com.sg,
201300000330,9401677,THE CORONATION CLINIC,HC,Healthcare Institution,587.0,BUKIT TIMAH ROAD,2.0,1.0,,269707,64686768.0,tvcr123@gmail.com,
201300000329,9404714,TAYKA MEDICAL,HC,Healthcare Institution,,DESKER ROAD,,,,209562,63924473.0,sunilkumarjoseph@yahoo.com.sg,
201300000328,PT8983,MINDCHAMPS PRESCHOOL @ UPT,CC,Childcare Centre,9.0,TAGORE LANE,1.0,8.0,9 @ TAGORE,787472,65521032.0,shirleylin@mindchamps.org,
201300000326,9404962,TOOFDOCTOR DENTAL SURGEONS SUNTEC,HC,Healthcare Institution,3.0,TEMASEK BOULEVARD,2.0,,SUNTEC CITY MALL,38983,63380090.0,adelphi.toofdoctor@gmail.com,
201300000324,9405564,TOOFDOCTOR DENTAL SURGEONS (PINNACLE),HC,Healthcare Institution,1.0,CANTONMENT ROAD,1.0,3.0,PINNACLE@DUXTON,80001,66341811.0,pinnacle@toofdoctor.com.sg,
201300000323,9401405,ROCHOR DENTAL CLINIC PTE LTD,HC,Healthcare Institution,175.0,BENCOOLEN STREET,1.0,,BURLINGTON SQUARE,189649,63382305.0,drshahul14@gmail.com,
201300000321,SS20153865,EYEBAR OPTICS,OS,Optical Shop,17.0,PETIR ROAD,,,HILLION MALL,678278,62669556.0,toni@eyebar.co,
201300000320,9405790,DENTAL ON THE BAY,HC,Healthcare Institution,2.0,BAYFRONT AVENUE,,60.0,MARINA BAY SANDS,18972,63769001.0,enquiries@dentalontheaby.com,
201200000888,SS20154181,OPTIQUE I.C.U.,OS,Optical Shop,30.0,SEMBAWANG DRIVE,2.0,2.0,SUN PLAZA,757713,65551583.0,tayyeegin2000@gmail.com,
201200000887,SS20154182,MORRISON OPTICAL (FAR EAST) PTE LTD,OS,Optical Shop,548.0,WOODLANDS DRIVE 44,2.0,33.0,VISTA POINT,730548,68912303.0,Terensng@gmail.com,
201200000886,SS20154183,MORRISON OPTICAL (INTERNATIONAL) PTE LTD,OS,Optical Shop,888.0,WOODLANDS DRIVE 50,1.0,,,730888,63683705.0,Terensng@gmail.com,
201200000885,SS20154184,SENSE VISIONCARE PTE LTD,OS,Optical Shop,118.0,RIVERVALE DRIVE,1.0,9.0,,540118,63882990.0,Terensng@gmail.com,
201200000884,SS20154185,SENSE VISIONCARE PTE LTD,OS,Optical Shop,21.0,CHOA CHU KANG NORTH 6,1.0,14.0,,689578,64650086.0,Terensng@gmail.com,
201200000883,SS20154186,MORRISON OPTICAL (INTERNATIONAL) PTE LTD,OS,Optical Shop,118.0,RIVERVALE DRIVE,1.0,36.0,RIVERVALE PLAZA,540118,63882032.0,Terensng@gmail.com,
201200000882,SS20154187,MORRISON OPTICAL PTE LTD,OS,Optical Shop,166.0,WOODLANDS STREET 13,1.0,533.0,,730166,63666300.0,Terensng@gmail.com,
201200000881,SS20154188,EYEPLAY PTE LTD,OS,Optical Shop,2.0,TAMPINES CENTRAL 5,1.0,42.0,CENTURY SQUARE,529509,67819390.0,,
201200000880,SS20154189,EYEPLAY PTE LTD,OS,Optical Shop,200.0,VICTORIA STREET,3.0,4.0,BUGIS JUNCTION,188021,63389940.0,Terensng@gmail.com,
201200000879,SS20154190,SENSE OPTICAL PTE LTD,OS,Optical Shop,305.0,WOODLANDS STREET 31,1.0,71.0,,730305,63681838.0,,
201200000878,SS20154191,SENSE OPTICAL PTE LTD,OS,Optical Shop,11.0,RIVERVALE CRESCENT,1.0,32.0,RIVERVALE MALL,545082,63881990.0,Terensng@gmail.com,
201200000877,PH01650,THOMSON MEDICAL CENTRE,PH,Pharmacy,339.0,THOMSON ROAD,,,THOMSON MEDICAL CENTRE,307677,62502222.0,,
201200000876,SS20154193,MORRISON OPTICAL (SINGAPORE) PTE LTD,OS,Optical Shop,101.0,UPPER CROSS STREET,1.0,,PEOPLE'S PARK CENTRE,58357,65351980.0,Terensng@gmail.com,
201200000875,SS20154194,MORRISON OPTICAL (SINGAPORE) PTE LTD,OS,Optical Shop,682.0,HOUGANG AVENUE 4,1.0,334.0,,530682,63866138.0,Terensng@gmail.com,
201200000874,SS20154195,MORRISON OPTICAL (HOLDINGS) PTE LTD,OS,Optical Shop,353.0,CLEMENTI  AVENUE 2,1.0,,,120353,68725220.0,,
201200000873,SS20154196,MORRISON OPTICAL (FAR EAST) PTE LTD,OS,Optical Shop,144.0,TECK WHYE LANE,1.0,217.0,,680144,64687501.0,Terensng@gmail.com,
201200000872,PT9632,SUMMER MONTESSORI,KN,Kindergarten,21.0,YUNG HO ROAD,1.0,4.0,THE AGAPE,618593,98808966.0,Danielobh@hotmail.com,
201200000871,ST0110,PCF SPARKLETOTS PRESCHOOL @ BUONA VISTA BLK 32 (CC),CC,Childcare Centre,32.0,HOLLAND CLOSE,1.0,134.0,,270032,67746348.0,Mui.Hui.Sarah.Chan@pcf.org.sg,
201200000868,PT8901,CAMBERLEY INTERNATIONAL PRE-SCHOOL PRIVATE LIMITED,CC,Childcare Centre,16.0,FLOWER ROAD,,,,549405,63835025.0,ENQUIRIES@CAMBERLEY-EDU.COM,
201400000660,9405576,CLINIC@COSTA,HC,Healthcare Institution,84.0,BAYSHORE ROAD,1.0,,COSTA DEL SOL,469994,62433638.0,cliniccosta@gmail.com,
201400000643,9405748,CHARISMILE DENTISTRY,HC,Healthcare Institution,10.0,ANSON ROAD,2.0,47.0,INTERNATIONAL PLAZA,79903,65572655.0,charismile@singnet.com.sg,
201300000319,9405313,I.DENTAL SURGEONS,HC,Healthcare Institution,168.0,ROBINSON ROAD,1.0,4.0,CAPITAL TOWER,68912,63232813.0,info@idental.com.sg,
201300000318,11C0037,INVISIBLE BRACES CLINIC,HC,Healthcare Institution,168.0,ROBINSON ROAD,9.0,4.0,CAPITAL TOWER,68912,63232813.0,80000000@bb.com,
201300000317,9405677,I.DENTAL @ YISHUN,HC,Healthcare Institution,1.0,NORTHPOINT DRIVE,,176.0,NORTHPOINT CITY,768019,67561868.0,np@idental.com.sg,
201300000315,9404856,TOOFDOCTOR DENTAL SURGEONS (SERANGOON CENTRAL),HC,Healthcare Institution,263.0,SERANGOON CENTRAL DRIVE,1.0,71.0,,550263,64875027.0,serangoon@toofdoctor.com.sg,
201300000314,9404009,TOOFDOCTOR DENTAL CENTRE,HC,Healthcare Institution,1.0,TRAS LINK,2.0,7.0,ORCHID HOTEL,78867,62211121.0,tanjongpagar@toofdoctor.com.sg,
201300000313,12C0136,TRINITY MEDICAL CLINIC,HC,Healthcare Institution,130.0,JURONG GATEWAY ROAD,2.0,,,600130,65607088.0,admin@trinitymedical.com.sg,
201300000312,PT8981,SUNFLOWER PRESCHOOL @ CLEMENTI PTE. LTD.,CC,Childcare Centre,431.0,CLEMENTI AVENUE 3,1.0,348.0,,120431,67782831.0,totsnkids@ymail.com,
201300000311,PT8980,WHIZKID PRESCHOOL CENTER PTE LTD,CC,Childcare Centre,89.0,MARINE PARADE CENTRAL,2.0,750.0,,440089,62477333.0,info@whizkid.com.sg,
201300000310,PT8979,LEARNING VISION @ WORK PTE. LTD.,CC,Childcare Centre,673.0,BUKIT TIMAH ROAD,,,THE CHINESE HIGH SCHOOL,269735,64679322.0,shinalu@learningvision.com,
201300000308,13C0171,W EYE CLINIC,HC,Healthcare Institution,3.0,TEMASEK BOULEVARD,1.0,,SUNTEC CITY MALL,38983,63379119.0,info@weyeclinic.sg,
201300000307,9400308,COMFORT CLINIC & SURGERY,HC,Healthcare Institution,214.0,SERANGOON AVE 4,1.0,100.0,,550214,62807271.0,comfortclinic@yahoo.com.sg,
201300000306,12C0180,DENTAL FOCUS HOUGANG GREEN CLINIC,HC,Healthcare Institution,21.0,HOUGANG STREET 51,1.0,34.0,HOUGANG GREEN SHOPPING MALL,538719,63860308.0,lkdshougang@gmail.com,
201300000305,12C0225,DENTAL FOCUS YISHUN CLINIC,HC,Healthcare Institution,236.0,YISHUN RING ROAD,1.0,1010.0,,760236,67521888.0,dentalunlimited.joe@gmail.com,
201300000304,9404481,PARKLANE MEDICAL CENTRE,HC,Healthcare Institution,35.0,SELEGIE ROAD,2.0,,PARKLANE SHOPPING MALL,188307,63346778.0,parkmc@singnet.com.sg,
201300000303,13C0091,TRINITY MEDICAL CENTRE (MARINE PARADE),HC,Healthcare Institution,87.0,MARINE PARADE CENTRAL,1.0,503.0,,440087,63440027.0,dockuok@gmail.com,
201300000302,13M0256,YISHUNONE FAMILY CLINIC,HC,Healthcare Institution,743.0,YISHUN AVENUE 5,1.0,534.0,,760743,67590950.0,admin@yishunonefamilyclinic.sg,
201300000301,9404630,TAN-TEOH CLINIC & SURGERY,HC,Healthcare Institution,101.0,TOWNER ROAD,1.0,212.0,,322101,62992292.0,tanteoh@singnet.com.sg,
201200000867,AT201588,WIDEX SINGAPORE PTE LTD,AT,Assistive Technology Device Providers,19.0,CANTONMENT ROAD,,,,89741,62228577.0,louistang@widex.com.sg,
201200000866,9403735,MH PLASTIC SURGERY,HC,Healthcare Institution,290.0,Orchard Road,12.0,1.0,Paragon,238859,68836966.0,yng@pachealthholdings.com,
201200000865,EP12083,DYNAMICS PSYCHOLOGICAL PRACTICE PTE LTD,EI,Early Intervention Programmes,896.0,DUNEARN ROAD,3.0,,SIME DARBY CENTRE,589472,61009235.0,ori@therapy.com.sg,
201200000863,PT8900,ACADEMY KIDZ INC PTE. LTD.,CC,Childcare Centre,,CHAI CHEE ROAD,1.0,1.0,TECHNOPARK @ CHAI CHEE,469004,97918811.0,akschoolsg@gmail.com,
201200000861,NT0533,MY FIRST SKOOL,CC,Childcare Centre,,JURONG WEST STREET 61,1.0,313.0,,643656,97874938.0,INFO@MYFIRSTSKOOL.COM,
201200000864,ST0109,PCF SPARKLETOTS PRESCHOOL @ BUKIT BATOK BLK 178 (CC),CC,Childcare Centre,178.0,BUKIT BATOK WEST AVENUE 8,1.0,217.0,,650178,66650148.0,Gek.Siang.Lim@pcf.org.sg,
201200000860,12C0255,KIDS DENTAL WORLD,HC,Healthcare Institution,38.0,IRRAWADDY ROAD,8.0,33.0,MOUNT ELIZABETH NOVENA SPECIALIS,329563,66843113.0,smile@kidsdentalworld.com.sg,
201200000858,EP10065,KIDS TESTING AND DYSLEXIA CENTRE,EI,Early Intervention Programmes,317.0,OUTRAM ROAD,2.0,79.0,CONCORDE SHOPPING CENTRE,169075,67329038.0,kidsdyslexia@singnet.com.sg,
201200000856,ST0108,PCF SPARKLETOTS PRESCHOOL @ PUNGGOL COAST BLK 602 (CC),CC,Childcare Centre,602.0,PUNGGOL CENTRAL,1.0,1.0,MULTI STOREY CAR PARK,820602,65705645.0,Serene.LiewYM@pcf.org.sg,
201200000855,PT8898,SHAWS CDLC PRESCHOOL PTE. LTD.,CC,Childcare Centre,,CARMICHAEL ROAD,,,,359826,98396509.0,kit@shaws.com.sg,
201200000853,PT8896,SHAWS CDLC @ MOUNTBATTEN PTE. LTD.,CC,Childcare Centre,373.0,TANJONG KATONG ROAD,,,KATONG POST OFFICE,437130,97693319.0,geraldine@shaws.com.sg,
201200000852,12C0220,HEALTHWAY MEDICAL CLINIC,HC,Healthcare Institution,,PUNGGOL PLACE,1.0,874.0,,823273,66948581.0,chroniccare@healthwaymedical.com,
201200000851,9403734,LEONG CLINIC,HC,Healthcare Institution,,LENGKOK BAHRU,1.0,366.0,,152063,64760572.0,leongclinic@gmail.com,
201200000850,12C0213,NORTHEAST MEDICAL GROUP,HC,Healthcare Institution,25.0,GHIM MOH LINK,1.0,10.0,,270025,66943282.0,buona.vista@nemg.com.sg,
201400000627,9405639,CENTRE FOR EAR NOSE THROAT ALLERGY & SNORING,HC,Healthcare Institution,3.0,MOUNT ELIZABETH,16.0,11.0,MOUNT ELIZABETH MEDICAL CENTRE,228510,65860988.0,drpang@entdoctor.com.sg,
201400000618,14M0125,CENTRAL 24HR CLINIC (JURONG WEST),HC,Healthcare Institution,492.0,JURONG WEST STREET 41,1.0,54.0,,640492,65657484.0,CHIEWKAI@CENTRALCLINIC.COM.SG,
201300000300,9401617,TAN-TEOH CLINIC & SURGERY (ANG MO KIO BRANCH),HC,Healthcare Institution,302.0,ANG MO KIO AVE 3,1.0,1846.0,,560302,64520818.0,tanteoh3@singnet.com.sg,
201300000299,9401616,TAN-TEOH CLINIC & SURGERY,HC,Healthcare Institution,101.0,TOWNER RD,1.0,216.0,,322101,62992292.0,tanteoh@singnet.com.sg,
201300000298,9401340,PRIME MEDICAL GROUP PTE LTD,HC,Healthcare Institution,290.0,ORCHARD ROAD,9.0,,THE PARAGON,238859,67328096.0,primemed@singnet.com.sg,
201300000297,MCPHA1300046,GUARDIAN PHARMACY (TAKASHIMAYA S. C. ),PH,Pharmacy,391.0,ORCHARD ROAD,,,NGEE ANN CITY,238872,68367530.0,gtas@guardian.com.sg,
201300000296,9400920,LEE CLINIC,HC,Healthcare Institution,123.0,BEDOK NORTH ST 2,1.0,156.0,,460123,62418827.0,familee3@singnet.com.sg,
201300000295,13C0201,MYHEALTH MEDICAL CENTRE,HC,Healthcare Institution,501.0,WEST COAST DRIVE,1.0,256.0,,120501,68726920.0,admin@myhealthmedctr.sg,
201300000294,9400971,LIM CLINIC,HC,Healthcare Institution,446.0,ANG MO KIO AVE10,1.0,1663.0,,560446,64549172.0,drwilim@yahoo.com,
201300000293,9401113,MILLENNIUM MEDICAL GROUP,HC,Healthcare Institution,533.0,CHOA CHU KANG ST 51,1.0,33.0,,680533,67656685.0,tohbengchye@yahoo.com,
201300000292,SS20153894,20/20 VISION OPTOMETRISTS WOODLANDS PTE LTD,OS,Optical Shop,30.0,WOODLANDS AVENUE 2,1.0,33.0,WOODLANDS MRT STATION,738343,63662842.0,hydrogen_nph@hotmail.com,
201300000290,9403519,CHANG CLINIC & SURGERY,HC,Healthcare Institution,7.0,EVERTON PARK,1.0,21.0,,80007,62216955.0,changcss2@yahoo.com.sg,
201300000289,9405705,TOOTH MATTERS DENTAL SURGERY,HC,Healthcare Institution,231.0,BAIN STREET,2.0,95.0,BRAS BASAH COMPLEX,180231,63374618.0,alantic1999@gmail.com,
201300000288,SS20153898,TOKYO MEGANE PTE LTD,OS,Optical Shop,11.0,RIVERVALE CRESCENT,1.0,17.0,RIVERVALE MALL,545082,68755287.0,ricksonchew@yahoo.com,
201300000287,SS20153899,TOKYO MEGANE PTE LTD,OS,Optical Shop,1.0,PASIR RIS CENTRAL STREET 3,2.0,3.0,WHITE SANDS,518457,65817717.0,ricksonchew@yahoo.com,
201300000286,MCPH1300456,WATSON'S PERSONAL CARE STORES PTE LTD (UNITED SQUARE),PH,Pharmacy,101.0,THOMSON ROAD,,53.0,UNITED SQUARE,307591,62567427.0,018@str.watsons.com.sg,
201300000285,SS20153901,W OPTICS PTE LTD,OS,Optical Shop,3.0,TEMASEK BOULEVARD,1.0,,SUNTEC CITY,38983,67361303.0,suntec@woptics.sg,
201300000284,13C0142,SHENTON MEDICAL GROUP,HC,Healthcare Institution,30.0,WOODLANDS AVENUE 2,1.0,,WOODLANDS MRT STATION,738343,63639415.0,wlc@parkwayshenton.com,
201300000283,13C0026,SHENTON MEDICAL GROUP,HC,Healthcare Institution,90.0,BRAS BASAH ROAD,,2.0,ESPLANADE MRT STATION,189562,68870151.0,tes@parkwayshenton.com,
201300000282,EP10057,DYSLEXIA ASSOCIATION OF SINGAPORE (DAS),EI,Early Intervention Programmes,165.0,WOODLANDS STREET 13,1.0,567.0,,730165,65940331.0,info@das.org.sg,
201300000281,EP10058,DYSLEXIA ASSOCIATION OF SINGAPORE (DAS),EI,Early Intervention Programmes,163.0,TAMPINES STREET 12,1.0,257.0,,521163,65940331.0,info@das.org.sg,
201500000500,14H0182,SENGKANG GENERAL HOSPITAL,HC,Healthcare Institution,110.0,SENGKANG EAST WAY,,,,544886,69306000.0,RENNY.NOVIATY@SKH.COM.SG,
201500000501,PT9183,OUR JUNIORS GLOBAL SCHOOLHOUSE PTE. LTD.,CC,Childcare Centre,10.0,UBI CRESCENT,2.0,6.0,UBI TECHPARK,408564,67499909.0,ubi@ourjuniors.com.sg,
201500000502,SS20157874,Optique Zone,OS,Optical Shop,508.0,BISHAN STREET 11,1.0,388.0,,570508,,bishan@optiquezone.com,
201500000406,RC1770,WAT PATTHAR EDUCARE CENTRE,CC,Childcare Centre,664.0,WOODLANDS RING ROAD,1.0,206.0,,730664,63669561.0,WDL@WPBS.ORG.SG,
201500000407,PT9167,WHARTON EASTCOAST PTE. LTD.,CC,Childcare Centre,,UPPER EAST COAST ROAD,,,,466601,66363218.0,DHANNA@WHARTONPRESCHOOL.COM,
201500000409,PT9162,MULBERRY LEARNING CENTRE @ TOA PAYOH PTE. LTD.,CC,Childcare Centre,743.0,LORONG 5 TOA PAYOH,1.0,0.0,STORHUB,319457,90031454.0,cici@global-eduhub.com,
201500000410,PT9163,HAMILTON PRESCHOOL,CC,Childcare Centre,60.0,SENGKANG EAST WAY,,,,548596,64890060.0,sengkang@hamiltonpreschool.com.sg,
201500000411,PT9164,LECLARE PRESCHOOL PTE. LTD.,CC,Childcare Centre,100.0,BEACH ROAD,2.0,7.0,SHAW TOWERS,189702,69699479.0,info@leclare.edu.sg,
201500000413,15D0244,ADVANCED DENTAL CLINIC SERANGOON PTE LTD,HC,Healthcare Institution,254.0,SERANGOON CENTRAL DRIVE,1.0,213.0,,550254,62801011.0,,
201500000424,15D0241,CARING DENTAL PUNGGOL,HC,Healthcare Institution,,PUNGGOL DRIVE,1.0,2.0,,821665,64816833.0,caringpunggol@gmail.com,
2002000023,PT5900,AGAPE CHILD CARE(SK) PTE. LTD.,CC,Childcare Centre,,SENGKANG EAST WAY,1.0,655.0,,542325,63125541.0,sk325b@agapelittleuni.com,
2002000027,RC1510,PPIS CHILD DEVELOPMENT CENTRE - SEMBAWANG VISTA,CC,Childcare Centre,316.0,SEMBAWANG VISTA,1.0,191.0,,750316,92208673.0,noridah.omar@ppis.sg,
2002000014,RC1829,BARKER ROAD METHODIST CHURCH KINDERGARTEN,KN,Kindergarten,70.0,BARKER ROAD,1.0,1.0,METHODIST CHURCH IN SINGAPORE BU,309936,62558430.0,sharon_ngoi@brmck.edu.sg,
200200000015,RC1831,RAMAKRISHNA MISSION SARADA KINDERGARTEN,KN,Kindergarten,179.0,BARTLEY ROAD,,,,539784,96179950.0,principal@sarada.edu.sg,
200200000018,RC1797,GALILEE KINDERGARTEN,KN,Kindergarten,202.0,PANDAN GARDENS,,,GALILEE BIBLE PRESBYTERIAN CHURC,609338,96377846.0,richardng@galileebpchurch.org,
200200000016,RC1826,HOLY FAMILY KINDERGARTEN,KN,Kindergarten,6.0,CHAPEL ROAD,,,,429509,64404344.0,alee_holyfampc@pacific.net.sg,
200200000017,RC1852,BETHESDA KATONG KINDERGARTEN,KN,Kindergarten,2.0,LA SALLE STREET,,,,456929,64422622.0,leepin.wong@bfec.org.sg,
2002000004,NT0400,MY FIRST SKOOL,CC,Childcare Centre,331.0,SEMBAWANG CLOSE,1.0,361.0,,750331,66349989.0,info@myfirstskool.com,
2002000008,NT0410,MY FIRST SKOOL,CC,Childcare Centre,260.0,BUKIT BATOK EAST AVENUE 4,1.0,287.0,,650260,66349989.0,info@myfirstskool.com,
2002000005,PT5830,EMMANUEL CHILD EDUCARE,CC,Childcare Centre,29.0,JALAN MALU MALU,,,,769646,68528361.0,sallyong2000@gmail.com,
2002000010,WP0610,LEARNING VISION @ WORK PTE. LTD.,CC,Childcare Centre,5.0,ANG MO KIO ST 62,4.0,4.0,NCS HUB BLOCK C,569141,64811708.0,AnitaTeo@learningvision.com,
2002000003,PT5810,KINDERLAND PRESCHOOL,CC,Childcare Centre,3.0,PANDANVALLEY,2.0,316.0,,597627,64684776.0,kespv@kinderland.com.sg,
2001000582,SE201593,MINDS - TOWNER GARDENS SCHOOL,SE,Special Education,,LENGKONG LIMA,,,,417557,64462612.0,tgs@minds.org.sg,
2001000580,SE201590,MINDS - WOODLANDS GARDENS SCHOOL,SE,Special Education,30.0,WOODLANDS RING ROAD,1.0,1.0,,737883,64680566.0,wgs@minds.org.sg,
2001000578,SE201592,KATONG SCHOOL,SE,Special Education,900.0,NEW UPPER CHANGI ROAD,,,,467354,64458027.0,lim.chengliew@apsn.org.sg,
2001000550,YM0070,MY WORLD PRESCHOOL LTD.,CC,Childcare Centre,217.0,PETIR ROAD,1.0,385.0,,670217,67633763.0,ccbtp@myworld.org.sg,
2001000559,YW0020,YWCA BEDOK SOUTH CHILD DEVELOPMENT CENTRE,CC,Childcare Centre,24.0,NEW UPPER CHANGI ROAD,1.0,608.0,,461024,64480683.0,bedokcdc@ywca.org.sg,
2001000325,PT4700,SDM CHILDCARE CENTRE (JURONG EAST) PTE LTD,CC,Childcare Centre,10.0,TOH GUAN ROAD,6.0,3.0,,608838,96782490.0,james@columbia-academy.org,
2001000519,WP0060,KIDS' STAR CHILD DEVELOPMENT CENTRE (S) PTE LTD,CC,Childcare Centre,565.0,ANG MO KIO AVE 3,1.0,3431.0,,560565,64520231.0,kidsstar@singnet.com.sg,
2001000378,PT5300,ODYSSEY THE GLOBAL PRESCHOOL PTE LTD,CC,Childcare Centre,101.0,WILKINSON ROAD,,,,436559,63461820.0,MonicaWee@theodyssey.sg,
2001000526,WP0210,LEARNING VISION @ WORK PTE LTD,CC,Childcare Centre,94.0,NANYANG CRESCENT,,,,637034,86682530.0,YvonneTan@learningvision.com,
201500000442,15D0235,KONG DENTAL SURGERY,HC,Healthcare Institution,141.0,TECK WHYE LANE,1.0,251.0,,680141,62195898.0,singhuey@hotmail.com,
2001001168,PT5790,CARPE DIEM SCHOOLHOUSE PTE LTD,CC,Childcare Centre,,JALAN JURONG KECHIL,,,,598640,64680368.0,tyadmin@carpediem.com.sg,
2001001122,RC1872,CHEN LI KINDERGARTEN,KN,Kindergarten,76.0,GUILLEMARD ROAD,,,,399711,98575658.0,grow@chenli.edu.sg,
2001001125,RC1857,MARYMOUNT KINDERGARTEN,KN,Kindergarten,9.0,LORONG 8 TOA PAYOH,,,GOOD SHEPHERD PLACE,319253,62564440.0,pohcheng@goodshepherd.edu.sg,
2001001143,RC1839,PENTECOST METHODIST CHURCH KINDERGARTEN,KN,Kindergarten,4.0,PASIR RIS DRIVE 6,3.0,,PENTECOST METHODIST CHURCH,519420,65817728.0,pmckadmin@pmc.org.sg,
2001001140,PT9651,MAPLEBEAR GRACEFIELDS PTE LTD,KN,Kindergarten,1.0,ONE TREE HILL,,,,248668,97928972.0,reinalim@maplebear.sg,
2001000533,WP0290,LEARNING VISION @ WORK PTE LTD,CC,Childcare Centre,99.0,BUKIT TIMAH ROAD,1.0,5.0,ALFA CENTRE,229835,62922779.0,PuspalathaThiagarajan@learningvision.com,
2001000422,RC0440,KIDSVILLE CHILD CARE & DEVELOPMENT CENTRE,CC,Childcare Centre,201.0,YISHUN STREET 21,1.0,55.0,,760201,67556557.0,kidsvile@singnet.com.sg,
2001000310,PT4520,TOTS TOWN PRESCHOOL @ SEMBAWANG,CC,Childcare Centre,480.0,SEMBAWANG DRIVE,1.0,455.0,,750480,67532422.0,info@totstown.sg,
2001000556,YM0130,MY WORLD PRESCHOOL LTD.,CC,Childcare Centre,575.0,PASIR RIS STREET 53,1.0,6.0,,510575,65851260.0,ccpasir.ris@myworld.org.sg,
2001000553,YM0100,MY WORLD PRESCHOOL LTD.,CC,Childcare Centre,123.0,SIMEI STREET 1,1.0,402.0,,520123,67842674.0,ccsme@myworld.org.sg,
2001000514,SA0450,LITTLE SEEDS PRESCHOOL @ THE SALVATION ARMY,CC,Childcare Centre,247.0,BUKIT BATOK EAST AVENUE 5,1.0,86.0,,650247,65624976.0,stella@littleseeds.edu.sg,
2001000511,SA0150,LITTLE SEEDS PRESCHOOL @ THE SALVATION ARMY,CC,Childcare Centre,159.0,TAMPINES ST 12,1.0,95.0,,521159,67852976.0,liana@littleseeds.edu.sg,
2001000281,PT4200,HAPPY FAMILY PRESCHOOL PTE. LTD.,CC,Childcare Centre,45.0,JALAN SONGKET,,,,537416,63825401.0,happyfamilycc@hotmail.sg,
2001000400,PW0020,PCS GHIM MOH CENTRE,CC,Childcare Centre,5.0,GHIM MOH ROAD,1.0,238.0,,270005,64694830.0,ghimmoh@pcs.org.sg,
2001000403,PW0060,PCS HOUGANG CENTRE,CC,Childcare Centre,127.0,HOUGANG AVENUE 1,1.0,1494.0,,530127,62834674.0,hougang@pcs.org.sg,
2001000402,PW0050,PCS JURONG WEST CENTRE,CC,Childcare Centre,452.0,JURONG WEST STREET 42,1.0,170.0,,640452,65674642.0,jurongwest@pcs.org.sg,
2001000408,PW0120,PCS YISHUN CHILD CARE CENTRE,CC,Childcare Centre,411.0,YISHUN RING ROAD,1.0,1807.0,,760411,67557714.0,yishun@pcs.org.sg,
2001000564,YW0070,YWCA OUTRAM CHILD DEVELOPMENT CENTRE,CC,Childcare Centre,254.0,OUTRAM ROAD,,,,169051,62234556.0,outramcdc@ywca.org.sg,
2001000414,RC0090,LITTLE SEEDS PRESCHOOL,CC,Childcare Centre,511.0,JURONG WEST ST 52,1.0,80.0,,640511,65609711.0,standrews.kc@littleseeds.edu.sg,
2001000427,RC0500,LITTLE SEEDS @ NOAH'S ARK,CC,Childcare Centre,439.0,FAJAR ROAD,1.0,422.0,,670439,67632115.0,noahsark@littleseeds.edu.sg,
2001000433,RC0600,THE MORAL CHILDCARE CENTRE,CC,Childcare Centre,415.0,"BUKIT BATOK WEST, AVENUE 4",1.0,264.0,,650415,62279694.0,moralchildcare415@yahoo.com.sg,
2001000341,PT4910,MONTESSORI @ GRACELAND PTE LTD,CC,Childcare Centre,7.0,PHOENIX WALK,,,,668111,67620117.0,mmicck@modern-montessori.com,
2001001139,RC1832,TPBC KINDERGARTEN,KN,Kindergarten,20.0,LORONG AH SOO,2.0,,THE PEOPLE'S BIBLE CHURCH,536698,62830196.0,admin@tpbckindergarten.org,
2001001138,RC1859,KHALSA KINDERGARTEN,KN,Kindergarten,1.0,BEATTY ROAD,,,,209943,94571534.0,principal@khalsakindergarten.org.sg,
2001001135,RC1823,GLORY KINDERGARTEN,KN,Kindergarten,11.0,PEI WAH AVENUE,,,GLORY PRESBYTERIAN CHURCH,597611,91175846.0,jeffinechan@gmail.com,
2001001147,RC1841,METHODIST CHURCH OF THE INCARNATION KINDERGARTEN,KN,Kindergarten,31.0,TECK WHYE LANE,,,,688798,81280368.0,audreygohft@gmail.com,
2001001142,RC1876,MUHAMMADIYAH KINDERGARTEN,KN,Kindergarten,66.0,JALAN LAPANG,,,,419006,82004524.0,nadia@muhammadiyah.org.sg,
2001001119,PT9661,P&J KINDERGARTEN,KN,Kindergarten,35.0,WINDSOR PARK ROAD,,,WINDSOR PARK,574141,93667515.0,julie.pnj@gmail.com,
2001001120,PT9666,MFC KINDERGARTEN,KN,Kindergarten,11.0,BROADRICK ROAD,,,,439476,63450087.0,may.chan@montessori.edu.sg,
2001001121,RC1800,CANOSSIAN CONVENT KINDERGARTEN,KN,Kindergarten,100.0,JALAN MERBOK,,,CANOSSIAN MISSION,598454,64692201.0,cckg.generaloffice@gmail.com,
2001001124,RC1875,JURONG CALVARY KINDERGARTEN,KN,Kindergarten,1.0,TAO CHING ROAD,,,CALVARY BIBLE-PRESBYTERIAN CHURC,618720,97939894.0,koh.hweechoo@jck.edu.sg,
2001001126,RC1878,ST. PAUL'S CHURCH KINDERGARTEN,KN,Kindergarten,839.0,UPPER SERANGOON ROAD,,,,534682,84826628.0,principal@spck.edu.sg,
2001001161,RC1848,RIVERLIFE KINDEGARTEN,KN,Kindergarten,6.0,LOYANG BESAR CLOSE,,,,509026,65114167.0,oileng@riverlifekindergarten.org.sg,
2001001159,RC1894,HOPE COMMUNITY KINDERGARTEN TAMPINES,KN,Kindergarten,20.0,TAMPINES STREET 43,,,VICTORY FAMILY CENTRE,529151,90102133.0,selvamutt@vfc.org,
2001001151,RC1861,CHOA CHU KANG BIBLE CENTRE KINDERGARTEN,KN,Kindergarten,10.0,CHOA CHU KANG STREET 52,,,,689284,67637502.0,cckbck16@gmail.com,
2001001152,RC1807,KAY POH ROAD BAPTIST KINDERGARTEN,KN,Kindergarten,7.0,KAY POH ROAD,,,BUNGALOW,248963,94389949.0,kprbk@kprbc.org.sg,
2001001155,RC1868,BEDOK LUTHERAN CHURCH KINDERGARTEN,KN,Kindergarten,485.0,BEDOK SOUTH AVENUE 2,,,BEDOK LUTHERAN CHURCH,469315,64431621.0,blck1982@yahoo.com,
2001001123,RC1804,GOOD SHEPHERD CONVENT KINDERGARTEN,KN,Kindergarten,25.0,NALLUR ROAD,,,,456650,62411802.0,principal@gsckg.edu.sg,
2001001150,RC1849,BETHESDA (PASIR RIS) KINDERGARTEN,KN,Kindergarten,11.0,PASIR RIS DRIVE 2,,,BEDOK BETHESDA MISSION CHURCH,518458,96672627.0,junehannah@bpmc.com.sg,
2001000454,RC0830,JAMIYAH CHILD CARE CENTRE,CC,Childcare Centre,124.0,ANG MO KIO AVE 6,1.0,4055.0,,560124,64574458.0,jccc@jamiyah.org.sg,
2001000481,RC1140,YMCA CHILD DEVELOPMENT CENTRE,CC,Childcare Centre,171.0,WOODLANDS STREET 11,1.0,55.0,,730171,62694125.0,wlcdc@ymca.edu.sg,
2001000482,RC1150,MORIAH CHILD CARE AND DEVELOPMENT CENTRE,CC,Childcare Centre,31.0,SIMEI ROAD,,,,529974,67884436.0,moriahchildcare@singnet.com.sg,
2001000485,RC1180,PPIS CHILD DEVELOPMENT CENTRE - PASIR RIS 2,CC,Childcare Centre,187.0,PASIR RIS STREET 11,1.0,88.0,,510187,65820697.0,prc2@ppis.sg,
2001000489,RC1220,ST ANTHONY'S CHILD CARE CENTRE,CC,Childcare Centre,331.0,WOODLANDS AVE 1,1.0,421.0,,730331,63685058.0,st.ant.ccc@gmail.com,
2001000497,RC1310,HUI MING CHILD DEVELOPMENT CENTRE,CC,Childcare Centre,524.0,ANG MO KIO AVE 5,1.0,4132.0,,560524,64556288.0,huimincc@singnet.com.sg,
2001000503,RC1370,LITTLE BEEZ PLAYSKOOL,CC,Childcare Centre,,TAMPINES STREET 45,1.0,242.0,,527491,67839228.0,enquiry@little-beez.com,
2001000506,RC1400,LITTLE SEEDS PRESCHOOL,CC,Childcare Centre,727.0,TAMPINES STREET 71,1.0,11.0,,520727,67831912.0,kiddyark.kc@littleseeds.edu.sg,
2001000508,RC1420,NEW LIFE COMMUNITY SERVICES,CC,Childcare Centre,10.0,JELAPANG ROAD,,,,677740,68920179.0,enquiry.bpjcc@newlife.org.sg,
2001000509,RC1430,GLORY JOY CHILD DEVELOPMENT CENTRE,CC,Childcare Centre,,WELLINGTON CIRCLE,1.0,6.0,,752501,67587662.0,lian.chang@gloryjoycdc.com,
2001000512,SA0160,LITTLE SEEDS @ THE SALVATION ARMY,CC,Childcare Centre,610.0,ANG MO KIO AVENUE 4,1.0,1227.0,,560610,64524862.0,lianchoon@littleseeds.edu.sg,
2001000516,SA0650,LITTLE SEEDS PRESCHOOL @ THE SALVATION ARMY,CC,Childcare Centre,402.0,FAJAR ROAD,1.0,217.0,,670402,67602624.0,nancy@littleseeds.edu.sg,
2001000452,RC0810,CHEE HOON KOG CHILD CARE CENTRE,CC,Childcare Centre,520.0,BEDOK NORTH AVE 1,1.0,340.0,,460520,64484325.0,principal520@chkmps.org.sg,
2001000458,RC0890,DAYSTAR CHILD DEVELOPMENT CENTRE,CC,Childcare Centre,8.0,HOLLAND AVENUE,1.0,32.0,,271008,67792411.0,info.holland@daystar.org.sg,
2001000459,RC0900,SASCO CHILD CARE CENTRE (BEDOK),CC,Childcare Centre,93.0,BEDOK NORTH AVENUE 4,1.0,1477.0,,460093,98786768.0,sascochildcare@gmail.com,
2001000461,RC0920,KIDZ MEADOW CHILDCARE & DEVELOPMENT CENTRE,CC,Childcare Centre,173.0,YISHUN AVENUE 7,1.0,817.0,,760173,67595117.0,yishun.chc@merculearning.com,
201500000496,15M0239,WELLCARE FAMILY CLINIC,HC,Healthcare Institution,747.0,YISHUN STREET 72,1.0,106.0,,760747,67543740.0,WELLCAREYISHUN@YAHOO.COM.SG,
201500000498,YM0161,MY WORLD PRESCHOOL LTD.,CC,Childcare Centre,,BOON TIONG ROAD,1.0,515.0,,163009,62710355.0,CCTGB.VIEW@MYWORLD.ORG.SG,
201500000499,YM0162,MY WORLD PRESCHOOL LTD.,CC,Childcare Centre,,ANG MO KIO AVENUE 6,,,,562700,64813254.0,ccamk.ctrl@myworld.org.sg,
201500000506,RC1771,PAP COMMUNITY FOUNDATION,CC,Childcare Centre,,TAMPINES AVENUE 1,1.0,309.0,,521890,91902592.0,NURWAHIDAH.AMAN@PCF.ORG.SG,
201500000508,15C0253,CENTURY DENTAL CARE PTE LTD,HC,Healthcare Institution,25.0,BENDEMEER ROAD,1.0,567.0,BENDEMEER VILLE,330025,63960306.0,,
201500000511,EP15107,WEE CARE INTERNATIONAL PTE LTD,EI,Early Intervention Programmes,56.0,TANGLIN ROAD,2.0,4.0,TANGLIN POST OFFICE,247964,68361450.0,enquiries@weecare.com.sg,
201500000514,15C0255,UNIVERSAL DENTAL CENTRE,HC,Healthcare Institution,479.0,TAMPINES STREET 44,1.0,231.0,,520479,65881725.0,,
201500000515,PT9177,MINDCHAMPS PRESCHOOL @ HOLLAND V PTE. LTD.,CC,Childcare Centre,211.0,HOLLAND AVENUE,4.0,1.0,HOLLAND ROAD SHOPPING CENTRE,278967,64630881.0,VALARIECHAN@MINDCHAMPS.ORG,
201500000516,SS20157871,WILLMAX VISION CARE PTE LTD,OS,Optical Shop,258.0,BUKIT PANJANG RING ROAD,1.0,52.0,BUKIT PANJANG NEW TOWN,670258,,VINCEKHOR@WILLMAXGROUP.COM,
201500000517,PT9175,MINDCHAMPS PRESCHOOL @ WEST COAST PLAZA PTE. LIMITED,CC,Childcare Centre,154.0,WEST COAST ROAD,1.0,63.0,WEST COAST PLAZA,127371,69004500.0,jenniferng@mindchamps.org,
201500000519,15M0264,DR NAH & LEE FAMILY CLINIC,HC,Healthcare Institution,780.0,WOODLANDS CRESCENT,1.0,3.0,MULTI STOREY CAR PARK,730780,62501528.0,nahkmj@gmail.com,
201500000521,15M0260,HEALTHWAY MEDICAL,HC,Healthcare Institution,30.0,SEMBAWANG DRIVE,3.0,20.0,SUN PLAZA,757713,65551445.0,jed.wong@healthwaymedical.com,
201500000523,15M0259,O2 MEDICAL CLINIC,HC,Healthcare Institution,,PASIR RIS STREET 51,1.0,5.0,,514527,63849443.0,o2.medical.group.sg@gmail.com,
201500000524,15M0262,SHENTON MEDICAL GROUP,HC,Healthcare Institution,263.0,SERANGOON CENTRAL DRIVE,1.0,59.0,,550263,64876580.0,sgn@parkwayshenton.com,
2001001128,RC1870,CALVARY PANDAN KINDERGARTEN,KN,Kindergarten,201.0,PANDAN GARDENS,1.0,4.0,CALVARY PANDAN PRESBYTERIAN CHUR,609337,65603884.0,cpk@calvarypandan.sg,
2001001129,RC1874,EVANGEL KINDERGARTEN,KN,Kindergarten,1.0,WOODLANDS STREET 83,,,,738488,63653071.0,moirafonseca.ek@gmail.com,
2001001132,RC1822,BETHESDA ANG MO KIO KINDERGARTEN,KN,Kindergarten,601.0,601 ANG MO KIO AVE 4,2.0,,BETHESDA HALL ANG MO KIO,569898,64536134.0,bethkindamk@gmail.com,
2001001066,SE201595,MINDS - LEE KONG CHIAN GARDENS SCHOOL,SE,Special Education,802.0,MARGARET DRIVE,,,,149311,64738332.0,lgs@minds.org.sg,
2001000464,RC0960,BETHLEHEM EDUCARE CENTRE (YISHUN),CC,Childcare Centre,311.0,YISHUN RING ROAD,1.0,1286.0,,760311,62573875.0,komala.david@yahoo.com,
2001000469,RC1020,BETHANY PRESBYTERIAN CHILD DEVELOPMENT CENTRE,CC,Childcare Centre,,UPPER PAYA LEBAR ROAD,,,,534965,62833100.0,mimisimyh@gmail.com,
2001000569,YW0150,YWCA PASIR RIS CHILD DEVELOPMENT CENTRE,CC,Childcare Centre,214.0,PASIR RIS STREET 21,1.0,256.0,,510214,65826784.0,pasirriscdc@ywca.org.sg,
2001000437,RC0640,GREEN PASTURES CHILD CENTRE,CC,Childcare Centre,,DUKE'S ROAD,,,,268910,64672380.0,gpcc@lutheran.org.sg,
2001000335,PT4840,PEBBLE PLACE DEVELOPMENT CENTRE,CC,Childcare Centre,16.0,PEBBLE LANE,,,,437565,67421160.0,pebbleplacedc@gmail.com,
2001000547,YM0030,MY WORLD PRESCHOOL LTD.,CC,Childcare Centre,373.0,HOUGANG ST 31,1.0,65.0,,530373,62808744.0,cchgg@myworld.org.sg,
2001000548,YM0050,MY WORLD PRESCHOOL LTD.,CC,Childcare Centre,113.0,TAMPINES STREET 11,1.0,151.0,,521113,67827200.0,cctmp.ckt@myworld.org.sg,
2001000525,WP0660,THE LITTLE SKOOL-HOUSE INTERNATIONAL PTE LTD,CC,Childcare Centre,0.0,HOSPITAL BOULEVARD,5.0,1.0,OUTRAM COMMUNITY HOSPITAL,168582,65147687.0,fangy@littleskoolhouse.com,
2001000434,RC0610,LITTLE SEEDS PRESCHOOL,CC,Childcare Centre,662.0,YISHUN AVENUE 4,1.0,235.0,,760662,68522922.0,praiseland.kc@littleseeds.edu.sg,
2001000466,RC0990,SGM MURNI,CC,Childcare Centre,411.0,TAMPINES STREET 41,1.0,241.0,,520411,62601894.0,naseem_sultanah_abdul_gaffoor@sgmcoop.org.sg,
2001000492,RC1250,CHILD AT STREET 11 LTD,CC,Childcare Centre,102.0,ANG MO KIO AVE 3,1.0,1429.0,,560102,64553681.0,child@street11.org.sg,
2001000239,PT3640,LITTLE FELLOW CHILDCARE,CC,Childcare Centre,55.0,LORONG L TELOK KURAU,3.0,57.0,BRIGHT CENTRE,425500,64402945.0,littlefellowchildcare@yahoo.com,
201500000540,MCPH0400584,GRACE HEALTHCARE,PH,Pharmacy,634.0,BUKIT BATOK CENTRAL,1.0,110.0,,650634,65653593.0,gracehealthcarepl@gmail.com,
201500000542,MCPHA1200035,GUARDIAN PHARMACY (CHINATOWN POINT 4),PH,Pharmacy,133.0,NEW BRIDGE ROAD,,34.0,CHINATOWN POINT,59413,65436242.0,gctp4@guardian.com.sg,
201500000544,MCPHA1200028,GUARDIAN PHARMACY (DEPARTURE TRANSIT LOUNGE EAST),PH,Pharmacy,80.0,AIRPORT BOULEVARD,2.0,69.0,CHANGI AIRPORT TERMINAL 1,819642,64498049.0,gdte@guardian.com.sg,
201500000545,MCPHA1500061,GUARDIAN PHARMACY (DEPARTURE TRANSIT WEST T1),PH,Pharmacy,80.0,AIRPORT BOULEVARD,2.0,16.0,CHANGI AIRPORT TERMINAL 1,819642,62140026.0,gdtw@guardian.com.sg,
201500000546,MCPHA1100015,GUARDIAN PHARMACY (DEPARTURE/CHECK IN HALL NORTH),PH,Pharmacy,60.0,AIRPORT BOULEVARD,26.0,12.0,CHANGI AIRPORT TERMINAL 2,819643,,gcin@guardian.com.sg,
201500000547,MCPHA1100016,"GUARDIAN PHARMACY (DEPARTURE/TRANSIT LOUNGE NORTH, TERMINAL 2)",PH,Pharmacy,60.0,AIRPORT BOULEVARD,26.0,,CHANGI AIRPORT TERMINAL 2,819643,65461787.0,gdtn@guardian.com.sg,
201500000548,MCPHA1200032,GUARDIAN PHARMACY (STAR VISTA),PH,Pharmacy,1.0,VISTA EXCHANGE GREEN,,16.0,THE STAR,138617,66943906.0,gstv@guardian.com.sg,
201500000550,MCPHA1500062,GUARDIAN PHARMACY (WHITE SANDS MALL),PH,Pharmacy,1.0,PASIR RIS CENTRAL STREET 3,1.0,12.0,,518457,,gwsm@guardian.com.sg,
2001001065,PT5670,KIDZMONTE CHILD DEVELOPMENT CENTRE,CC,Childcare Centre,73.0,LOYANG RISE,,,,507528,65426808.0,kidzmontecdc@gmail.com,
200100001061,NT0390,MY FIRST SKOOL,CC,Childcare Centre,602.0,CHOA CHU KANG ST 62,1.0,25.0,,680602,66349989.0,info@myfirstskool.com,
2001001043,PT5560,ANGEL CARE CENTRE PTE LTD,CC,Childcare Centre,626.0,YISHUN STREET 61,1.0,103.0,,760626,67597063.0,angelcc@singnet.com.sg,
2001001057,PT5650,MODERN MONTESSORI CHILD CARE & DEVELOPMENT CENTRE PTE LTD,CC,Childcare Centre,91.0,KOVAN ROAD,,,,544914,62898133.0,kovan@modern-montessori.com,
2001001049,RC1470,KIDDY CAMPUS,CC,Childcare Centre,612.0,CHOA CHU KANG ST 62,1.0,195.0,,680612,67638770.0,sitishahidah@kiddycampus.sg,
2001001046,RC1460,MARINE PARADE - ASPIRATION CHILD CARE CENTRE,CC,Childcare Centre,201.0,BEDOK NORTH ST 1,1.0,545.0,,460201,94874423.0,mp_aspiration@hotmail.com,
2001001045,PT5550,ACE @ WORK ENRICHMENT PTE LTD,CC,Childcare Centre,757.0,CHOA CHU KANG NORTH 5,1.0,121.0,,680757,67698611.0,aceatworkcck757@gmail.com,
2001001042,PT5540,FIRST STEP CHILD CARE AND CHILD DEVELOPMENT CENTRE,CC,Childcare Centre,553.0,PASIR RIS ST 51,1.0,111.0,,510553,65840400.0,firststepps@yahoo.com.sg,
2001001036,PT8072,YASMINE @ FRANKEL EARLY LEARNING CENTRE,CC,Childcare Centre,38.0,CHAI CHEE AVE,1.0,203.0,,461038,64496279.0,yasmineelc@gmail.com,
2001001041,PT5530,EQ EDUCARE PTE LTD,CC,Childcare Centre,309.0,CHOA CHU KANG AVE 4,2.0,1.0,,680309,67697228.0,kescckps@kinderland.com.sg,
2001000567,YW0110,YWCA BUKIT GOMBAK CHILD DEVELOPMENT CENTRE,CC,Childcare Centre,531.0,BUKIT BATOK STREET 51,1.0,136.0,,650531,65671545.0,bukitgombakcdc@ywca.org.sg,
2001000560,YW0030,YWCA WEST COAST CHILD DEVELOPMENT CENTRE,CC,Childcare Centre,510.0,WEST COAST DRIVE,1.0,315.0,,120510,67788326.0,westcoastcdc@ywca.org.sg,
2001000407,PW0110,PCS HOLLAND VILLAGE CENTRE,CC,Childcare Centre,11.0,HOLLAND DRIVE,1.0,20.0,,271011,67781244.0,hollandv@pcs.org.sg,
2001000460,RC0910,PRINCE SIDDHATTHA CHILD CARE CENTRE,CC,Childcare Centre,215.0,BUKIT BATOK STREET 21,1.0,343.0,,650215,65696912.0,psiddhat@singnet.com.sg,
2001000423,RC0450,PU TI CHILD CARE CENTRE,CC,Childcare Centre,104.0,ALJUNIED CRESCENT,1.0,245.0,,380104,67416119.0,evonne@puticcc.org.sg,
2001000440,RC0680,KIDDY CAMPUS,CC,Childcare Centre,17.0,EUNOS CRESCENT,1.0,2865.0,,400017,67481553.0,rafeah@kiddycampus.sg,
2001000330,PT4770,LEARNING VISION @ WORK PTE. LTD.,CC,Childcare Centre,548.0,WOODLANDS DRIVE 44,2.0,20.0,VISTA POINT,730548,63655055.0,BoonLengNg@learningvision.com,
2001000411,RC0035,GRACE CHILD DEVELOPMENT CENTRE,CC,Childcare Centre,19.0,COMPASSVALE WALK,3.0,0.0,FU HUI LINK,544644,64898161.0,kuan.yan@sbws.org.sg,
2001000379,PT5310,EVERLAND CHILD CARE & DEVELOPMENT CENTRE,CC,Childcare Centre,449.0,PUNGGOL ROAD,,,,546663,64897161.0,everlandccdc@hotmail.com,
2001000465,RC0980,ABC CHILDREN'S PLACE,CC,Childcare Centre,878.0,TAMPINES AVENUE 8,1.0,308.0,,520878,67858586.0,abcchnpl_tamp@yahoo.com,
2001000473,RC1060,KIDSVILLE CHILD CARE & DEVELOPMENT CENTRE,CC,Childcare Centre,217.0,YISHUN STREET 21,1.0,333.0,,760217,67539556.0,kidsvile@singnet.com.sg,
2001000493,RC1260,ASPIRATION CHILD CARE CENTRE,CC,Childcare Centre,871.0,TAMPINES STREET 84,1.0,47.0,,520871,67831337.0,aspiration_childcare@hotmail.com,
2001000543,WP0390,LEARNING VISION @ WORK PTE. LTD.,CC,Childcare Centre,81.0,SCIENCE PARK DRIVE,1.0,3.0,THE CHADWICK,118257,86682529.0,puikuanchia@learningvision.com,
2001000307,PT4490,LITTLE WORLD CHILD CARE AND DEVELOPMENT CENTRE PTE LTD,CC,Childcare Centre,113.0,RIVERVALE WALK,1.0,33.0,,540113,63886966.0,littleworld@newera-educare.com.sg,
200100001018,ST0251,PCF SPARKLETOTS PRESCHOOL @ KAMPONG CHAI CHEE BLK 775 (KN),KN,Kindergarten,775.0,BEDOK RESERVOIR VIEW,1.0,333.0,,470775,62452192.0,Josephine.TanCY@pcf.org.sg,
200100001025,ST0254,PCF SPARKLETOTS PRESCHOOL @ PASIR RIS WEST BLK 517 (KN),KN,Kindergarten,517.0,PASIR RIS STREET 52,1.0,57.0,,510517,65844578.0,Noriyaton.bte.yunos@pcf.org.sg,
200100001024,ST0304,PCF SPARKLETOTS PRESCHOOL @ JURONG SPRING BLK 465 (KN),KN,Kindergarten,465.0,JURONG WEST STREET 41,1.0,536.0,,640465,65612603.0,Shamsiah.Yusoff@pcf.org.sg,
200100000993,ST0264,PCF SPARKLETOTS PRESCHOOL @ TAMPINES NORTH BLK 483 (KN),KN,Kindergarten,483.0,TAMPINES STREET 43,1.0,202.0,,520483,67853919.0,Anna.WongYL@pcf.org.sg,
200100000994,ST0268,PCF SPARKLETOTS PRESCHOOL @ PAYA LEBAR BLK 23 (KN),KN,Kindergarten,23.0,HOUGANG AVENUE 3,1.0,303.0,,530023,62882522.0,Yen.Fang.Koh@PCF.org.sg,
2001000309,PT4510,ACE @ WORK EDUCARE PTE LTD,CC,Childcare Centre,,JURONG EAST STREET 21,1.0,378.0,,602288,65651611.0,aceatwork.je.288b@gmail.com,
2001000311,PT4530,APPLELAND PLAYHOUSE,CC,Childcare Centre,,DEPOT ROAD,1.0,3.0,,103104,63770800.0,applelandph@gmail.com,
2001000424,RC0470,LITTLE SEEDS PRESCHOOL,CC,Childcare Centre,211.0,BUKIT BATOK STREET 21,1.0,252.0,,650211,65650844.0,jessica.lem@littleseeds.edu.sg,
2001000430,RC0570,TOUCH COMMUNITY SERVICES LIMITED,CC,Childcare Centre,606.0,HOUGANG AVENUE 4,1.0,167.0,,530606,96448357.0,candice.chai@touch.org.sg,
2001000431,RC0580,BETHANY CHILD CARE CENTRE,CC,Childcare Centre,127.0,SERANGOON NORTH AVE 1,1.0,61.0,,550127,62860312.0,bethanyccc77@yahoo.com.sg,
2001000432,RC0590,TOUCH COMMUNITY SERVICES LIMITED,CC,Childcare Centre,333.0,CLEMENTI AVENUE 2,1.0,86.0,,120333,67773933.0,vanessa.lee@touch.org.sg,
2001000248,PT3740,SAINT ELMO'S CHILD CARE,CC,Childcare Centre,926.0,HOUGANG STREET 91,1.0,83.0,,530926,63876220.0,emilykoh3@hotmail.com,
2001000549,YM0060,MY WORLD PRESCHOOL LTD.,CC,Childcare Centre,171.0,BISHAN ST 13,1.0,13.0,,570171,62590071.0,ccbis@myworld.org.sg,
2001000551,YM0080,MY WORLD PRESCHOOL LTD.,CC,Childcare Centre,760.0,YISHUN ST 72,1.0,314.0,,760760,62576770.0,ccyis@myworld.org.sg,
2001000552,YM0090,MY WORLD PRESCHOOL LTD.,CC,Childcare Centre,584.0,ANG MO KIO AVE 3,1.0,3107.0,,560584,64511207.0,ccamk@myworld.org.sg,
2001000554,YM0110,MY WORLD PRESCHOOL LTD.,CC,Childcare Centre,855.0,TAMPINES STREET 83,1.0,262.0,,520855,67863590.0,cctmp.ctrl@myworld.org.sg,
2001000557,YM0140,MY WORLD PRESCHOOL LTD.,CC,Childcare Centre,863.0,WOODLANDS STREET 83,1.0,190.0,,730863,62694829.0,ccwlds@myworld.org.sg,
2001000558,YW0010,YWCA ANG MO KIO CHILD DEVELOPMENT CENTRE,CC,Childcare Centre,513.0,ANG MO KIO AVE 8,1.0,2776.0,,560513,64561087.0,amkcdc@ywca.org.sg,
2001000561,YW0040,YWCA MCNAIR ROAD CHILD DEVELOPMENT CENTRE,CC,Childcare Centre,7.0,MCNAIR ROAD,,,,328516,62997510.0,bedelialow@ywca.org.sg,
2001000562,YW0050,YWCA MARINE DRIVE CHILD DEVELOPMENT CENTRE,CC,Childcare Centre,66.0,MARINE DRIVE,1.0,202.0,,440066,63441942.0,marinedrivecdc@ywca.org.sg,
2001000568,YW0120,YWCA BISHAN CHILD DEVELOPMENT CENTRE,CC,Childcare Centre,185.0,BISHAN ST 13,1.0,323.0,,570185,62589040.0,bishancdc@ywca.org.sg,
2001000438,RC0660,SASCO CHILD CARE CENTRE,CC,Childcare Centre,102.0,BUKIT PURMEI ROAD,1.0,78.0,,90102,62785558.0,sascobp@singnet.com.sg,
2003000156,PT7140,CM CENTRAL PTE LTD,CC,Childcare Centre,161.0,ANG MO KIO AVE 4,1.0,502.0,,560161,65070440.0,info@cm-preschool.com,
200300000153,PT7110,ETONHOUSE PRE-SCHOOL PTE LTD,CC,Childcare Centre,11.0,UNITY STREET,2.0,20.0,ROBERTSON WALK,237995,62211050.0,lynn.lin@etonhouse.edu.sg,
2003000154,PT7120,CHERIE HEARTS @ CHARLTON PTE LTD,CC,Childcare Centre,,CHARLTON LANE,,,,539643,63821369.0,brands.ng@cheriehearts.com.sg,
200300000147,PT9655,KIDZ MEADOW KINDERGARTEN,KN,Kindergarten,102.0,PASIR RIS ROAD,,102.0,PASIR RIS BEACH PARK,519108,65833522.0,pasir_ris.kgn@merculearning.com,
200300000146,RC1884,BETHESDA CHAPEL KINDERGARTEN,KN,Kindergarten,27.0,LORONG MELAYU,,,,416913,97539280.0,principla@bethesdachapel.org,
200300000145,PT9678,LITTLE OAKS MONTESSORI KINDERGARTEN,KN,Kindergarten,,98 FARRER ROAD,,,,259226,96544675.0,Felicia@littleoaks.com.sg,
200300000139,PT7040,THE LITTLE KIDS HOUSE - VEGETARIAN,CC,Childcare Centre,431.0,PUNGGOL ROAD,,,BEAUTY GARDEN,546654,65031431.0,kidshouse1431@gmail.com,
200300000138,RC1856,ST. FRANCIS OF ASSISI KINDERGARTEN (BOON LAY),KN,Kindergarten,200.0,BOON LAY AVENUE,,,CHURCH OF ST. FRANCIS OF ASSISI,649964,62618212.0,sfakgbl_principal@yahoo.com.sg,
2003000143,PT7080,SWEETLANDS CHILDCARE WOODLANDS 643 PTE. LTD.,CC,Childcare Centre,643.0,WOODLANDS RING ROAD,1.0,42.0,,730643,68938146.0,sweetlandswoodlands643@gmail.com,
200300000137,PT9681,LITTLE WOODS MONTESSORI PRE-SCHOOL PTE LTD,KN,Kindergarten,45.0,GENTLE ROAD,,,,309166,94740267.0,hafsa.fathah@gmail.com,
200100000997,ST0230,PCF SPARKLETOTS PRESCHOOL @ POTONG PASIR BLK 143 (DS),KN,Kindergarten,143.0,POTONG PASIR AVENUE 2,1.0,24.0,,350143,62881720.0,Tan.Lay.Yen@pcf.org.sg,
200100001000,ST0280,PCF SPARKLETOTS PRESCHOOL @ SENGKANG CENTRAL BLK 231 (DS),KN,Kindergarten,231.0,COMPASSVALE WALK,1.0,436.0,,540231,68817901.0,Janice.GoonXX@pcf.org.sg,
200100001001,ST0216,PCF SPARKLETOTS PRESCHOOL @ QUEENSTOWN BLK 3 (KN),KN,Kindergarten,3.0,JALAN BUKIT MERAH,1.0,5118.0,,150003,62720556.0,Janita.Jaya@pcf.org.sg,
200100001006,ST0273,PCF SPARKLETOTS PRESCHOOL @ PUNGGOL SOUTH BLK 535 (KN),KN,Kindergarten,535.0,HOUGANG STREET 52,1.0,18.0,,530535,63851030.0,Noraini.Bte.Tabiin@pcf.org.sg,
200100001007,ST0276,PCF SPARKLETOTS PRESCHOOL @ ANG MO KIO-HOUGANG BLK 970 (DS),KN,Kindergarten,970.0,HOUGANG STREET 91,1.0,152.0,,530970,63840064.0,Yee.Shane@pcf.org.sg,
200100001010,ST0272,PCF SPARKLETOTS PRESCHOOL @ SENGKANG SOUTH BLK 452 (DS),KN,Kindergarten,452.0,HOUGANG AVENUE 10,1.0,575.0,,530452,63871004.0,Herlena.Masehkoo@pcf.org.sg,
200100001011,ST0271,PCF SPARKLETOTS PRESCHOOL @ BEDOK RESERVOIR-PUNGGOL BLK 414 (DS),KN,Kindergarten,414.0,HOUGANG AVENUE 10,1.0,1256.0,,530414,62831163.0,Ming.Zhi.Chia@pcf.org.sg,
200100000916,ST0211,PCF SPARKLETOTS PRESCHOOL @ TELOK BLANGAH BLK 78A (DS),KN,Kindergarten,,TELOK BLANGAH STREET 32,3.0,1.0,,101078,62701511.0,Ta.Sze.Hwee@pcf.org.sg,
200100000921,ST0291,PCF SPARKLETOTS PRESCHOOL @ TECK GHEE BLK 466 (KN),KN,Kindergarten,466.0,ANG MO KIO AVENUE 10,1.0,1034.0,,560466,64586623.0,Gracias.Osyth.Teresa.SP@pcf.org.sg,
200100000925,ST0258,PCF SPARKLETOTS PRESCHOOL @ TAMPINES WEST BLK 140 (DS),KN,Kindergarten,140.0,TAMPINES STREET 12,1.0,426.0,,520140,67821177.0,Jean.OngWW@pcf.org.sg,
200100000927,ST0259,PCF SPARKLETOTS PRESCHOOL @ TAMPINES EAST BLK 261 (KN),KN,Kindergarten,261.0,TAMPINES STREET 21,1.0,300.0,,520261,67861110.0,Norijah.Ahmad2@pcf.org.sg,
200100000932,ST0263,PCF SPARKLETOTS PRESCHOOL @ TAMPINES - CHANGKAT BLK 358 (KN),KN,Kindergarten,358.0,TAMPINES STREET 33,1.0,666.0,,520358,62602059.0,Annie.Sim@pcf.org.sg,
200100000934,ST0260,PCF SPARKLETOTS PRESCHOOL @ TAMPINES EAST BLK 262 (DS),KN,Kindergarten,262.0,TAMPINES STREET 21,1.0,272.0,,520262,67834463.0,Bee.Hoon.Pek@pcf.org.sg,
200100000938,ST0266,PCF SPARKLETOTS PRESCHOOL @ TAMPINES CENTRAL BLK 856 (KN),KN,Kindergarten,856.0,TAMPINES STREET 82,1.0,279.0,,520856,67894598.0,Anna.ChuaHS@pcf.org.sg,
200100000940,ST0244,PCF SPARKLETOTS PRESCHOOL @ SIGLAP BLK 170 (KN),KN,Kindergarten,170.0,BEDOK SOUTH ROAD,1.0,354.0,,460170,62412678.0,Serene.YeowCY@pcf.org.sg,
200100000944,ST0308,PCF SPARKLETOTS PRESCHOOL @ HONG KAH NORTH BLK 750 (KN),KN,Kindergarten,750.0,JURONG WEST STREET 73,1.0,169.0,,640750,67944957.0,Ang.Ping.Chun@pcf.org.sg,
2001000445,RC0740,CHINESE CHRISTIAN MISSION LIMITED,CC,Childcare Centre,108.0,BUKIT BATOK WEST AVE 6,1.0,54.0,,650108,65675756.0,belindaclp@hotmail.com,
2001000446,RC0750,PPIS CHILD DEVELOPMENT CENTRE - PASIR RIS1,CC,Childcare Centre,557.0,PASIR RIS ST 51,1.0,201.0,,510557,65815754.0,nooraidah.mdnoordin@ppis.sg,
2001000450,RC0790,CHEE HWAN KOG CHILDCARE CENTRE,CC,Childcare Centre,695.0,HOUGANG ST 61,1.0,72.0,,530695,63862076.0,admin@cheehwankog.org,
2001000350,PT5010,IDEAL MONTESSORI PTE LTD,CC,Childcare Centre,1.0,YOUNGBERG TERRACE,1.0,2.0,AVON PARK,357741,62885421.0,idealmontessori@hotmail.com,
2001000365,PT5170,PAT'S SCHOOLHOUSE PTE LTD,CC,Childcare Centre,,MOUNT SINAI DRIVE,,,,277114,64648951.0,ridgewood@patschoolhouse.com,
2001000373,PT5250,KINDERLAND PRESCHOOL,CC,Childcare Centre,900.0,SOUTH WOODLANDS DRIVE,5.0,3.0,WOODLANDS CIVIC CENTRE,730900,68928892.0,malar@kinderland.com.sg,
2001000376,PT5280,THE KIDDIWINKIE PLACE PTE LTD,CC,Childcare Centre,420.0,"CLEMENCEAU AVENUE NORTH, #01-02",,,,229492,67340390.0,jeslyn.goh@kiddiwinkie.com.sg,
2001000387,PT5400,CHILTERN HOUSE TURF CLUB,CC,Childcare Centre,232.0,TURF CLUB ROAD,,,,287982,64688566.0,chturf@chilternhouse.com.sg,
2001000401,PW0040,PCS WOODLANDS CENTRE,CC,Childcare Centre,23.0,MARSILING DRIVE,1.0,159.0,,730023,63688734.0,Woodlands@pcs.org.sg,
2001000404,PW0080,PCS BUKIT BATOK CENTRE,CC,Childcare Centre,116.0,BUKIT BATOK WEST AVE 6,1.0,232.0,,650116,65632242.0,btbatok@pcs.org.sg,
2001000405,PW0090,PCS TAMPINES CENTRE,CC,Childcare Centre,432.0,TAMPINES STREET 41,1.0,555.0,,520432,67838310.0,tampines@pcs.org.sg,
2003000132,PT7020,MODERN MONTESSORI CHILD CARE & DEVELOPMENT CENTRE PTE LTD,CC,Childcare Centre,,12 WEST COAST WALK,1.0,5.0,WEST COAST RECREATION CENTRE,127157,67744146.0,westcoast@modern-montessori.com,
2003000123,PT6950,RAFFLES HOUSE PRESCHOOL PTE LTD,CC,Childcare Centre,9.0,GOLDHILL AVENUE,,,,309007,67321455.0,isabel@raffleshouse.com,
2003000122,PT6940,SUNFLOWER CHILDCARE & DEVELOPMENT CENTRE PTE LTD,CC,Childcare Centre,670.0,BEDOK NORTH STREET 3,3.0,1.0,KAKI BUKIT COMMUNITY CENTRE,469627,64478782.0,alicia@sunflowerkid.com,
200300000119,RC1845,KIM KEAT CHRISTIAN CHURCH KINDERGARTEN,KN,Kindergarten,11.0,BENG WAN ROAD,,,,339843,91474667.0,kkcckindergarten@gmail.com,
200300000118,RC1867,ST FRANCIS XAVIER KINDERGARTEN,KN,Kindergarten,,CHARTWELL DRIVE,,,,558758,62808929.0,sfx_kindergarten@sfxchurch.sg,
200300000117,RC1883,SENGKANG METHODIST CHILDREN CENTRE,KN,Kindergarten,31.0,ANCHORVALE ROAD,,,,545056,98477046.0,joannelow@skmcc.org.sg,
200300000114,PT9697,DAYSPRING KINDERGARTEN PRIVATE LIMITED,KN,Kindergarten,11.0,NORTHSHORE DRIVE,2.0,1.0,MARINA COUNTRY CLUB,828670,64895489.0,enquiries@dayspring.edu.sg,
2003000106,PT6860,EUREKA SCHOOLHOUSE PTE LTD,CC,Childcare Centre,2.0,SUNBIRD ROAD,,,,487127,65422561.0,sunbird@eurekaschoolhouse.com.sg,
200100000948,ST0286,PCF SPARKLETOTS PRESCHOOL @ SERANGOON BLK 226 (KN),KN,Kindergarten,226.0,SERANGOON AVENUE 4,1.0,149.0,,550226,62846683.0,vengadasalam.parmeswari@pcf.org.sg,
200100000976,ST0356,PCF SPARKLETOTS PRESCHOOL @ NEE SOON SOUTH BLK 875  (DS),KN,Kindergarten,875.0,YISHUN ST 81,1.0,175.0,,760875,67593514.0,Ong.Geok.Mui@pcf.org.sg,
200100000979,ST0214,PCF SPARKLETOTS PRESCHOOL @ TELOK BLANGAH BLK 2 (KN),KN,Kindergarten,2.0,DOVER ROAD,1.0,342.0,,130002,67731760.0,Aslinda.Mohd.Zali@pcf.org.sg,
200100000956,ST0355,PCF SPARKLETOTS PRESCHOOL @ NEE SOON CENTRAL BLK 737 (KN),KN,Kindergarten,737.0,YISHUN STREET 72,1.0,99.0,,760737,67537558.0,Suet.Kuen.Wong@pcf.org.sg,
200100000958,ST0352,PCF SPARKLETOTS PRESCHOOL @ GAMBAS BLK 408 (KN),KN,Kindergarten,408.0,YISHUN AVENUE 6,1.0,1264.0,,760408,67537449.0,Puay.Choo.Jessie.Pua@pcf.org.sg,
200100000869,ST0236,PCF SPARKLETOTS PRESCHOOL @ GEYLANG SERAI BLK 11 (KN),KN,Kindergarten,11.0,EUNOS CRESENT,1.0,2737.0,,400011,67457469.0,Jamilah.Pungot@pcf.org.sg,
200100000982,ST0253,PCF SPARKLETOTS PRESCHOOL @ PASIR RIS EAST BLK 426 (DS),KN,Kindergarten,,PASIR RIS DRIVE 6,1.0,,,510426,65810356.0,Peh.Say.Ling@pcf.org.sg,
200100000983,ST0255,PCF SPARKLETOTS PRESCHOOL @ PASIR RIS WEST BLK 738 (KN),KN,Kindergarten,738.0,PASIR RIS DRIVE 10,1.0,21.0,,510738,65851337.0,Norashikin.Haniffa@pcf.org.sg,
200100000988,ST0252,PCF SPARKLETOTS PRESCHOOL @ PASIR RIS EAST BLK 216 (KN),KN,Kindergarten,216.0,PASIR RIS STREET 21,1.0,184.0,,510216,65840236.0,Foong.Chean.Chong@pcf.org.sg,
200100000891,KG1081,PCF SPARKLETOTS PRESCHOOL @ TOA PAYOH EAST BLK 6 (KN),KN,Kindergarten,6.0,LORONG 7 TOA PAYOH,1.0,181.0,,310006,62558297.0,Kwee.Huay.Ng@PCF.org.sg,
200100000896,ST0234,PCF SPARKLETOTS PRESCHOOL @ MACPHERSON BLK 108 (KN),KN,Kindergarten,108.0,ALJUNIED CRESCENT,1.0,36.0,,380108,68426979.0,Radziah.Junan@pcf.org.sg,
2001000406,PW0100,PCS ANG MO KIO CHILD CARE CENTRE,CC,Childcare Centre,442.0,ANG MO KIO AVENUE 10,1.0,1205.0,,560442,64570714.0,angmokio@pcs.org.sg,
2001000410,RC0030,BETHEL DAY CARE CENTRE,CC,Childcare Centre,12.0,JALAN LATEH,,,,359110,62885078.0,betheldc@singnet.com.sg,
2001000415,RC0140,LUTHERAN CHILD CARE CENTRE,CC,Childcare Centre,124.0,YISHUN STREET 11,1.0,367.0,,760124,67589335.0,lcccy124@singnet.com.sg,
2001000418,RC0400,LUTHERAN CHILD CARE CENTRE,CC,Childcare Centre,265.0,TAMPINES ST 21,1.0,32.0,,520265,67834598.0,lccctamp@singnet.com.sg,
2001000420,RC0420,OUR LADY STAR OF THE SEA CHILD CARE CENTRE,CC,Childcare Centre,235.0,YISHUN STREET 21,1.0,440.0,,760235,62570427.0,ladystar235@yahoo.com.sg,
2001000421,RC0430,LITTLE SEEDS PRESCHOOL,CC,Childcare Centre,105.0,POTONG PASIR AVE 1,1.0,436.0,,350105,62818434.0,ascension.kc@littleseeds.edu.sg,
2001000277,PT4140,BRIGHT KIDS @ JURONG WEST PTE LTD,CC,Childcare Centre,641.0,JURONG WEST STREET 61,1.0,38.0,,640641,67930030.0,jwprincipal@brightkids.sg,
2001000259,PT3870,LEARNINGHILL PASIR RIS PTE LTD,CC,Childcare Centre,60.0,PASIR RIS DRIVE 3,2.0,,ARANDA COUNTRY CLUB,519497,65820882.0,pasirris@learningjungle.com,
2001000298,PT4390,CHILTERN HOUSE FORUM,CC,Childcare Centre,583.0,ORCHARD ROAD,4.0,1.0,FORUM GALLERIA,238884,67371966.0,chforum@chilternhouse.com.sg,
2001000397,PT8001,THE LITTLE SKOOL-HOUSE INTERNATIONAL PTE LTD,CC,Childcare Centre,1.0,ORCHID CLUB ROAD,,,ORCHID COUNTRY CLUB,769162,67590393.0,avrilwong@littleskoolhouse.com,
2001000453,RC0820,IYAD-PERDAUS CHILD DEVELOPMENT CENTRE,CC,Childcare Centre,241.0,JURONG EAST STREET 24,1.0,659.0,,600241,65132310.0,thahirah@perdaus.org.sg,
2001000534,WP0300,CHANGI GENERAL HOSPITAL CHILD CARE CENTRE,CC,Childcare Centre,,SIMEI STREET 3,5.0,,MEDICAL CENTER,529906,91247075.0,de_silva_brenda_lea_ann@cgh.com.sg,
2001000535,WP0310,CREATIVE O PRESCHOOLERS' BAY,CC,Childcare Centre,31.0,INTERNATIONAL BUSINESS PARK,2.0,1.0,CREATIVE RESOURCE,609921,66974168.0,admin@creative-o.com.sg,
2001000537,WP0330,LEARNING VISION @ WORK PTE .LTD.,CC,Childcare Centre,180.0,ANG MO KIO AVE 8,,,,569830,64557784.0,SalmahMohamedDawood@learningvision.com,
2003000095,RC1879,ST. JAMES' CHURCH KINDERGARTEN (HARDING),KN,Kindergarten,29.0,HARDING ROAD,,,,249537,97248835.0,joanna@sjck.org.sg,
2003000092,PT6770,LITTLE TREE HOUSE LLP,CC,Childcare Centre,70.0,JALAN NAUNG,,,MIRAMAR GARDENS,537731,63861211.0,cindy.low@littletreehouse.com.sg,
200100000899,ST0240,PCF SPARKLETOTS PRESCHOOL @ MARINE PARADE BLK 46 (DS),KN,Kindergarten,46.0,MARINE CRESCENT,1.0,42.0,,440046,64426945.0,Dinah.Rose.Gomes@pcf.org.sg,
200100000900,ST0224,PCF SPARKLETOTS PRESCHOOL @ TOA PAYOH CENTRAL BLK 97 (KN),KN,Kindergarten,97.0,LORONG 3 TOA PAYOH,1.0,60.0,,310097,63538058.0,Norhayati.Sithambaram@pcf.org.sg,
200100000950,ST0309,PCF SPARKLETOTS PRESCHOOL @ NANYANG BLK 934 (KN),KN,Kindergarten,934.0,JURONG WEST STREET 91,1.0,329.0,,640934,67920963.0,Mahani.Taib@pcf.org.sg,
200100000953,ST0354,PCF SPARKLETOTS PRESCHOOL @ NEE SOON CENTRAL BLK 646 (KN),KN,Kindergarten,646.0,YISHUN STREET 61,1.0,354.0,,760646,62571146.0,Cherie.LimSM@pcf.org.sg,
200100000955,ST0340,PCF SPARKLETOTS PRESCHOOL @ WOODLANDS BLK 730 (KN),KN,Kindergarten,730.0,WOODLANDS CIRCLE,1.0,25.0,,730730,63695170.0,Toh.Bee.Choo1@pcf.org.sg,
200100000872,ST0237,PCF SPARKLETOTS PRESCHOOL @ KEMBANGAN CHAI CHEE BLK 326 (KN),KN,Kindergarten,326.0,UBI AVENUE 1,1.0,675.0,,400326,67453298.0,Munirah.Ahmad@pcf.org.sg,
200100000875,ST0288,PCF SPARKLETOTS PRESCHOOL @ YIO CHU KANG BLK 235 (KN),KN,Kindergarten,235.0,ANG MO KIO AVENUE 3,1.0,1114.0,,560235,64567874.0,Kamariah.Binte.Sani@pcf.org.sg,
200100000881,KG1036,PCF SPARKLETOTS PRESCHOOL @ KRETA AYER-KIM SENG BLK 79 (KN),KN,Kindergarten,79.0,INDUS ROAD,1.0,435.0,,161079,62782025.0,Nurulhuda.Feroz.AA@pcf.org.sg,
200100000883,ST0233,PCF SPARKLETOTS PRESCHOOL @ KOLAM AYER BLK 64 (KN),KN,Kindergarten,64.0,KALLANG BAHRU,1.0,375.0,,330064,63922558.0,Joreen.sim@pcf.org.sg,
200100000885,ST0223,PCF SPARKLETOTS PRESCHOOL @ TOA PAYOH WEST - BALESTIER BLK 45 (DS),KN,Kindergarten,45.0,LORONG 5 TOA PAYOH,1.0,149.0,,310045,62591737.0,Woon.Li.Fong@pcf.org.sg,
200100000966,ST0218,PCF SPARKLETOTS PRESCHOOL @ HENDERSON - DAWSON BLK 124A (KN),KN,Kindergarten,,BUKIT MERAH VIEW,1.0,406.0,,151124,62734513.0,Arul.Chevi.Vadivelu@pcf.org.sg,
200100000967,ST0351,PCF SPARKLETOTS PRESCHOOL @ NEE SOON CENTRAL BLK 367 (KN),KN,Kindergarten,367.0,YISHUN RING ROAD,1.0,1534.0,,760367,67545551.0,peh.lay.hong@pcf.org.sg,
200100000969,ST0350,PCF SPARKLETOTS PRESCHOOL @ NEE SOON EAST BLK 223 (KN),KN,Kindergarten,223.0,YISHUN ST 21,1.0,473.0,,760223,62570231.0,bee.eng.yeo@pcf.org.sg,
200100000890,ST0217,PCF SPARKLETOTS PRESCHOOL @ RADIN MAS BLK 70A (KN),KN,Kindergarten,,REDHILL CLOSE,7.0,1.0,,151070,64794281.0,limng.wong@pcf.org.sg,
200100001013,ST0274,PCF SPARKLETOTS PRESCHOOL @ ANG MO KIO-HOUGANG BLK 632 (KN),KN,Kindergarten,632.0,HOUGANG AVENUE 8,1.0,28.0,,530632,62826567.0,Ng.Thiam.Buay@pcf.org.sg,
2001000532,WP0280,LEARNING VISION @ WORK PTE. LTD.,CC,Childcare Centre,11.0,JALAN TAN TOCK SENG 4TH LEVEL,,,TAN TOCK SENG HOSPITAL,308433,63543346.0,Parvathy@learningvision.com,
2001000471,RC1040,KIDZ MEADOW CHILDCARE & DEVELOPMENT CENTRE,CC,Childcare Centre,874.0,WOODLANDS STREET 82,1.0,522.0,,730874,63689634.0,woodlands.chc@merculearning.com,
2001000369,PT5210,ACE @ WORK CHILDCARE PTE LTD,CC,Childcare Centre,703.0,CHOA CHU KANG STREET 53,1.0,54.0,,680703,67671611.0,emailace@singnet.com.sg,
2001000499,RC1330,MWS D'JOY CHILDREN'S CENTRE,CC,Childcare Centre,1.0,MAUDE ROAD,3.0,30.0,,200001,62949960.0,MWSdjcc@mws.sg,
2001000426,RC0490,YMCA CHILD DEVELOPMENT CENTRE-BUKIT BATOK,CC,Childcare Centre,225.0,BUKIT BATOK CENTRAL,1.0,89.0,,650225,66650342.0,bbcdc@ymca.org.sg,
2001000026,NT0340,MY FIRST SKOOL,CC,Childcare Centre,406.0,WOODLANDS STREET 41,1.0,6.0,,730406,66349989.0,info@myfirstskool.com,
2001000027,NT0350,MY FIRST SKOOL,CC,Childcare Centre,329.0,ANG MO KIO AVENUE 3,1.0,2038.0,,560329,66349989.0,info@myfirstskool.com,
2001000198,PT3150,BUMBLE BEE CHILD CARE CENTRE,CC,Childcare Centre,369.0,WOODLANDS AVENUE 1,1.0,853.0,,730369,63630234.0,support@bumbleb3.com,
2001000201,PT3190,BLOSSOM EDUCARE CENTRE LLP,CC,Childcare Centre,7.0,LORONG BATAWI,,,,536668,63820560.0,bec@blossomedugroup.com.sg,
2001000203,PT3210,BRIGHT CHILD EDUCARE CENTRE,CC,Childcare Centre,128.0,MARSILING RISE,1.0,256.0,,730128,63630916.0,brightchild@singnet.com.sg,
2001000211,PT3300,LITTLE GREENHOUSE @ S553 PTE LTD,CC,Childcare Centre,553.0,SERANGOON NORTH AVE 3,1.0,75.0,,550553,90031454.0,cici@global-eduhub.com,
2001000226,PT3460,SUNSHINE KIDS PRESCHOOL @WOODLANDS PTE LTD,CC,Childcare Centre,795.0,WOODLANDS DR 72,1.0,1.0,,730795,63660432.0,woodlands@sunshinekids.com.sg,
2001000054,PT0215,ROSYTH CHILD CARE CENTRE,CC,Childcare Centre,31.0,GRACE PARK,,,,557783,62814572.0,rosythccc@hotmail.com,
200300000087,RC1892,ARISE KINDERGARTEN,KN,Kindergarten,,HINDHEDE ROAD,,,,589240,64622972.0,PRINCIPAL@ARISEKGN.ORG,
200300000086,PT9613,PAPER SCISSORS STONE MONTESSORI KINDERGARTEN,KN,Kindergarten,30.0,JALAN PERGAM,,,EAST VIEW GARDEN,488306,98351077.0,ms_cheryl@pssmk.com,
2003000082,PT6720,RAINBOWLAND LEARNING CENTRE PTE LTD,CC,Childcare Centre,16.0,PEMIMPIN PLACE,,,,576013,63538629.0,rainbowlandbishan@gmail.com,
200300000079,KG1013,PASIR PANJANG HILL CHURCH KINDERGARTEN,KN,Kindergarten,3.0,PASIR PANJANG HILL,,,,118827,64742183.0,principal_pphck@pphbc.org,
200300000077,ST0215,PCF SPARKLETOTS PRESCHOOL @ BUONA VISTA BLK 54 (DS),KN,Kindergarten,54.0,COMMONWEALTH DRIVE,1.0,564.0,,142054,64721180.0,Ye.Meixuan@pcf.org.sg,
200300000072,ST0284,PCF SPARKLETOTS PRESCHOOL @ SENGKANG CENTRAL BLK 292B (KN),KN,Kindergarten,,COMPASSVALE STREET,1.0,206.0,,542292,68755725.0,Yeo.Kian.Mui@pcf.org.sg,
200300000069,ST0310,PCF SPARKLETOTS PRESCHOOL @ PIONEER BLK 665A (KN),KN,Kindergarten,,JURONG WEST STREET 64,1.0,160.0,,641665,67918003.0,Low.Ah.Mui@PCF.org.sg,
200300000074,ST0282,PCF SPARKLETOTS PRESCHOOL @ PUNGGOL EAST BLK 187B (KN),KN,Kindergarten,,RIVERVALE DRIVE,1.0,866.0,,542187,64897845.0,Sanisah.Bte.Raub@pcf.org.sg,
200300000070,ST0281,PCF SPARKLETOTS PRESCHOOL @ PUNGGOL CENTRAL BLK 206A (KN),KN,Kindergarten,,COMPASSVALE LANE,1.0,67.0,,541206,64892370.0,Irene.Eu@pcf.org.sg,
200300000068,KG1268,PCF SPARKLETOTS PRESCHOOL @ SENGKANG WEST BLK 303A (KN),KN,Kindergarten,,ANCHORVALE LINK,1.0,82.0,,541303,63122961.0,Wai.Fong.Loke@pcf.org.sg,
200300000064,ST0341,PCF SPARKLETOTS PRESCHOOL @ SEMBAWANG BLK 789 (KN),KN,Kindergarten,789.0,WOODLANDS AVENUE 6,1.0,663.0,,730789,63637978.0,Nazrina.Hussain@pcf.org.sg,
200100001014,ST0278,PCF SPARKLETOTS PRESCHOOL @ PUNGGOL EAST BLK 103 (KN),KN,Kindergarten,103.0,RIVERVALE WALK,1.0,86.0,,540103,64897584.0,Chung.Siew.Gek@pcf.org.sg,
200100000903,ST0334,PCF SPARKLETOTS PRESCHOOL @ MARSILING BLK 32 (KN),KN,Kindergarten,32.0,MARSILING DRIVE,1.0,343.0,,730032,63684788.0,Noraini.Mohd.Tap@pcf.org.sg,
200100000905,ST0336,PCF SPARKLETOTS PRESCHOOL @ WOODGROVE BLK 364 (KN),KN,Kindergarten,364.0,WOODLANDS AVENUE 5,1.0,478.0,,730364,62696762.0,Nur.Azlindah.Mohd.Ali@pcf.org.sg,
200100000906,ST0219,PCF SPARKLETOTS PRESCHOOL @ TANJONG PAGAR - TIONG BAHRU BLK 130 (KN),KN,Kindergarten,130.0,KIM TIAN ROAD,1.0,157.0,,160130,62702191.0,Harlina.Binte.Samat@pcf.org.sg,
200100000909,ST0335,PCF SPARKLETOTS PRESCHOOL @ MARSILING BLK 302 (KN),KN,Kindergarten,302.0,WOODLANDS STREET 31,1.0,301.0,,730302,63683346.0,Siti.Rohaini.Bte.Ishak@pcf.org.sg,
200100000912,ST0221,PCF SPARKLETOTS PRESCHOOL @ MOULMEIN BLK 10 (DS),KN,Kindergarten,10.0,GLOUCESTER ROAD,1.0,33.0,,210010,62972135.0,Lee.Phek.Yan@pcf.org.sg,
200100000780,ST0324,PCF SPARKLETOTS PRESCHOOL @ ZHENGHUA BLK 528 (KN),KN,Kindergarten,528.0,JELAPANG ROAD,1.0,79.0,,670528,67635767.0,Angelin.ChuaLL@pcf.org.sg,
200100000781,ST0322,PCF SPARKLETOTS PRESCHOOL @ BUKIT PANJANG BLK 226 (KN),KN,Kindergarten,226.0,PENDING ROAD,1.0,179.0,,670226,67691888.0,Siti.Suzanah.Rahmat@pcf.org.sg,
200100000855,ST0245,PCF SPARKLETOTS PRESCHOOL @ KAKI BUKIT BLK 519 (KN),KN,Kindergarten,519.0,BEDOK NORTH AVENUE 1,1.0,372.0,,460519,64495242.0,Tay.So.Kim@pcf.org.sg,
200100000859,ST0246,PCF SPARKLETOTS PRESCHOOL @ KAKI BUKIT BLK 526 (KN),KN,Kindergarten,526.0,BEDOK NORTH STREET 3,1.0,462.0,,460526,64491447.0,Nazahiyah.Wahid@pcf.org.sg,
2001000059,PT0510,KINDERLAND PRESCHOOL,CC,Childcare Centre,449.0,YIO CHU KANG ROAD,,,,805946,64832501.0,kesyckcc@kinderland.com.sg,
2001000069,PT0890,PAT'S SCHOOLHOUSE PTE LTD,CC,Childcare Centre,11.0,CLAYMORE ROAD,,,,229541,62386753.0,AdaTeo@patschoolhouse.com,
2001000070,PT0920,LEARNINGHILL EDUCARE PTE LTD,CC,Childcare Centre,6.0,LAKME STREET,,,,456903,62411811.0,siglap.kinderland@gmail.com,
2001000075,PT1200,SAM'S EARLY LEARNING CENTRE PTE LTD,CC,Childcare Centre,17.0,JALAN MUTIARA,,,,249196,67361037.0,mages1969@gmail.com,
2001000077,PT1230,ALPHABET PLAYHOUSE CHILD CARE AND LEARNING CENTRE PTE LTD,CC,Childcare Centre,,DUBLIN ROAD,,,,239803,90031454.0,cici@global-eduhub.com,
2001000084,PT1330,KINDERLAND PRESCHOOL,CC,Childcare Centre,202.0,HOUGANG STREET 21,3.0,0.0,,530202,62871841.0,melissaang@kinderland.com.sg,
2001000106,PT1800,PAT'S SCHOOLHOUSE PTE. LTD.,CC,Childcare Centre,7.0,BUCKLEY ROAD,,,,309763,62567404.0,NatalieLim@patschoolhouse.com,
2001000115,PT1900,LITTLE FOOTPRINTS SCHOOLHOUSE (366) PTE. LTD.,CC,Childcare Centre,366.0,YISHUN RING ROAD,1.0,1510.0,,760366,67580833.0,karine.lim@littlefootprints.com.sg,
2001000013,NT0200,MY FIRST SKOOL,CC,Childcare Centre,235.0,BUKIT PANJANG RING ROAD,2.0,33.0,,670235,66349989.0,info@myfirstskool.com,
2001000014,NT0210,MY FIRST SKOOL,CC,Childcare Centre,212.0,CHOA CHU KANG CENTRAL,1.0,140.0,,680212,66349989.0,info@myfirstskool.com,
2001000016,NT0230,MY FIRST SKOOL,CC,Childcare Centre,245.0,BISHAN ST 22,1.0,308.0,,570245,66349989.0,info@myfirstskool.com,
2001000018,NT0250,MY FIRST SKOOL,CC,Childcare Centre,209.0,JURONG EAST ST 21,1.0,341.0,,600209,66349989.0,info@myfirstskool.com,
2001000189,PT3050,AGAPE CHILD CARE(CCK) PTE. LTD.,CC,Childcare Centre,789.0,CHOA CHU KANG NORTH 6,1.0,224.0,,680789,67690725.0,cck789@agapeLittleUni.com,
2001000193,PT3100,ICHIBAN MONTESSORI CHILD CARE CENTRE PTE LTD,CC,Childcare Centre,20.0,HONG SAN WALK,,,,689011,63143298.0,icb_hongsan@yahoo.com.sg,
200300000065,ST0265,PCF SPARKLETOTS PRESCHOOL @ TAMPINES CENTRAL BLK 725 (DS),KN,Kindergarten,725.0,TAMPINES STREET 71,1.0,179.0,,520725,67893677.0,Nor.Aini.Muhimin@pcf.org.sg,
2003000059,PT6690,SHEFFIELD KIDSWORLD (CCK) PTE. LTD.,CC,Childcare Centre,433.0,CHOA CHU KANG AVE 4,1.0,535.0,,680433,67635193.0,sheffieldcck@gmail.com,
200300000052,PT6620,CITIKIDS ACADEMY PTE LTD,CC,Childcare Centre,105.0,AMOY STREET,,,,69925,62209282.0,info.academy@citikids.com.sg,
2003000061,RC1560,LIFE CHILD CARE CENTRE,CC,Childcare Centre,138.0,PRINSEP STREET,1.0,0.0,,188659,67898228.0,dawn.l@lcs.org.sg,
2003000055,PT6650,THE ORANGE TREE (SIMEI) PTE. LTD.,CC,Childcare Centre,6.0,KAKI BUKIT AVENUE 1,3.0,4.0,,417940,67437877.0,jolene@orangetree.com.sg,
2003000051,RC1851,LITTLE SEEDS PRESCHOOL @ CALVARY BAPTIST KINDERGARTEN,KN,Kindergarten,48.0,WAN THO AVENUE,,,,347592,96406901.0,pamelachan@calvary.org.sg,
2003000016,PT6360,MAPLE BEAR EDUCARE PTE LTD,CC,Childcare Centre,243.0,PASIR PANJANG ROAD,,,,118599,67740589.0,gladysng@maplebear.sg,
2003000032,RC1550,MORAL CHILD DEVELOPMENT CENTRE (CHEE HOON KOG),CC,Childcare Centre,542.0,BEDOK NORTH ST 3,1.0,1296.0,,460542,64420560.0,principal542@chkmps.org.sg,
2003000039,PT6400,MY JOLLY EDUCARE PTE LTD,CC,Childcare Centre,32.0,SUNBIRD CIRCLE,,,,487274,65455338.0,myjolly@platoeducation.com.sg,
2003000041,PT6530,PHYLLIS' RICCIA SCHOOL PTE LTD,CC,Childcare Centre,49.0,WOODGROVE AVENUE,,,,738229,90619200.0,admin@prsschool.com,
2003000042,PT6550,CHILTERN HOUSE EAST COAST,CC,Childcare Centre,231.0,MOUNTBATTEN ROAD,2.0,1.0,BLK C,397999,63459912.0,cheastcoast@chilternhouse.com.sg,
200100000862,ST0241,PCF SPARKLETOTS PRESCHOOL @ KEMBANGAN CHAI CHEE BLK 59 (KN),KN,Kindergarten,59.0,CHAI CHEE ROAD,1.0,878.0,,460059,64490383.0,Sy.Ching.Quek@pcf.org.sg,
200100000784,ST0317,PCF SPARKLETOTS PRESCHOOL @ BUKIT BATOK EAST BLK 289G (KN),KN,Kindergarten,,BUKIT BATOK STREET 25,1.0,94.0,,656289,65667605.0,Lakshmanan.Mahalakshmi@pcf.org.sg,
200100000788,ST0300,PCF SPARKLETOTS PRESCHOOL @ BUKIT BATOK EAST BLK 285C (KN),KN,Kindergarten,,TOH GUAN ROAD,1.0,92.0,,603285,65659218.0,Ang.Geok.Khiam@pcf.org.sg,
200100000793,ST0222,PCF SPARKLETOTS PRESCHOOL @ BUONA VISTA BLK 4 (DS),KN,Kindergarten,4.0,HOLLAND CLOSE,1.0,19.0,,271004,67766927.0,Bee.Hong.Ong2@pcf.org.sg,
200100000795,ST0256,PCF SPARKLETOTS PRESCHOOL @ CHANGI - SIMEI BLK 119 (KN),KN,Kindergarten,119.0,SIMEI STREET 1,1.0,506.0,,520119,67877690.0,Lim.Siew.Pheng@pcf.org.sg,
200100000796,ST0257,PCF SPARKLETOTS PRESCHOOL @ CHANGI - SIMEI BLK 131 (KN),KN,Kindergarten,131.0,SIMEI STREET 1,1.0,208.0,,520131,67825618.0,Margaret.OwBP@pcf.org.sg,
200100000799,ST0267,PCF SPARKLETOTS PRESCHOOL @ TAMPINES-CHANGKAT BLK 106 (DS),KN,Kindergarten,106.0,TAMPINES STREET 11,1.0,339.0,,521106,67885334.0,Yap.Chwee.Luan@pcf.org.sg,
200100000800,ST0261,PCF SPARKLETOTS PRESCHOOL @ TAMPINES - CHANGKAT BLK 284 (KN),KN,Kindergarten,284.0,TAMPINES STREET 22,1.0,149.0,,520284,67840156.0,Long.Yee.Fah@pcf.org.sg,
200100000801,ST0262,PCF SPARKLETOTS PRESCHOOL @ TAMPINES - CHANGKAT BLK 318 (KN),KN,Kindergarten,318.0,TAMPINES STREET 33,1.0,80.0,,520318,65873461.0,Noor.Fadillah.Hamzah@pcf.org.sg,
200100000803,ST0292,PCF SPARKLETOTS PRESCHOOL @ CHENG SAN - SELETAR BLK 533 (KN),KN,Kindergarten,533.0,ANG MO KIO AVENUE 5,1.0,4100.0,,560533,64589560.0,Doris.Angles.Thamarai@pcf.org.sg,
200100000804,ST0290,PCF SPARKLETOTS PRESCHOOL @ CHENG SAN - SELETAR BLK 435 (KN),KN,Kindergarten,435.0,ANG MO KIO AVENUE 10,1.0,1393.0,,560435,64521298.0,Forina.NgGH@pcf.org.sg,
200100000807,ST0348,PCF SPARKLETOTS PRESCHOOL @ CHONG PANG BLK 107 (KN),KN,Kindergarten,107.0,YISHUN RING ROAD,1.0,207.0,,760107,67597047.0,Melissa.TanWP@pcf.org.sg,
200100000808,ST0349,PCF SPARKLETOTS PRESCHOOL @ CHONG PANG BLK 122 (KN),KN,Kindergarten,122.0,YISHUN STREET 11,1.0,479.0,,760122,67550324.0,Juriyah.Sjamsoeddin@pcf.org.sg,
200100000811,ST0328,PCF SPARKLETOTS PRESCHOOL @ CHUA CHU KANG BLK 10 (KN),KN,Kindergarten,10.0,TECK WHYE AVENUE,1.0,59.0,,680010,67605783.0,Angela.TanWH@pcf.org.sg,
200100000815,ST0212,PCF SPARKLETOTS PRESCHOOL @ CLEMENTI BLK 330 (DS),KN,Kindergarten,330.0,CLEMENTI AVENUE 2,1.0,170.0,,120330,67768546.0,Chen.Qiu.Rong@pcf.org.sg,
200100000817,ST0249,PCF SPARKLETOTS PRESCHOOL @ EUNOS BLK 616 (KN),KN,Kindergarten,616.0,BEDOK RESERVOIR ROAD,1.0,1106.0,,470616,62420636.0,Amalina.Binte.Supri@pcf.org.sg,
200100000818,ST0248,PCF SPARKLETOTS PRESCHOOL @ EUNOS BLK 122 (KN),KN,Kindergarten,122.0,BEDOK RESERVOIR ROAD,1.0,1025.0,,470122,67438207.0,Noraini.Tukiman@pcf.org.sg,
2001000124,PT2030,AVERBEL CHILD DEVELOPMENT CENTRE PTE LTD,CC,Childcare Centre,742.0,YISHUN AVENUE 5,1.0,470.0,,760742,67561192.0,averbel@singnet.com.sg,
2001000127,PT2070,CHILTERN HOUSE,CC,Childcare Centre,510.0,THOMSON ROAD,4.0,,SLF BUILDING,298135,62995161.0,chthomson@chilternhouse.com.sg,
2001000130,PT2130,KIDS AND KINS CHILD CARE CENTRE,CC,Childcare Centre,2.0,SHANGRI-LA WALK,,,,568179,97541885.0,isabelleli@kidsandkins.sg,
2001000143,PT2310,MINI WORLD CHILD CARE & DEVELOPMENT CENTRE PTE LTD,CC,Childcare Centre,58.0,CHAI CHEE DRIVE,1.0,122.0,,460058,64433122.0,miniworld@newera-educare.com.sg,
2001000154,PT2480,LITTLE FAIRYLAND CHILD CARE & DEVELOPMENT CENTRE,CC,Childcare Centre,509.0,EAST COAST ROAD,,,,429063,96552783.0,tsaiyan@singnet.com.sg,
2001000164,PT2600,THE CHILDREN'S PLACE PTE LTD,CC,Childcare Centre,19.0,KAY SIANG ROAD,,,,248935,64723788.0,administrator@thechildrensplace.com.sg,
2001000170,PT2690,PAT'S SCHOOLHOUSE PTE LTD,CC,Childcare Centre,30.0,PRINSEP STREET,4.0,1.0,INCOME@PRINSEP,188647,63382776.0,mahboobunnishamohamedm@patschoolhouse.com,
2001000179,PT2810,SHAWS CDLC @ BRADDELL HEIGHTS PTE LTD,CC,Childcare Centre,24.0,LYNWOOD GROVE,,,,358666,63820314.0,braddell@shaws.com.sg,
2001000181,PT2850,KANOOKA SCHOOL HOUSE PTE LTD,CC,Childcare Centre,852.0,JURONG WEST STREET 81,1.0,317.0,,640852,67919122.0,kanooka@newera-educare.com.sg,
2001000184,PT3000,BRIGHT KIDS @ PASIR RIS PTE LTD,CC,Childcare Centre,764.0,PASIR RIS STREET 71,1.0,246.0,,510764,65831600.0,prprincipal@brightkids.sg,
2001000019,NT0270,MY FIRST SKOOL,CC,Childcare Centre,848.0,WOODLANDS STREET 82,1.0,195.0,,730848,66349989.0,info@myfirstskool.com,
2001000021,NT0290,MY FIRST SKOOL,CC,Childcare Centre,667.0,HOUGANG AVE 4,1.0,339.0,,530667,66349989.0,info@myfirstskool.com,
2001000024,NT0320,MY FIRST SKOOL,CC,Childcare Centre,1.0,HAIG ROAD,1.0,555.0,,430001,66349989.0,info@myfirstskool.com,
2001000025,NT0330,MY FIRST SKOOL,CC,Childcare Centre,950.0,HOUGANG ST 91,1.0,316.0,,530950,66349989.0,info@myfirstskool.com,
2003000021,PT6510,ELFA PRESCHOOL,CC,Childcare Centre,587.0,UPPER SERANGOON ROAD,,,,534564,68589620.0,elfats@crestar.com.sg,
2003000023,PT6540,BLOOM EDUCARE PTE LTD,CC,Childcare Centre,769.0,UPPER CHANGI ROAD EAST,,,,486880,65456010.0,contactus.kinderland@gmail.com,
2003000024,PT6560,LORNA WHISTON PRE-SCHOOL,CC,Childcare Centre,9.0,WINCHESTER ROAD,,,,117783,68718782.0,winchester@lornawhiston.com.sg,
2003000037,NT0450,MY FIRST SKOOL,CC,Childcare Centre,,ANCHORVALE ROAD,1.0,26.0,,543308,66349989.0,info@myfirstskool.com,
200300000014,NT0440,MY FIRST SKOOL,CC,Childcare Centre,230.0,COMPASSVALE WALK,1.0,416.0,,540230,66349989.0,info@myfirstskool.com,
2003000015,PT6330,THE SUNBIRD CHILD DEVELOPMENT CENTRE PTE LTD,CC,Childcare Centre,,SENGKANG EAST WAY,1.0,49.0,,541122,63123138.0,laychooo@hotmail.com,
2003000017,PT6370,ALPHABET PLAYHOUSE @ EAST COAST PTE LTD,CC,Childcare Centre,,UPPER EAST COAST ROAD,,,,466497,90031454.0,cici@global-eduhub.com,
200100000822,ST0243,PCF SPARKLETOTS PRESCHOOL @ KAMPONG CHAI CHEE BLK 135 (KN),KN,Kindergarten,135.0,BEDOK NORTH STREET 2,1.0,137.0,,460135,64422983.0,Ruth.LimPC@pcf.org.sg,
200100000823,ST0242,PCF SPARKLETOTS PRESCHOOL @ FENGSHAN BLK 126 (DS),KN,Kindergarten,126.0,BEDOK NORTH STREET 2,1.0,88.0,,460126,62430031.0,Wong.Woon.Chian@pcf.org.sg,
200100000829,ST0305,PCF SPARKLETOTS PRESCHOOL @ JURONG CENTRAL BLK 490 (KN),KN,Kindergarten,490.0,JURONG WEST AVENUE 1,1.0,1.0,,640490,65691448.0,Wong.Laii.Saan@pcf.org.sg,
200100000832,ST0319,PCF SPARKLETOTS PRESCHOOL @ HONG KAH NORTH BLK 338 (KN),KN,Kindergarten,338.0,BUKIT BATOK STREET 34,1.0,338.0,,650338,65696601.0,Goh.Suan.Neo@pcf.org.sg,
200100000834,ST0329,PCF SPARKLETOTS PRESCHOOL @ KEAT HONG BLK 295 (KN),KN,Kindergarten,295.0,CHOA CHU KANG AVENUE 2,1.0,169.0,,680295,67629925.0,Li.Chen.Toh@PCF.org.sg,
200100000836,ST0313,PCF SPARKLETOTS PRESCHOOL @ HONG KAH NORTH BLK 276D (KN),KN,Kindergarten,,JURONG WEST STREET 25,1.0,11.0,,644276,62679003.0,Kuah.Kim.Yen@pcf.org.sg,
200100000842,ST0270,PCF SPARKLETOTS PRESCHOOL @ HOUGANG BLK 328 (DS),KN,Kindergarten,328.0,HOUGANG AVENUE 5,1.0,196.0,,530328,62825856.0,Faatimah.Begam.Maideen.AB@pcf.org.sg,
200100000845,ST0229,PCF SPARKLETOTS PRESCHOOL @ WHAMPOA BLK 106 (KN),KN,Kindergarten,106.0,TOWNER ROAD,1.0,434.0,,322106,63963731.0,Suriani.Bte.Ahmad.Bakri@pcf.org.sg,
200100000847,ST0287,PCF SPARKLETOTS PRESCHOOL @ JALAN KAYU BLK 518 (DS),KN,Kindergarten,518.0,SERANGOON NORTH AVENUE 4,1.0,218.0,,550518,64830353.0,Tham.Souk.Fun@pcf.org.sg,
200100000851,ST0306,PCF SPARKLETOTS PRESCHOOL @ BOON LAY BLK 631 (KN),KN,Kindergarten,631.0,JURONG WEST STREET 65,1.0,260.0,,640631,67900411.0,Fazlin.Abu.Samad@pcf.org.sg,
200100000863,ST0220,PCF SPARKLETOTS PRESCHOOL @ KAMPONG GLAM BLK 462 (DS),KN,Kindergarten,462.0,CRAWFORD LANE,3.0,33.0,,190462,62984206.0,Fang.Jia.Toh@pcf.org.sg,
200100000866,ST0250,PCF SPARKLETOTS PRESCHOOL @ BEDOK RESERVOIR-PUNGGOL BLK 713 (DS),KN,Kindergarten,713.0,BEDOK RESERVOIR ROAD,1.0,3960.0,,470713,64428657.0,Kayathiri.DO.Anbalagan@pcf.org.sg,
200100000867,ST0238,PCF SPARKLETOTS PRESCHOOL @ KEMBANGAN CHAI CHEE BLK 116 (DS),KN,Kindergarten,116.0,LENGKONG TIGA,1.0,187.0,,410116,67419943.0,Mei.Ling.Lye@pcf.org.sg,
200100000868,ST0232,PCF SPARKLETOTS PRESCHOOL @ MACPHERSON BLK 31 (KN),KN,Kindergarten,31.0,BALAM ROAD,1.0,103.0,,370031,67467077.0,Low.Chui.Har@pcf.org.sg,
200100000852,ST0307,PCF SPARKLETOTS PRESCHOOL @ PIONEER BLK 642 (KN),KN,Kindergarten,642.0,JURONG WEST STREET 61,1.0,60.0,,640642,67908526.0,jane.chan@pcf.org.sg,
2001000068,PT0860,TWINKLE CHILD CARE AND DEVELOPMENT CENTRE,CC,Childcare Centre,59.0,YUK TONG AVENUE,,,,596360,64682881.0,ejewanski@gmx.de,
2001000080,PT1270,HIS LITTLE KINGDOM CHILD CARE & DEVELOPMENT CENTRE,CC,Childcare Centre,64.0,JALAN LENGKOK SEMBAWANG,,,,759245,67551077.0,admin@hislittlekingdom.com,
2001000197,PT5460,ETONHOUSE PRE-SCHOOL PTE LTD,CC,Childcare Centre,1.0,VANDA ROAD,,,,287771,64687880.0,weisum.wong@etonhouse.edu.sg,
2001000072,PT1090,KINDERCAMPUS (S) PTE LTD,CC,Childcare Centre,12.0,SOMMERVILLE WALK,,,,359756,63830585.0,sharonhowe_kcampus@gmx.com,
2001000120,PT1970,EARLY LEARNING CENTRE PTE LTD,CC,Childcare Centre,229.0,CHOA CHU KANG CENTRAL,1.0,139.0,,680229,67644583.0,earlylearning@pacific.net.sg,
2001000206,PT3250,SWEETLANDS CHILDCARE WOODLANDS 896B PTE. LTD.,CC,Childcare Centre,,WOODLANDS DRIVE 50,1.0,108.0,,731896,63666557.0,sweetlandschildcare@gmail.com,
2001000139,PT2240,SWEETLANDS CHILDCARE JE 316 PTE. LTD.,CC,Childcare Centre,316.0,JURONG EAST ST 32,1.0,289.0,,600316,65609582.0,sweetlandsje316@gmail.com,
2001000212,PT3310,THE PREPARATORY PLACE,CC,Childcare Centre,,FERNHILL ROAD,,,,259101,67376427.0,preppl95@singnet.com.sg,
2001000090,PT1450,BLOSSOM CREATIVE CENTRE LLP,CC,Childcare Centre,8.0,JALAN LIMAU PURUT,,,,468182,62418829.0,bcc@blossomedugroup.com.sg,
2001000011,NT0180,MY FIRST SKOOL,CC,Childcare Centre,,YISHUN RING ROAD,1.0,3382.0,,761796,66349989.0,info@myfirstskool.com,
2001000020,NT0280,MY FIRST SKOOL,CC,Childcare Centre,,TAMPINES STREET 45,1.0,115.0,,522487,66349989.0,info@myfirstskool.com,
200300000013,RC1798,NEWTON KINDERGARTEN,KN,Kindergarten,16.0,NEWTON ROAD,,,,307995,62515586.0,newtonkindergarten@gmail.com,
200300000012,RC1799,JURONG CHRISTIAN CHURCH KINDERGARTEN,KN,Kindergarten,2.0,TAH CHING ROAD,2.0,1.0,JURONG CHRISTIAN CHURCH,618744,62660539.0,yeebetsy@gmail.com,
200300000003,ST0344,PCF SPARKLETOTS PRESCHOOL @ ADMIRALTY BLK 687B (KN),KN,Kindergarten,,WOODLANDS DRIVE 75,1.0,47.0,,732687,63146162.0,Kathleen.OhBN@pcf.org.sg,
200300000008,ST0358,PCF SPARKLETOTS PRESCHOOL @ PUNGGOL NORTH BLK 105D (KN),KN,Kindergarten,,EDGEFIELD PLAINS,1.0,59.0,,824105,63154294.0,Bunny.Lo@pcf.org.sg,
200300000006,ST0359,PCF SPARKLETOTS PRESCHOOL @ PUNGGOL NORTH BLK 174D (KN),KN,Kindergarten,,EDGEDALE PLAINS,1.0,193.0,,824174,63866497.0,Noraini.Sapuan@pcf.org.sg,
200300000007,ST0279,PCF SPARKLETOTS PRESCHOOL @ PUNGGOL EAST BLK 143 (KN),KN,Kindergarten,143.0,RIVERVALE DRIVE,1.0,557.0,,540143,63889486.0,NatashaAngelique.Lee@pcf.org.sg,
200200000093,RC1858,ST. ANNE'S CHURCH KINDERGARTEN,KN,Kindergarten,66.0,SENGKANG EAST WAY,,,,548593,63862007.0,stanne.kindergarten@gmail.com,
200200000092,NT0430,MY FIRST SKOOL,CC,Childcare Centre,,WELLINGTON CIRCLE,1.0,146.0,,751507,66349989.0,info@myfirstskool.com,
200100000853,ST0301,PCF SPARKLETOTS PRESCHOOL @ TAMAN JURONG BLK 352 (DS),KN,Kindergarten,352.0,KANG CHING ROAD,1.0,71.0,,610352,62656991.0,Hedy.WangXJ@pcf.org.sg,
200100000773,ST0316,PCF SPARKLETOTS PRESCHOOL @ BUKIT BATOK EAST BLK 241 (KN),KN,Kindergarten,241.0,BUKIT BATOK EAST AVENUE 5,1.0,261.0,,650241,64254653.0,Sim.Meow.Khim@pcf.org.sg,
200100000774,ST0320,PCF SPARKLETOTS PRESCHOOL @ BUKIT GOMBAK BLK 535 (DS),KN,Kindergarten,535.0,BUKIT BATOK STREET 52,1.0,631.0,,650535,65618108.0,Zainabah.Abdul.Kadir@pcf.org.sg,
200100000776,ST0325,PCF SPARKLETOTS PRESCHOOL @ CASHEW BLK 545 (KN),KN,Kindergarten,545.0,BUKIT PANJANG RING ROAD,1.0,871.0,,670545,67646220.0,Kalaiarasi.DO.Marimuthu.I@pcf.org.sg,
200100000777,ST0323,PCF SPARKLETOTS PRESCHOOL @ BUKIT PANJANG BLK 422 (KN),KN,Kindergarten,422.0,FAJAR ROAD,1.0,511.0,,670422,68921269.0,Doris.GohBB@pcf.org.sg,
200100000779,ST0321,PCF SPARKLETOTS PRESCHOOL @ BUKIT PANJANG BLK 111 (KN),KN,Kindergarten,111.0,GANGSA ROAD,1.0,75.0,,670111,67644828.0,Neo.Guat.Keng@pcf.org.sg,
200100000770,ST0315,PCF SPARKLETOTS PRESCHOOL @ BUKIT BATOK BLK 180 (KN),KN,Kindergarten,180.0,BUKIT BATOK WEST AVENUE 8,1.0,181.0,,650180,65696717.0,Kheng.Hong.Ng@pcf.org.sg,
200100000771,ST0314,PCF SPARKLETOTS PRESCHOOL @ BUKIT BATOK BLK 148 (KN),KN,Kindergarten,148.0,BUKIT BATOK WEST AVENUE 6,1.0,319.0,,650148,65614656.0,Chee.Ching.Wong@pcf.org.sg,
200100000759,ST0227,PCF SPARKLETOTS PRESCHOOL @ WHAMPOA BLK 85 (DS),KN,Kindergarten,85.0,WHAMPOA DRIVE,1.0,248.0,,320085,62543823.0,Jessica.TanBG@pcf.org.sg,
200100000758,ST0228,PCF SPARKLETOTS PRESCHOOL @ WHAMPOA BLK 112 (KN),KN,Kindergarten,112.0,WHAMPOA ROAD,1.0,83.0,,321112,62535610.0,Varrey.Neeraja.Rao@pcf.org.sg,
200100000755,ST0338,PCF SPARKLETOTS PRESCHOOL @ ADMIRALTY BLK 581 (DS),KN,Kindergarten,581.0,WOODLANDS DRIVE 16,1.0,486.0,,730581,63146160.0,Azian.Mohd.Stom@pcf.org.sg,
200100000763,ST0213,PCF SPARKLETOTS PRESCHOOL @ WEST COAST BLK 728 (KN),KN,Kindergarten,728.0,CLEMENTI WEST STREET 2,1.0,390.0,,120728,67782677.0,Ruo.Yun.Rei.Ho@pcf.org.sg,
2001000015,NT0220,MY FIRST SKOOL,CC,Childcare Centre,518.0,JURONG WEST STREET 52,1.0,129.0,,640518,66349989.0,info@myfirstskool.com,
2001000012,NT0190,MY FIRST SKOOL,CC,Childcare Centre,248.0,KIM KEAT LINK,1.0,53.0,,310248,66349989.0,info@myfirstskool.com,
2001000023,NT0310,MY FIRST SKOOL,CC,Childcare Centre,637.0,PASIR RIS DRIVE 1,1.0,576.0,,510637,66349989.0,info@myfirstskool.com,
2001000029,NT0370,MY FIRST SKOOL,CC,Childcare Centre,101.0,RIVERVALE WALK,1.0,40.0,,540101,66349989.0,info@myfirstskool.com,
2001000017,NT0240,MY FIRST SKOOL,CC,Childcare Centre,140.0,SERANGOON NORTH AVE 2,1.0,34.0,,550140,66349989.0,info@myfirstskool.com,
2001000008,NT0110,MY FIRST SKOOL,CC,Childcare Centre,192.0,TOA PAYOH LORONG 4,2.0,672.0,,310192,66349989.0,info@myfirstskool.com,
2001000022,NT0300,MY FIRST SKOOL,CC,Childcare Centre,85.0,WHAMPOA DRIVE,1.0,268.0,,320085,66349989.0,info@myfirstskool.com,
2001000028,NT0360,MY FIRST SKOOL,CC,Childcare Centre,612.0,YISHUN STREET 61,1.0,193.0,,760612,66349989.0,info@myfirstskool.com,
2001000005,NT0070,MY FIRST SKOOL,CC,Childcare Centre,66.0,KALLANG BAHRU ROAD,5.0,473.0,,330066,66349989.0,info@myfirstskool.com,
2001000004,NT0060,MY FIRST SKOOL,CC,Childcare Centre,333.0,KANG CHING ROAD,1.0,270.0,,610333,66349989.0,info@myfirstskool.com,
2001000006,NT0090,MY FIRST SKOOL,CC,Childcare Centre,0.0,GUILLEMARD CRESCENT,,,,390000,66349989.0,info@myfirstskool.com,
2001000003,NT0030,MY FIRST SKOOL,CC,Childcare Centre,343.0,ANG MO KIO AVE 3,1.0,2182.0,,560343,66349989.0,info@myfirstskool.com,
2001000002,NT0020,MY FIRST SKOOL,CC,Childcare Centre,428.0,CLEMENTI AVE 3,1.0,450.0,,120428,66349989.0,info@myfirstskool.com,
200100000001,NT0010,MY FIRST SKOOL,CC,Childcare Centre,419.0,BEDOK NORTH ST 1,1.0,152.0,,460419,66349989.0,info@myfirstskool.com,
2002000090,PT9582,CATHOLIC KINDERGARTEN,KN,Kindergarten,15.0,FLOWER ROAD,,,,549404,62833821.0,contact@catholickdg.com.sg,
200200000082,RC1837,TRUE WAY PRESBYTERIAN KINDERGARTEN,KN,Kindergarten,,STIRLING ROAD,,,TRUE WAY PRESBYTERIAN CHURCH,148947,90188325.0,principal@twpk.edu.sg,
200200000080,RC1825,QUEENSTOWN GOOD SHEPHERD KINDERGARTEN,KN,Kindergarten,2.0,DUNDEE ROAD,,,CHURCH OF THE GOOD SHEPHERD,149454,64793382.0,kindergarten@cogsanglican.org,
200200000079,RC1886,ST. HILDA'S KINDERGARTEN,KN,Kindergarten,83.0,CEYLON ROAD,,,,429740,88007110.0,principal@shkindy.edu.sg,
2002000078,RC1887,TUNG LING KINDERGARTEN,KN,Kindergarten,145.0,MARINE PARADE ROAD,,,CHURCH OF SINGAPORE,449274,91858207.0,tunglingkdgn@tlcs.org.sg,
2002000074,PT6220,THE CHILDREN'S DISCOVERY CENTRE PTE LTD,CC,Childcare Centre,,RIVERVALE CRESCENT,1.0,199.0,,540184,63159157.0,tcdc@pacific.net.sg,
2002000072,PT6200,SWEETLANDS CHILDCARE WOODLANDS 608 PTE. LTD.,CC,Childcare Centre,608.0,WOODLANDS RING ROAD,1.0,237.0,,730608,62690553.0,sweetlandswoodlands608@gmail.com,
200100000766,ST0277,PCF SPARKLETOTS PRESCHOOL @ BRADDELL HEIGHTS BLK 417 (DS),KN,Kindergarten,417.0,SERANGOON CENTRAL,1.0,456.0,,550417,62845761.0,sok.han.anne.yeow@pcf.org.sg,
200100000765,ST0231,PCF SPARKLETOTS PRESCHOOL @ GEYLANG SERAI BLK 14 (KN),KN,Kindergarten,14.0,JOO SENG ROAD,1.0,103.0,,360014,62827433.0,Kalaivani.DO.Elangovan@pcf.org.sg,
200100000743,ST0331,PCF SPARKLETOTS PRESCHOOL @ YEW TEE BLK 608 (KN),KN,Kindergarten,608.0,CHOA CHU KANG STREET 62,1.0,103.0,,680608,67606233.0,Neo.Chiew.Wan@pcf.org.sg,
200100000739,ST0294,PCF SPARKLETOTS PRESCHOOL @ YIO CHU KANG BLK 644 (KN),KN,Kindergarten,644.0,ANG MO KIO AVE 4,1.0,850.0,,560644,64536497.0,Nithiya.Kalyani.Sivalingam@PCF.org.sg,
200100000733,ST0299,PCF SPARKLETOTS PRESCHOOL @ YUHUA BLK 317 (KN),KN,Kindergarten,317.0,JURONG EAST STREET 31,1.0,14.0,,600317,65654149.0,Tey.Poi.Hoon@pcf.org.sg,
200100000732,ST0298,PCF SPARKLETOTS PRESCHOOL @ YUHUA BLK 251 (KN),KN,Kindergarten,251.0,JURONG EAST STREET 24,1.0,110.0,,600251,65656401.0,Lian.Eng.Seah@pcf.org.sg,
200100000746,ST0332,PCF SPARKLETOTS PRESCHOOL @ YEW TEE BLK 682 (KN),KN,Kindergarten,682.0,CHOA CHU KANG CRESCENT,1.0,504.0,,680682,67621701.0,Lee.Ah.Hiang@pcf.org.sg,
200100000747,ST0330,PCF SPARKLETOTS PRESCHOOL @ KEAT HONG BLK 411 (KN),KN,Kindergarten,411.0,CHOA CHU KANG AVENUE 3,1.0,359.0,,680411,67692092.0,Jessica.LeeML@pcf.org.sg,
200100000750,ST0342,PCF SPARKLETOTS PRESCHOOL @ WOODLANDS BLK 875 (KN),KN,Kindergarten,875.0,WOODLANDS STREET 82,1.0,548.0,,730875,63631589.0,Nirmalah.Ariffin@pcf.org.sg,
200100000751,ST0339,PCF SPARKLETOTS PRESCHOOL @ WOODLANDS BLK 652 (KN),KN,Kindergarten,652.0,WOODLANDS RING ROAD,1.0,386.0,,730652,63668398.0,Bahiyah.Duana@pcf.org.sg,
200100000752,ST0337,PCF SPARKLETOTS PRESCHOOL @ ADMIRALTY BLK 501 (KN),KN,Kindergarten,501.0,WOODLANDS DRIVE 14,1.0,52.0,,730501,63146161.0,Wan.Zhen.Vivian.Lwa@pcf.org.sg,
200100000754,ST0343,PCF SPARKLETOTS PRESCHOOL @ WOODGROVE BLK 899B (KN),KN,Kindergarten,,WOODLANDS DRIVE 50,1.0,276.0,,731899,63651958.0,Pei.Ying.Lim@pcf.org.sg,
200100000728,ST0226,PCF SPARKLETOTS PRESCHOOL @ TOA PAYOH WEST - BALESTIER BLK 205 (DS),KN,Kindergarten,205.0,TOA PAYOH NORTH,1.0,1175.0,,310205,62526930.0,AgnesHY.Tan@pcf.org.sg,
200100000729,ST0303,PCF SPARKLETOTS PRESCHOOL @ BOON LAY BLK 262 (KN),KN,Kindergarten,262.0,BOON LAY DRIVE,1.0,573.0,,640262,67932565.0,Lalithambal.Tanggaraju@pcf.org.sg,
2002000069,PT6170,LEARNING VISION @ WORK PTE LTD,CC,Childcare Centre,475.0,CHOA CHU KANG AVE 3,2.0,14.0,,680475,67652618.0,shirleyong@learningvision.com,
200200000066,RC1873,DAMIEN CENTRE KINDERGARTEN,KN,Kindergarten,1.0,COMMONWEALTH DRIVE,,,CHURCH OF THE BLESSED SACRAMENT,149603,93468347.0,hildamartin23@hotmail.com,
200200000065,PT9593,LIVING SANCTUARY KINDERGARTEN,KN,Kindergarten,2.0,HOUGANG STREET 22,,,,538728,96941936.0,elsietan@lsbc.org.sg,
2002000064,PT9667,CLEMENTI WOODS KINDERGARTEN LLP,KN,Kindergarten,152.0,WEST COAST ROAD,,,CLEMENTI BIBLE CENTRE,127370,67750656.0,ruthchua@cwk.edu.sg,
2002000058,NT0420,MY FIRST SKOOL,CC,Childcare Centre,50.0,HAVELOCK ROAD,2.0,755.0,,160050,66349989.0,info@myfirstskool.com,
2002000055,PT6080,AGAPE CHILD CARE(JW) PTE. LTD.,CC,Childcare Centre,,JURONG WEST AVENUE 3,1.0,99.0,,644274,68618865.0,jw274d@agapelittleuni.com,
2002000057,PT6100,LEARNING KIDZ EDUCARE PTE. LTD.,CC,Childcare Centre,10.0,ANG MO KIO ST 65,1.0,4.0,TECHPOINT,569059,64841849.0,enquiry_tp@learningkidz.com.sg,
200200000053,RC1806,CGM KINDERGARTEN,KN,Kindergarten,172.0,CHOA CHU KANG AVENUE 1,,,COMFORT GARDEN,689457,97701072.0,karenlau19@gmail.com,
2002000043,PT5990,LEARNING SEEDS CHILD DEVELOPMENT CENTRE PTE.LTD.,CC,Childcare Centre,3.0,BUKIT CHERMIN ROAD,,,,109923,62739733.0,learning_seeds_psa@yahoo.com,
2002000051,RC1860,HOLY GRACE KINDERGARTEN,KN,Kindergarten,,UPPER EAST COAST ROAD,2.0,,HOLY GRACE PRESBYTERIAN CHURCH,466484,64483346.0,principal_hgk@holygrace.sg,
2002000046,PT6020,JUNIOR PLAYWORLD CHILD CARE & DEVELOPMENT CENTRE,CC,Childcare Centre,,JALAN LYE KWEE,,,,537822,62817865.0,jpccdc@singnet.com.sg,
200100000730,ST0302,PCF SPARKLETOTS PRESCHOOL @ BOON LAY BLK 207 (DS),KN,Kindergarten,207.0,BOON LAY PLACE,1.0,215.0,,640207,62616085.0,Juliyah.Mohd.Tahir@pcf.org.sg,
200100000731,KG1353,PCF SPARKLETOTS PRESCHOOL @ JURONG SPRING BLK 528 (DS),KN,Kindergarten,528.0,JURONG WEST ST 52,1.0,359.0,,640528,65649837.0,Zaleha.Mohd@pcf.org.sg,
200100000725,ST0296,PCF SPARKLETOTS PRESCHOOL @ BISHAN NORTH BLK 231 (DS),KN,Kindergarten,231.0,BISHAN STREET 23,1.0,21.0,,570231,64549608.0,Mei.Mui.Tan@pcf.org.sg,
200100000714,ST0289,PCF SPARKLETOTS PRESCHOOL @ TECK GHEE BLK 301 (DS),KN,Kindergarten,301.0,ANG MO KIO STREET 31,1.0,1814.0,,560301,64564995.0,Rafeahdah.Mohamed.Hussain@pcf.org.sg,
200100000721,ST0247,PCF SPARKLETOTS PRESCHOOL @ BEDOK BLK 30 (DS),KN,Kindergarten,30.0,NEW UPPER CHANGI ROAD,1.0,812.0,,461030,64423628.0,Saratah.DO.Ramasamy@pcf.org.sg,
200100000724,ST0295,PCF SPARKLETOTS PRESCHOOL @ BISHAN EAST - THOMSON BLK 197 (KN),KN,Kindergarten,197.0,BISHAN STREET 13,1.0,567.0,,570197,62590542.0,Tan.Gek.Tian@pcf.org.sg,
200100000717,ST0297,PCF SPARKLETOTS PRESCHOOL @ AYER RAJAH BLK 48 (DS),KN,Kindergarten,48.0,TEBAN GARDENS ROAD,1.0,248.0,,600048,65698256.0,Ho.Lai.Mei@pcf.org.sg,
2001000570,SE201585,DELTA SENIOR SCHOOL,SE,Special Education,3.0,CHOA CHU KANG GROVE,,,,688237,62763818.0,,
2001000584,SE201584,RAINBOW CENTRE - MARGARET DRIVE SCHOOL,SE,Special Education,501.0,MARGARET DRIVE,,,,149306,64727077.0,rcmdss@pacific.net.sg,
2001000572,SE201583,RAINBOW CENTRE - YISHUN PARK SCHOOL,SE,Special Education,15.0,YISHUN ST 61,,,,768548,62956591.0,willard@rainbowcentre.org.sg,
2001000573,SE201582,CANOSSIAN SCHOOL,SE,Special Education,1.0,SALLIM ROAD,,,,387621,67498971.0,oeileng@cshi.com,
2001000571,SE201581,AWWA SPECIAL SCHOOL,SE,Special Education,11.0,LORONG NAPIRI,,,,547532,65115280.0,awwass@singnet.com.sg,
2001000575,SE201580,GENESIS SCHOOL FOR SPECIAL EDUCATION,SE,Special Education,,WEST COAST ROAD,,,,127296,67331172.0,barron1-99@yahoo.com,
2001000587,SE201586,CEREBRAL PALSY ALLIANCE SINGAPORE SCHOOL (CPASS),SE,Special Education,65.0,PASIR RIS DRIVE 1,,,CEREBRAL PALSY CENTRE,519529,62564479.0,spastic@pacific.net.sg,
2001000586,SE201587,SINGAPORE SCHOOL FOR THE VISUALLY HANDICAPPED,SE,Special Education,51.0,TOA PAYOH RISE,,,,298106,62503755.0,ssvh@ssvh.edu.sg,
2001000585,SE201588,SINGAPORE SCHOOL FOR THE DEAF,SE,Special Education,227.0,MOUNTBATTEN ROAD,,,,397998,63450343.0,admin@ssd.edu.sg,
2001000583,SE201589,MINDS - FERNVALE GARDENS SCHOOL,SE,Special Education,7.0,FERNVALE ROAD,,,,797635,64816792.0,fgs@minds.org.sg,
201500000384,PT9185,CHARIS MONTESSORI PRESCHOOL,CC,Childcare Centre,,JALAN MASJID,1.0,4.0,KINGSTON TERRACE,418929,67498928.0,ENQUIRY@CHARIS.SG,
201500000385,EB0004,E-BRIDGE PRE-SCHOOL PTE. LTD.,CC,Childcare Centre,504.0,YISHUN STREET 51,1.0,5.0,MULTI STOREY CAR PARK,760504,65559276.0,YISHUN@E-BRIDGE.EDU.SG,
201500000386,PT9170,GLOBAL TOTS @ BRADDELL PTE. LTD.,CC,Childcare Centre,6.0,MUSWELL HILL,,,,358421,62862533.0,BRADDELL@GLOBALTOTS.COM.SG,
201500000388,PT9169,ICHIBAN MONTESSORI KIDDIE KOLLEGE PTE. LTD.,CC,Childcare Centre,631.0,SENJA ROAD,1.0,228.0,,670631,67622005.0,ICB_631@YAHOO.COM,
201500000389,PT9187,LITTLE EXPLORERS COVE,CC,Childcare Centre,482.0,JURONG WEST STREET 41,1.0,256.0,,640482,66103875.0,VIKNESH@EXPLORERS.COM.SG,
201500000391,PT9182,LITTLE PADDINGTON PRESCHOOL SERANGOON PTE. LTD.,CC,Childcare Centre,4.0,JALAN TANI,,,,548542,62803007.0,PRERNA@LITTLEPADDINGTON.COM,
201500000392,PT9176,MAPLE BEAR EDUCARE PTE. LTD.,CC,Childcare Centre,442.0,ORCHARD ROAD,2.0,5.0,CLAYMORE CONNECT,238879,67342369.0,ORCHARD@MAPLEBEAR.SG,
201500000393,PT9172,OUR CHILDREN'S HOUSE PTE LTD,CC,Childcare Centre,106.0,PAYA LEBAR CRESCENT,,,,536186,66357668.0,enquiriesoch@gmail.com,
201500000394,PT9165,OUR FIRST STEPS PRESCHOOL PTE. LTD.,CC,Childcare Centre,6.0,YISHUN INDUSTRIAL STREET 1,1.0,7.0,NORTH VIEW BIZHUB,768090,69668718.0,admin@ourfirststeps.com.sg,
201500000395,PT9166,BLOSSOM GLITTERING CAMPUS PTE. LTD.,CC,Childcare Centre,4.0,CRESCENT ROAD,,,,439289,63463218.0,bgc@blossomedugroup.com.sg,
201500000398,PT9179,SAFARI HOUSE BABIES & TODDLERS,CC,Childcare Centre,11.0,SLIM BARRACKS RISE,6.0,2.0,NTU ALUMNI HOUSE,138664,96975903.0,ntua@safarihouse.com,
201500000399,PT9180,SAFARI HOUSE PRESCHOOL BT TIMAH,CC,Childcare Centre,170.0,UPPER BUKIT TIMAH ROAD,,19.0,BUKIT TIMAH SHOPPING CENTRE,588179,64620238.0,BTSC@SAFARIHOUSE.COM,
201500000400,PT9181,SAFARI HOUSE PRESCHOOL TAMPINES,CC,Childcare Centre,53.0,CHANGI SOUTH AVENUE 1,1.0,6.0,SINGAPORE UNIVERSITY OF TECHNOLO,485996,63850388.0,SUTD@ZOO-PHONICS.COM.SG,
201500000401,SK0005,SKOOL4KIDZ CENTRE,CC,Childcare Centre,,SENJA ROAD,1.0,335.0,,673636,64656115.0,sjpv@skool4kidz.com.sg,
201500000403,PT9192,SUNFLOWER PRESCHOOL @ NSE PTE. LTD.,CC,Childcare Centre,1.0,YISHUN AVENUE 9,2.0,4.0,NEE SOON EAST COMMUNITY CLUB,768893,62575120.0,nse-sophie@sunflowerkid.com,
201500000405,PT9171,THINKERSTAR PRESCHOOL PTE. LTD.,CC,Childcare Centre,701.0,WOODLANDS DRIVE 40,1.0,102.0,,730701,63656535.0,preschool@thinkerstar.com.sg,
2002000038,WP0630,KINDERLAND PRESCHOOL,CC,Childcare Centre,7.0,MAXWELL ROAD,6.0,2.0,ANNEXE B MND COMPLEX,69111,63231138.0,kesmnd@kinderland.com.sg,
200200000033,PT5930,MODERN MONTESSORI PRESCHOOL CENTRE,CC,Childcare Centre,750.0,WOODLANDS AVENUE 4,1.0,317.0,,730750,63690700.0,woodlands@modern-montessori.com,
2002000037,PT5950,ACEKIDZ @ COMMUNITY,CC,Childcare Centre,2.0,CLEMENTI WEST ST 2,3.0,6.0,WEST COAST COMMUNITY CENTRE,129605,67733855.0,westcoast@acekidz.sg,
200200000031,RC1838,NEW LIFE KINDERGARTEN,KN,Kindergarten,10.0,MARSILING LANE,,,NEW LIFE BIBLE PRESBYTERIAN CHUR,739147,63689567.0,nlkindergarten@gmail.com,
200200000030,RC1835,SOKA KINDERGARTEN,KN,Kindergarten,7.0,TAMPINES STREET 92,,,,528888,96913536.0,chinhee@ssabuddhist.org,
200200000021,PT5890,MARIS KIDZ SCHOOLHOUSE,CC,Childcare Centre,165.0,SIMEI ROAD,1.0,362.0,,520165,67869670.0,simei@mariskidz.com,
200700000063,9405453,FRONTIER MEDICAL ASSOCIATES,HC,Healthcare Institution,654.0,YISHUN AVE 4,1.0,437.0,,760654,67587536.0,shuhuey@gmail.com,
200700000064,9403441,HAMID FAMILY CLINIC & SURGERY,HC,Healthcare Institution,156.0,PASIR RIS ST 13,1.0,35.0,,510156,65848804.0,hamid@qala.com.sg,
200700000060,9405734,GPA DENTALCARE @ GOLDHILL,HC,Healthcare Institution,101.0,THOMSON ROAD,1.0,,UNITED SQUARE,307591,62519633.0,eva@gpadental.com,
200700000062,9401665,THE BISHAN FAMILY DOCTORS,HC,Healthcare Institution,283.0,BISHAN ST 22,1.0,181.0,,570283,64546698.0,the bishanFD@singnet.com.sg,
2007000058,PT8456,MERLIONKIDS @ KOVAN PTE. LTD.,CC,Childcare Centre,38.0,POH HUAT CRESCENT,,,POH HUAT GARDEN,546871,62881838.0,kovan@merlionkids.com,
2007000055,PT8453,KIDZPRO LLP,CC,Childcare Centre,939.0,TAMPINES AVENUE 5,1.0,167.0,,520939,67842880.0,tampines@modern-montessori.com,
2007000059,PT9601,MONTE KIDZ WORLD,KN,Kindergarten,625.0,ELIAS ROAD,2.0,330.0,ELIAS MALL,510625,96955988.0,principal@montekidz.com.sg,
2007000042,PT8435,LEARNING VISION @ WORK PTE. LTD.,CC,Childcare Centre,190.0,ANG MO KIO AVENUE 8,3.0,2.0,,568046,64599653.0,JulianaTumanken@learningvision.com,
2007000043,PT8437,LITTLE PALM PRE-SCHOOL PTE LTD,CC,Childcare Centre,20.0,EAST COAST AVENUE,,,,459210,64437833.0,info@littlepalm.sg,
2007000051,RC1715,HEALTHY START CHILD DEVELOPMENT CENTRE,CC,Childcare Centre,120.0,BUKIT MERAH VIEW,1.0,4.0,,152120,62702443.0,angeline@beyond.org.sg,
2007000047,PT8447,ST. GERARD'S SCHOOL LLP,CC,Childcare Centre,231.0,MOUNTBATTEN ROAD,1.0,1.0,,397999,63339226.0,vasugi@stgerards.com.sg,
2007000045,PT8443,CARPE DIEM KINDERCARE PTE. LTD.,CC,Childcare Centre,108.0,BEDOK RESERVOIR ROAD,1.0,300.0,,470108,67415743.0,BR@CARPEDIEM.COM.SG,
2004000122,PT7710,BABYPLANET MONTESSORI PTE. LTD.,CC,Childcare Centre,,KEW DRIVE,,,,467961,64418708.0,huilikang@gmail.com,
2004000123,PT7720,SUNFLOWER PRESCHOOL @ DAKOTA PTE LTD,CC,Childcare Centre,49.0,JALAN TIGA,1.0,50.0,,390049,63444878.0,dk-sitizulaiha@sunflowerkid.com,
200400000120,RC1817,AL-ANSAR MOSQUE KINDERGARTEN,KN,Kindergarten,155.0,BEDOK NORTH AVENUE 1,2.0,1.0,MASJID AL-ANSAR,469751,64497280.0,hanah@alansar.mosque.sg,
200400000119,RC1840,PAYA LEBAR METHODIST CHURCH COVENANT KINDERGARTEN,KN,Kindergarten,5.0,BOUNDARY ROAD,,,,549954,91916905.0,adeline@plmc.org,
2004000118,RC1805,AR-RAUDHAH MOSQUE KINDERGARTEN,KN,Kindergarten,30.0,BUKIT BATOK EAST AVENUE 2,,,MASJID AR-RAUDHAH,659919,68995840.0,azlina@arraudhah.mosque.org.sg,
2004000113,PT7650,GREENERY CHILDCARE CENTRE,CC,Childcare Centre,483.0,CHOA CHU KANG AVENUE 5,1.0,164.0,,680483,67650800.0,greenerycck@gmail.com,
2004000116,PT7690,SMILING STAR SINGAPORE PTE. LTD,CC,Childcare Centre,8.0,PENDING ROAD,3.0,3.0,BUKIT PANJANG COMMUNITY CLUB,678295,68939318.0,jimmy.new@smilingstar.com.sg,
200900000083,PT8587,PICKET FENCE @ TAMPINES PTE. LTD.,CC,Childcare Centre,817.0,TAMPINES STREET 81,1.0,588.0,,520817,67843324.0,susie@picketfenceeducation.com,
200900000080,NC0001,MY FIRST SKOOL,CC,Childcare Centre,63.0,JURONG WEST CENTRAL 3,3.0,200.0,JURONG POINT SHOPPING CENTRE,648331,66349989.0,info@myfirstskool.com,
200900000079,9400092,BABY & CHILD MEDICAL GROUP PTE LTD,HC,Healthcare Institution,828.0,TAMPINES ST 81,1.0,238.0,,520828,67831955.0,lokehl2003@yahoo.com,
200900000078,9401013,LOW MEDICAL CLINIC,HC,Healthcare Institution,67.0,KALLANG BAHRU,1.0,447.0,,330067,62950805.0,lowmedical@pacific.net.sg,
200900000077,9402635,USRAH MEDICAL CLINIC,HC,Healthcare Institution,510.0,BEDOK NORTH ST 3,1.0,25.0,,460510,64414139.0,usrah@singnet.com.sg,
200900000076,9400564,GARDEN CLINIC,HC,Healthcare Institution,304.0,SERANGOON AVE 2,1.0,4.0,,550304,63821878.0,gardenclinic@gmail.com,
200900000075,12C0198,BISHAN GRACE CLINIC,HC,Healthcare Institution,150.0,BISHAN STREET 11,1.0,151.0,,570150,62542232.0,gkwan@pacific.net.sg,
200900000074,PT9571,SWALLOWS AND AMAZONS KINDERGARTEN,KN,Kindergarten,200.0,TURF CLUB ROAD,1.0,11.0,THE GRANDSTAND,287994,67628158.0,jackie@swallowsandamazons.com.sg,
200900000073,PT8584,ZEE SCHOOLHOUSE PTE LTD,CC,Childcare Centre,23.0,WAREHAM ROAD,,,,436788,64400090.0,enquiry@zee.com.sg,
200900000069,9405566,STEVEN'S BABY & CHILD CLINIC,HC,Healthcare Institution,820.0,THOMSON ROAD,6.0,54.0,MOUNT ALVERNIA MEDICAL CENTRE D,574623,64799515.0,,
200900000066,9404715,ZAM FAMILY CLINIC,HC,Healthcare Institution,516.0,CHOA CHU KANG STREET 51,1.0,66.0,,680516,67690302.0,,
200700000441,9401991,LIM COUNTRY CLINIC,HC,Healthcare Institution,208.0,HOUGANG ST 21,1.0,207.0,,530208,62868047.0,ANGELALIMKP@GMAIL.COM,
200700000440,9404281,DENTALWORKS,HC,Healthcare Institution,10.0,SINARAN DRIVE,10.0,22.0,NOVENA MEDICAL CENTER,307506,67345155.0,DENTALWORKS@PACIFIC.NET.SG,
200700000439,PT9717,AL-AMIN EDUCATION PTE LTD,KN,Kindergarten,9.0,TAMPINES STREET 32,2.0,,,529286,96712470.0,info@alamin.edu.sg,
200700000437,9403289,AGLOW BABY & CHILD SPECIALIST CLINIC,HC,Healthcare Institution,101.0,THOMSON ROAD,2.0,9.0,UNITED SQUARE,307591,62599554.0,,
200700000436,9403153,LIFECARE FAMILY CLINIC,HC,Healthcare Institution,,JELAPANG ROAD,2.0,15.0,GREENRIDGE SHOPPING CENTRE,671524,67698588.0,ivanchoo@pacific.net.sg,
200700000433,9402426,YIM MEDICAL CENTRE (ADMIRALTY MRT),HC,Healthcare Institution,678.0,WOODLANDS AVE 6,1.0,722.0,,730678,68939181.0,jeanyim@yahoo.com,
200700000434,9402188,LEE & TAN FAMILY CLINIC AND SURGERY,HC,Healthcare Institution,72.0,CIRCUIT RD,1.0,3.0,,370072,67456877.0,dryvlee@singnet.com.sg,
200700000432,EP07036,EXCELERATE INTEGRATED LEARNING CENTRE & PRESCHOOL,EI,Early Intervention Programmes,19.0,TANGLIN ROAD,5.0,,TANGLIN SHOPPING CENTRE,247909,62350037.0,spathctr@singnet.com.sg,
2007000427,9403652,THE DENTAL PEOPLE,HC,Healthcare Institution,139.0,TAMPINES STREET 11,1.0,12.0,,521139,67814321.0,mondaysun@hotmail.com,
200700000429,9402525,UNITED HEALTH FAMILY CLINIC & SURGERY,HC,Healthcare Institution,627.0,YISHUN STREET 61,1.0,63.0,,760627,62571182.0,royteow@gmail.com,
200700000428,9403695,DAWSON PLACE CLINIC,HC,Healthcare Institution,57.0,DAWSON ROAD,2.0,3.0,DAWSON PLACE,142057,64750889.0,dawsonpc@singnet.com.sg,
200700000430,9404168,ANSARI FAMILY CLINIC & SURGERY,HC,Healthcare Institution,78.0,LORONG  25A GEYLANG ROAD,,,,388259,67430714.0,,
2007000424,PT8471,PLANET MONTESSORI PTE. LTD.,CC,Childcare Centre,22.0,KEW DRIVE,,,,467960,64418708.0,huilikang@gmail.com,
200700000037,CPE128575,INTERNATIONAL COMMUNITY SCHOOL (S) LTD,KP,CPE Kindergarten,,JUBILEE ROAD,,,,128575,67767435.0,pcowles@ics.edu.sg,
200700000034,9401161,NEO MEDICAL CENTRE,HC,Healthcare Institution,120.0,POTONG PASIR AVE 1,1.0,818.0,,350120,62854210.0,neo_tiam_soon@yahoo.co.uk,
200700000030,9400264,CHOONG'S CLINIC,HC,Healthcare Institution,480.0,TAMPINES ST 44,1.0,261.0,,520480,67885190.0,choongsclinic@hotmail.com,
200700000033,9400346,DOCTORS CLINIC & SURGERY,HC,Healthcare Institution,305.0,WOODLANDS STREET 31,1.0,91.0,,730305,62691017.0,marklow @singapore.com,
200700000026,9401586,T S WONG CLINIC & SURGERY,HC,Healthcare Institution,166.0,WOODLANDS ST 13,2.0,523.0,,730166,63688670.0,tswong@singnet.com.sg,
200700000025,9401181,NG BABY & CHILD CLINIC,HC,Healthcare Institution,557.0,BT TIMAH ROAD,2.0,,CROWN CENTRE,269694,64676092.0,cfng_nbcc@yahoo.com.sg,
200700000028,9405037,NATIONAL DENTAL CENTRE SINGAPORE,HC,Healthcare Institution,5.0,SECOND HOSPITAL AVENUE,,,,168938,63248802.0,,
200700000023,9400265,CHOONG'S CLINIC,HC,Healthcare Institution,21.0,OLD AIRPORT RD,1.0,97.0,,390021,63442400.0,choongsclinic@hotmail.com,
200700000029,9400462,EASTERN MEDICAL CENTRE,HC,Healthcare Institution,631.0,BEDOK RESERVOIR RD,1.0,896.0,,470631,64487628.0,easternemc@gmail.com,
2004000107,PT7600,RED SCHOOLHOUSE PTE LTD,CC,Childcare Centre,34.0,SIN MING LANE,,,MIDVIEW CITY,573955,63533200.0,admin@redschhs.com,
200400000104,RC1809,AL-ISTIGHFAR MOSQUE KINDERGARTEN,KN,Kindergarten,2.0,PASIR RIS WALK,3.0,1.0,MASJID AL-ISTIGHFAR,518239,64267149.0,nuramalina@alistighfar.mosque.org.sg,
200400000102,PT9650,ICHIBAN NURTURELAND PTE LTD,KN,Kindergarten,31.0,HONG SAN WALK,,,COMFORT GARDEN,689022,97656975.0,fadhilah_mazlan@yahoo.com.sg,
2004000094,PT7540,BRIGHT KIDS SCHOOL HOUSE PTE LTD,CC,Childcare Centre,192.0,PUNGGOL CENTRAL,1.0,311.0,,820192,68756332.0,192principal@brightkids.sg,
2004000100,RC1821,DARUL GHUFRAN MOSQUE KINDERGARTEN,KN,Kindergarten,503.0,TAMPINES AVENUE 5,2.0,,MASJID DARUL GHUFRAN,529651,67865545.0,tahirah@ghufran.mosque.org.sg,
2004000091,RC1865,JAMIYAH KINDERGARTEN,KN,Kindergarten,31.0,LORONG 12 GEYLANG,3.0,,JAMIYAH,399006,82926148.0,jk@jamiyah.org.sg,
200400000087,PT9647,EARLY YEARS MONTESSORI,KN,Kindergarten,16.0,SUNSET DRIVE,,,CLEMENTI PARK,597475,64691572.0,fee@earlyyears.edu.sg,
200900000058,9404224,JOYHEALTH MEDICAL CLINIC & SURGERY,HC,Healthcare Institution,825.0,TAMPINES STREET 81,1.0,50.0,,520825,67811868.0,joyhealthclinic@yahoo.com.sg,
200900000057,9400885,L & H POLYCLINIC AND SURGERY,HC,Healthcare Institution,59.0,LENGKOK BAHRU,1.0,543.0,,150059,64744544.0,drelsietong@gmail.com,
200900000053,9405009,CENTRAL 24-HR CLINIC (BEDOK),HC,Healthcare Institution,219.0,BEDOK CENTRAL,1.0,124.0,MULTI STOREY CAR PARK,460219,62476122.0,,
200900000052,EP08046,FOCUS ON INDIVIDUAL LEARNING PTE LTD,EI,Early Intervention Programmes,,RIVER VALLEY ROAD,,,,248306,67383240.0,,
200900000046,PT9642,LITTLESPARKS MONTESSORI AND ENRICHMENT CENTRE PTE LTD,KN,Kindergarten,20.0,SIGLAP DRIVE,1.0,6.0,BOWMONT CENTRE,456192,98511651.0,gloriatan61@gmail.com,
200900000044,9405036,HEALTHSPRINGS MEDICAL CLINIC,HC,Healthcare Institution,,JELAPANG ROAD,2.0,2.0,,671524,68926681.0,ACCOUNT@HEALTHSPRINGS.COM.SG,
200900000042,9405142,RAFFLESCHILDREN'SCENTRE,HC,Healthcare Institution,10.0,TAMPINES CENTRAL 1,4.0,33.0,TAMPINES ONE,529536,67882288.0,,
200900000041,9405042,KIDS CLINIC @ BISHAN,HC,Healthcare Institution,116.0,BISHAN STREET 12,1.0,28.0,BISHAN VIEW,570116,63568909.0,ohmengchoo@gmail.com,
200900000040,11C0068,EYE SPECIALIST CLINIC PTE LTD,HC,Healthcare Institution,290.0,ORCHARD ROAD,6.0,,PARAGON,238859,68873797.0,khoo_boo_kian@yahoo.com,
200900000036,PT8575,DNC (EDUCATION) PTE. LTD.,CC,Childcare Centre,11.0,TANJONG KATONG ROAD,3.0,19.0,ONE KM,437157,64400859.0,whatsup@mrskoh.com,
200700000415,9403078,SP CLINIC,HC,Healthcare Institution,117.0,PENDING RD,1.0,224.0,,670117,67660286.0,csiewp@singnet.com.sg,
200700000412,9404347,CHIN LEONG CLINIC,HC,Healthcare Institution,517.0,WEST COAST ROAD,1.0,555.0,,120517,67789493.0,,
200700000401,9401353,RAFFLESMEDICAL,HC,Healthcare Institution,55.0,SIGLAP ROAD,2.0,,SIGLAP CENTRE,455871,64420488.0,,
200700000405,9402478,RAFFLESMEDICAL,HC,Healthcare Institution,177.0,TOA PAYOH CENTRAL,1.0,170.0,,310177,62547667.0,,
200700000407,9405545,RAFFLESMEDICAL,HC,Healthcare Institution,60.0,AIRPORT BOULEVARD,,25.0,CHANGI AIRPORT TERMINAL 2,819643,65431118.0,,
200700000408,9401355,RAFFLESMEDICAL,HC,Healthcare Institution,,SINGAPORE CHANGI INTERNEATIONAL,2.0,10.0,PASSENGER TERMINAL BUILDING 1,819642,62418818.0,,
200700000409,9401356,RAFFLESMEDICAL,HC,Healthcare Institution,60.0,AIRPORT BOULEVARD,26.0,53.0,PASSENGER TERMINAL BUILDING 2,819643,65463815.0,,
200700000377,9402365,OUR FAMILY CLINIC + SURGERY,HC,Healthcare Institution,221.0,PASIR RIS ST 21,1.0,116.0,,510221,65851859.0,ycthun@yahoo.com,
200700000386,9404478,RAFFLESMEDICAL,HC,Healthcare Institution,168.0,ROBINSON ROAD,2.0,2.0,CAPITAL TOWER,68912,63235212.0,,
200700000387,9403881,RAFFLESMEDICAL,HC,Healthcare Institution,1.0,WOODLANDS SQUARE,5.0,20.0,CAUSEWAY POINT,738099,68940777.0,,
200700000027,9401318,PHOON CLINIC AND SURGERY,HC,Healthcare Institution,632.0,BEDOK RESERVOIR RD,1.0,828.0,,470632,64452119.0,cfphoon80@hotmail.com,
200700000016,PT8441,SEEDS LEARNING PLACE @ TIDES PTE LTD,CC,Childcare Centre,217.0,EAST COAST ROAD,3.0,1.0,TIDES,428915,94375157.0,jenica@seedslearninggroup.com,
200700000015,PT8438,JUST KIDS @ JURONG PTE. LTD.,CC,Childcare Centre,255.0,JURONG EAST STREET 24,1.0,315.0,,600255,91710808.0,JURONG@JUSTKIDS.COM.SG,
200700000014,PT9700,GRACE HOUSE KINDERGARTEN,KN,Kindergarten,,"1, BT BATOK WEST AVE 4,",4.0,1.0,GRACE ASSEMBLY OF GOD,659125,98311725.0,dorothysek@gracehouse.com.sg,
200700000012,PT8439,CHAMPZ SCHOOL HOUSE PTE. LTD.,CC,Childcare Centre,865.0,MOUNTBATTEN ROAD,5.0,44.0,ANNEX BLOCK KATONG SHOPPING CENT,437844,81822739.0,mei_yim@hotmail.com,
2007000010,RC1811,MUJAHIDIN MOSQUE KINDERGARTEN,KN,Kindergarten,590.0,STIRLING ROAD,,,MASJID MUJAHIDIN,148952,64737400.0,nazirah@mujahidin.mosque.org.sg,
2007000008,PT8434,CARPE DIEM FIRST YEARS PTE. LTD.,CC,Childcare Centre,129.0,PASIR RIS STREET 11,1.0,325.0,,510129,65821233.0,pr@carpediem.com.sg,
2007000009,WP0735,THE CATERPILLAR'S COVE PTE. LTD.,CC,Childcare Centre,535.0,CLEMENTI ROAD,3.0,1.0,BLK 53 NGEE ANN POLYTECHNIC,599489,64645219.0,elizabeth.c@thecaterpillarscove.com.sg,
2007000007,PT8433,LITTLE VILLAGE ON THE GRANGE,CC,Childcare Centre,41.0,GRANGE ROAD,,,,239704,67357356.0,ENQUIRIES@LITTLEVILLAGE.COM.SG,
2007000004,WP0736,THE LITTLE SKOOL-HOUSE INTERNATIONAL PTE LTD,CC,Childcare Centre,65.0,CHULIA STREET,2.0,2.0,OCBC CENTRE,49513,62360159.0,tanhmc@littleskoolhouse.com,
2007000003,PT8429,CAMBRIDGE CDC @ TANGLIN PTE. LTD.,CC,Childcare Centre,11.0,UNITY STREET,2.0,1.0,ROBERTSON WALK,237995,67379139.0,robertson@cambridge.school,
2004000081,PT7480,SEEDLINGS MONTESSORI ALEXANDRA PTE LTD,CC,Childcare Centre,57.0,DAWSON ROAD,2.0,11.0,DAWSON PLACE,142057,64723457.0,sedlings@singnet.com.sg,
2004000082,PT7490,AMAZING STAR MONTESSORI HOUSE (GREENRIDGE),CC,Childcare Centre,,JELAPANG ROAD,3.0,1.0,GREENRIDGE SHOPPING CENTRE,671524,93223525.0,nurjazlyn@hotmail.com,
2004000080,PT7470,APPLELAND MONTESSORI CHILD CARE CENTRE,CC,Childcare Centre,165.0,BUKIT BATOK WEST AVENUE 8,1.0,286.0,,650165,68993195.0,applelandmccc@yahoo.com.sg,
2004000083,RC1640,KINDERYEARS CHILDCARE & DEVELOPMENT CENTRE,CC,Childcare Centre,679.0,CHOA CHU KANG CRESCENT,1.0,602.0,,680679,81018174.0,ky_cck@hotmail.com,
200400000074,RC1814,AN-NUR MOSQUE KINDERGARTEN,KN,Kindergarten,6.0,ADMIRALTY ROAD,,,MASJID AN-NUR,739983,63631383.0,syah@annur.mosque.org.sg,
200400000072,RC1803,CHURCH OF THE HOLY TRINITY KINDERGARTEN,KN,Kindergarten,20.0,TAMPINES STREET 11,2.0,18.0,CHURCH OF THE HOLY TRINITY,529455,67842332.0,frfredsfa@gmail.com,
200400000071,PT9648,BRAIN BUTTONS KINDERGARTEN,KN,Kindergarten,357.0,YIO CHU KANG ROAD,,,,805939,64819255.0,357brainbuttons@gmail.com,
200400000070,RC1818,CHINESE KINDERGARTEN,KN,Kindergarten,256.0,OUTRAM ROAD,3.0,,,169053,98169829.0,principal@chinesekindergarten.org.sg,
2004000069,RC1866,ZION BISHAN KINDERGARTEN,KN,Kindergarten,4.0,BISHAN STREET 13,,,ZION BISHAN BIBLE PRESBYTERIAN C,579792,92328021.0,principal@zbk.edu.sg,
2004000064,PT7380,BRIGHT KIDS SCHOOL HOUSE PTE LTD,CC,Childcare Centre,,PUNGGOL FIELD,1.0,531.0,,824175,68756330.0,175principal@brightkids.sg,
2004000063,PT7370,SUNNYTOTS SCHOOLHOUSE,CC,Childcare Centre,658.0,YISHUN AVENUE 4,1.0,341.0,,760658,67596877.0,SUNNYTOTS@YAHOO.COM.SG,
200900000033,ST0225,PCF SPARKLETOTS PRESCHOOL @ TOA PAYOH CENTRAL BLK 157 (KN),KN,Kindergarten,157.0,LORONG 1 TOA PAYOH,1.0,1243.0,,310157,63561823.0,Tan.Boon.Cheng@pcf.org.sg,
200900000031,ST0285,PCF SPARKLETOTS PRESCHOOL @ SERANGOON BLK 125 (KN),KN,Kindergarten,125.0,SERANGOON NORTH AVENUE 1,1.0,133.0,,550125,62871862.0,Hafizah.Binte.Othman@pcf.org.sg,
200900000029,ST0283,PCF SPARKLETOTS PRESCHOOL @ PUNGGOL SOUTH BLK 277B (KN),KN,Kindergarten,,COMPASSVALE LINK,1.0,264.0,,542277,65563209.0,Vanitha.Hariram@pcf.org.sg,
200900000028,ST0357,PCF SPARKLETOTS PRESCHOOL @ PUNGGOL NORTH BLK 171C (KN),KN,Kindergarten,,EDGEDALE PLAINS,1.0,438.0,,823171,63438409.0,Elizabeth.Paul@pcf.org.sg,
200900000026,ST0312,PCF SPARKLETOTS PRESCHOOL @ PIONEER BLK 662B (KN),KN,Kindergarten,,JURONG WEST STREET 64,1.0,312.0,,642662,67944987.0,Cheah.Chai.Luan@pcf.org.sg,
200900000025,ST0269,PCF SPARKLETOTS PRESCHOOL @ PAYA LEBAR BLK 125 (KN),KN,Kindergarten,125.0,HOUGANG AVENUE 1,1.0,1470.0,,530125,64870285.0,Faatimah.Begam.Maideen.AB@pcf.org.sg,
200900000024,ST0235,PCF SPARKLETOTS PRESCHOOL @ MOUNTBATTEN BLK 51 (KN),KN,Kindergarten,51.0,OLD AIRPORT ROAD,2.0,1.0,,390051,63449034.0,Mastura.Khalid@pcf.org.sg,
200900000022,9405168,BEDOK DAY & NIGHT CLINIC,HC,Healthcare Institution,418.0,BEDOK NORTH AVENUE 2,1.0,85.0,,460418,64441104.0,BEDOKDAYNIGHT@YAHOO.COM.SG,
200900000020,EP07038,KIDS FOCUS PHYSIOTHERAPY,EI,Early Intervention Programmes,1.0,FIFTH AVENUE,3.0,7.0,GUTHRIE HOUSE,268802,67638716.0,,
200900000019,9404946,SCOLIOSIS SPECIALIST CLINIC,HC,Healthcare Institution,3.0,SECOND HOSPITAL AVENUE,4.0,6.0,HEALTH PROMOTION BOARD,168937,65369859.0,,
200900000018,9403236,JURONG CLINIC FOR WOMEN,HC,Healthcare Institution,130.0,JURONG GATEWAY ROAD,1.0,231.0,,600130,66651570.0,,
200700000390,9404776,RAFFLESMEDICAL,HC,Healthcare Institution,1.0,MARITIME SQUARE,3.0,56.0,HARBOURFRONT CENTRE,99253,62733078.0,,
200700000392,9402079,RAFFLESMEDICAL,HC,Healthcare Institution,131.0,JURONG GATEWAY ROAD,1.0,267.0,,600131,68996688.0,,
200700000378,9403971,SENJA FAMILY CLINIC,HC,Healthcare Institution,609.0,BUKIT PANJANG RING ROAD,,908.0,,670609,62190688.0,senjaclinic@yahoo.com,
200700000379,9403460,KALEA,HC,Healthcare Institution,260.0,ORCHARD ROAD,8.0,5.0,THE HEEREN,238855,67371669.0,,
200700000380,4300000,RAFFLES HOSPITAL,HC,Healthcare Institution,585.0,NORTH BRIDGE ROAD,,,RAFFLES HOSPITAL,188770,63111111.0,enquires@raffleshospital.com,
200700000382,9401368,RAFFLESMEDICAL,HC,Healthcare Institution,722.0,ANG MO KIO AVE 8,1.0,2825.0,,560722,64532288.0,,
200700000383,9401359,RAFFLESMEDICAL,HC,Healthcare Institution,51.0,ANSON ROAD,1.0,51.0,ANSON CENTRE,79904,62252188.0,,
200700000394,9402023,RAFFLESMEDICAL,HC,Healthcare Institution,259.0,PASIR RIS STREET 21,2.0,33.0,LOYANG POINT,510259,65853333.0,,
200700000397,9404777,RAFFLESMEDICAL,HC,Healthcare Institution,,ORCHARD RD,8.0,6.0,NGEE ANN CITY TOWER B,238874,67347355.0,,
200700000399,9403295,RAFFLESMEDICAL,HC,Healthcare Institution,50.0,RAFFLES PLACE,1.0,,SINGAPORE LAND TOWER,48623,65342900.0,,
200700000400,9404001,RAFFLESMEDICAL,HC,Healthcare Institution,252.0,NORTH BRIDGE ROAD,2.0,17.0,RAFFLES CITY SHOPPING CENTRE,179103,63396911.0,,
200700000385,9401358,RAFFLESMEDICAL,HC,Healthcare Institution,283.0,BISHAN STREET 22,1.0,177.0,,570283,64567122.0,,
200700000391,9402157,RAFFLESMEDICAL,HC,Healthcare Institution,809.0,HOUGANG CENTRAL,1.0,180.0,,530809,63867897.0,,
200700000393,9403239,RAFFLESMEDICAL,HC,Healthcare Institution,21.0,CHOA CHU KANG AVE 4,,,LOT 1 SHOPPERS' MALL,689812,67653363.0,,
200700000395,9403920,RAFFLESMEDICAL,HC,Healthcare Institution,6.0,RAFFLES BOULEVARD,1.0,212.0,MARINA SQUARE,39594,63396644.0,,
200700000375,9403838,KENNETH LOO FAMILY CLINIC,HC,Healthcare Institution,152.0,BISHAN ST 11,1.0,215.0,,570152,62503660.0,,
200700000371,9402719,CENTRAL 24-HR CLINIC (YISHUN),HC,Healthcare Institution,,YISHUN AVE 5,1.0,4.0,,761701,67597985.0,,
200700000372,9403687,CENTRAL 24-HR CLINIC (HOUGANG),HC,Healthcare Institution,681.0,HOUGANG AVE 8,1.0,831.0,,530681,63876965.0,,
2006000104,PT8428,KIDSKINGDOM PTE. LTD.,CC,Childcare Centre,154.0,HOUGANG STREET 11,1.0,196.0,,530154,63823895.0,raziyah@kidskingdom.edu.sg,
200600000099,EP06036,THYE HUA KWAN MORAL CHARITIES LIMITED (THK EIPIC CENTRE @ WOODLANDS),EI,Early Intervention Programmes,716.0,WOODLANDS DRIVE 70,1.0,124.0,,730716,63678209.0,eipic@thkmc.org.sg,
2006000093,PT8417,PRESCHOOL FOR MULTIPLE INTELLIGENCES PTE. LTD.,CC,Childcare Centre,37.0,NEWTON ROAD,,,,307965,62599661.0,enquiry@pmi.com.sg,
200600000091,NT0473,MY FIRST SKOOL,CC,Childcare Centre,,COMPASSVALE CRESCENT,1.0,203.0,,541295,66349989.0,info@myfirstskool.com,
2006000096,PT8420,CHERIE HEARTS LITTLE PLAY HOUSE PTE LTD,CC,Childcare Centre,30.0,TAI SENG STREET,2.0,12.0,BREADTALK IHQ,534013,62888261.0,andy.ng@CHERIEHEARTS.SG,
200600000080,PT8398,BESTCARE MONTESSORI PTE LTD,CC,Childcare Centre,45.0,BOON KENG ROAD,,,KALLANG COMMUNITY CLUB,339771,85188533.0,bcmcare@singnet.com.sg,
2004000068,RC1630,YMCA CHILD DEVELOPMENT CENTRE,CC,Childcare Centre,510.0,JELAPANG ROAD,1.0,68.0,,670510,68922430.0,zhcdc@ymca.edu.sg,
200400000060,PT9686,PEARLBANK MONTESSORI KINDERGARTEN,KN,Kindergarten,302.0,PASIR PANJANG ROAD,,,PASIR PANJANG CHRIST CHURCH,118643,94555395.0,pearlbnk@singnet.com.sg,
200400000059,ST0333,PCF SPARKLETOTS PRESCHOOL @ YEW TEE BLK 690D (KN),KN,Kindergarten,,CHOA CHU KANG CRESCENT,1.0,74.0,,684690,67609368.0,Ko.Mee.Yoon@pcf.org.sg,
200400000058,RC1810,AL IMAN MOSQUE KINDERGARTEN,KN,Kindergarten,10.0,BUKIT PANJANG RING ROAD,3.0,,MASJID AL-IMAN,679943,67623103.0,noraishah@aliman.mosque.org.sg,
200400000057,PT9660,TOTS TOWN PRESCHOOL @ YISHUN,KN,Kindergarten,102.0,YISHUN AVENUE 5,3.0,115.0,,760102,67532422.0,info@totstown.sg,
200400000054,ST0326,PCF SPARKLETOTS PRESCHOOL @ ZHENGHUA BLK 620 (KN),KN,Kindergarten,620.0,BUKIT PANJANG RING ROAD,1.0,828.0,,670620,63104620.0,Nancy.Tay@pcf.org.sg,
200400000056,ST0239,PCF SPARKLETOTS PRESCHOOL @ JOO CHIAT BLK 15 (KN),KN,Kindergarten,15.0,LORONG K TELOK KURAU,,,,425611,63460121.0,Ching.Hsiao.Phang@pcf.org.sg,
200400000053,ST0346,PCF SPARKLETOTS PRESCHOOL @ CANBERRA BLK 330 (DS),KN,Kindergarten,330.0,SEMBAWANG CLOSE,1.0,383.0,,750330,62570112.0,Rohayah.Misran@pcf.org.sg,
2004000050,RC1885,FAR EASTERN KINDERGARTEN,KN,Kindergarten,,GILSTEAD ROAD,,,,309063,62513676.0,fek_edu@singnet.com.sg,
2004000047,PT7320,EUREKA SCHOOLHOUSE PTE LTD,CC,Childcare Centre,111.0,FABER DRIVE,,,,129423,67746784.0,jessiechua@eurekaschoolhouse.com.sg,
2004000046,PT7310,LITTLE TALENT CHILDCARE & DEVELOPMENT CENTRE,CC,Childcare Centre,420.0,JURONG WEST STREET 42,1.0,1013.0,,640420,65641989.0,littletalent@singnet.com.sg,
2004000045,PT7300,CUDDLE KIDS PLAYHOUSE PTE. LTD.,CC,Childcare Centre,539.0,WOODLANDS DRIVE 16,1.0,117.0,,730539,68945055.0,cuddlekidz@newera-educare.com.sg,
2004000044,PT7290,BRIGHT KIDS SCHOOL HOUSE PTE LTD,CC,Childcare Centre,,PUNGGOL FIELD,1.0,635.0,,824173,63436626.0,173principal@brightkids.sg,
200900000017,9401203,NUH DIALYSIS CENTRE,HC,Healthcare Institution,354.0,ALEXANDRA ROAD,1.0,14.0,ALEXIS,159949,62599217.0,,
200900000015,PT8572,CHERIE HEARTS LITTLE ANGELS PTE. LTD.,CC,Childcare Centre,13.0,SIANG KUANG AVENUE,,,SENNETT ESTATE,347931,62836568.0,jeffrey.ong@cheriehearts.sg,
200900000014,SE201558,EDEN SCHOOL,SE,Special Education,101.0,BUKIT BATOK WEST AVE 3,,,,659168,62657400.0,enquiry@edenschool.edu.sg,
200900000004,PT8570,LEARNING VISION @ WORK PTE. LTD.,CC,Childcare Centre,,CHANGI BUSINESS PARK CENTRAL 1,1.0,1.0,THE EIGHTRIUM,486035,86682541.0,Laipengyap@learningvision.com,
200900000002,PT8568,JUST KIDS @ TAMAN JURONG PTE. LTD.,CC,Childcare Centre,399.0,YUNG SHENG ROAD,1.0,48.0,,610399,62644337.0,tamanjurong@justkids.com.sg,
2008000158,9405745,BABES N TOTS CLINIC,HC,Healthcare Institution,46.0,JALAN BUKIT HO SWEE,1.0,878.0,,160046,62737303.0,ekohtk@singnet.com.sg,
2008000157,9402787,BANYAN CLINIC PTE LTD.,HC,Healthcare Institution,768.0,WOODLANDS AVENUE 6,2.0,4.0,WOODLANDS MART,730768,63652001.0,cmf6969@yahoo.comm,
2008000148,PT8560,SMART KIDS EDUCARE LLP,CC,Childcare Centre,9.0,JALAN JARAK,,,SELETAR HILLS ESTATE,809173,82273313.0,gummysmartkids@GMAIL.COM,
200700000373,9403135,CENTRAL CLINIC & SURGERY (CLEMENTI),HC,Healthcare Institution,450.0,CLEMENTI AVENUE 3,1.0,291.0,,120450,67732925.0,,
200700000370,9402461,THE PSYCHIATRIC & BEHAVIOURAL MEDICINE CLINIC,HC,Healthcare Institution,3.0,MT ELIZABETH,15.0,8.0,MOUNT ELIZABETH MEDICAL CENTRE,228510,67373663.0,angpc@livingeffectively.com,
200700000369,9402439,THE PSYCHOTHERAPY CLINIC FOR ADULTS AND CHILDREN,HC,Healthcare Institution,1.0,ORCHARD BOULEVARD,9.0,3.0,CAMDEN MEDICAL CENTRE,248649,67327557.0,angpc@livingeffectively.com,
200700000368,9405165,THE KID'S CLINIC,HC,Healthcare Institution,1.0,SENGKANG SQUARE,2.0,,COMPASS ONE,545078,68811711.0,,
200700000365,9405430,"SBCC BABY & CHILD CLINIC - NEUROLOGY, RHEUMATOLOGY & PAEDIATRIC CENTRE",HC,Healthcare Institution,290.0,ORCHARD ROAD,17.0,12.0,PARAGON,238859,67322292.0,sbcc.paragon@sbcc.sg,
200700000364,9403332,"TAY KHOON HEAN SURGERY GENERAL SURGERY, HEPATOBILIARY, PANCREATIC AND ADVANCED LAPAROSCOPIC SURGERY",HC,Healthcare Institution,6.0,NAPIER RD,8.0,2.0,GLENEAGLES MEDICAL CENTRE,258499,64711221.0,TKHSURGERY@YAHOO.COM.SG,
200700000326,9404894,Q & M DENTAL SURGERY (GOMBAK) PTE LTD,HC,Healthcare Institution,371.0,BUKIT BATOK STREET 31,1.0,302.0,,650371,65693120.0,QANDM@QANDM.COM.SG,
200700000359,12C0218,Q & M DENTAL SURGERY (HOUGANG CENTRAL) PTE LTD,HC,Healthcare Institution,810.0,HOUGANG CENTRAL,1.0,,,530810,63862663.0,QANDM@QANDM.COM.SG,
200700000357,9404407,Q & M DENTAL SURGERY (CLEMENTI) PTE LTD,HC,Healthcare Institution,321.0,CLEMENTI AVENUE 3,2.0,2.0,321 CLEMENTI,129905,67782768.0,QANDM@QANDM.COM.SG,
200700000356,9404893,Q & M DENTAL SURGERY (ELIAS MALL) PTE LTD,HC,Healthcare Institution,625.0,ELIAS ROAD,2.0,308.0,ELIAS MALL,510625,65848793.0,QANDM@QANDM.COM.SG,
200700000355,9403228,Q & M DENTAL SURGERY (CLEMENTI CENTRAL) PTE LTD,HC,Healthcare Institution,450.0,CLEMENTI AVE 3,1.0,291.0,,120450,68723633.0,QANDM@QANDM.COM.SG,
200700000354,9403193,Q & M DENTAL SURGERY (BT TIMAH) PTE LTD,HC,Healthcare Institution,,CHEONG CHIN NAM ROAD,,,,599728,64663393.0,QANDM@QANDM.COM.SG,
200700000353,9402731,Q & M DENTAL SURGERY (BT PANJANG) PTE LTD,HC,Healthcare Institution,257.0,BANGKIT RD,1.0,47.0,,670257,67663363.0,QANDM@QANDM.COM.SG,
200700000352,9403025,Q & M DENTAL SURGERY (YISHUN CENTRAL) PTE LTD,HC,Healthcare Institution,743.0,YISHUN AVENUE 5,1.0,540.0,,760743,68516789.0,QANDM@QANDM.COM.SG,
200700000351,9403431,Q & M DENTAL SURGERY (SEMBAWANG MRT) PTE LTD,HC,Healthcare Institution,11.0,CANBERRA RD,2.0,1.0,SEMBAWANG MRT STATION,759775,67523093.0,QANDM@QANDM.COM.SG,
2006000088,PT8414,LITTLE FOOTPRINTS SCHOOLHOUSE (YISHUN) PTE. LTD.,CC,Childcare Centre,,YISHUN AVENUE 5,2.0,4.0,,761701,67523052.0,zahara.farouk@littlefootprints.com.sg,
2006000086,PT8412,LITTLE GREENHOUSE @ BUKIT BATOK PTE LTD,CC,Childcare Centre,373.0,BUKIT BATOK STREET 31,3.0,244.0,,650373,90031454.0,cici@global-eduhub.com,
2006000083,PT8406,KIDDIWINKIE SCHOOLHOUSE @ UPPER BUKIT TIMAH,CC,Childcare Centre,,LORONG PISANG BATU,,,HOOVER PARK,597925,64632155.0,monica.koh@kiddiwinkie.com.sg,
200600000070,PT8405,AGAPE LITTLE UNI. PTE. LTD.,CC,Childcare Centre,401.0,COMMONWEALTH DRIVE,2.0,1.0,HAW PAR TECHNOCENTRE,149598,64797001.0,hawpar@agapelittleuni.com,
200400000037,RC1530,IYAD PERDAUS CHILD DEVELOPMENT CENTRE,CC,Childcare Centre,418.0,CHOA CHU KANG AVE 4,1.0,290.0,,680418,65132307.0,maslinah@perdaus.org.sg,
200400000035,PT7250,JUST KIDS LEARNING PLACE PTE LTD,CC,Childcare Centre,159.0,BUKIT BATOK STREET 11,1.0,180.0,,650159,65690159.0,bb@justkids.com.sg,
200400000034,RC1842,KAMPONG KAPOR METHODIST CHURCH KINDERGARTEN,KN,Kindergarten,1.0,KAMPONG KAPOR ROAD,,,KAMPONG KAPOR METHODIST CHURCH,208673,97100138.0,kkmckindy@gmail.com,
200400000030,PT9669,MODERN MONTESSORI KINDERGARTEN,KN,Kindergarten,12.0,KEE SUN AVENUE,,,,457037,96625146.0,keesun@modern-montessori.com,
200400000029,RC1833,SHALOM KINDERGARTEN,KN,Kindergarten,4.0,LOYANG BESAR CLOSE,1.0,,SHALOM BIBLE PRESBYTERIAN CHURCH,509025,96986071.0,principal@shalomkindergarten.com,
200400000024,RC1824,THE ASCENSION KINDERGARTEN,KN,Kindergarten,11.0,11 FRANCIS THOMAS DRIVE,,,ASCENSION KINDERGARTEN,359338,98007269.0,clarissa@akg.edu.sg,
200400000023,RC1796,FAITH KINDERGARTEN,KN,Kindergarten,400.0,COMMONWEALTH DRIVE,,,FAITH METHODIST CHURCH,149604,97976934.0,paulinechia@faithkindy.edu.sg,
200400000021,RC1802,DARUL MAKMUR MOSQUE KINDERGARTEN,KN,Kindergarten,950.0,YISHUN AVENUE 2,,,MASJID DARUL MAKMUR,769099,68528367.0,shahren@darulmakmur.mosque.org.sg,
2004000018,PT7210,SUPERLAND MONTESSORI PRE-SCHOOL,CC,Childcare Centre,568.0,GANGES AVENUE,2.0,102.0,,160568,62785886.0,superland@pacific.net.sg,
200400000017,NT0460,MY FIRST SKOOL,CC,Childcare Centre,170.0,HOUGANG AVENUE 1,1.0,1481.0,,530170,66349989.0,info@myfirstskool.com,
2008000154,PT8566,SHEFFIELD KIDSWORLD (SK) PTE. LTD.,CC,Childcare Centre,131.0,RIVERVALE STREET,1.0,868.0,,540131,63843203.0,skw@sheffieldkidsworld.com,
2008000144,9405507,888 PLAZA FAMILY CLINIC,HC,Healthcare Institution,888.0,WOODLANDS DRIVE 50,1.0,739.0,888 PLAZA,730888,63688762.0,,
2008000141,9400960,ONELIFE FAMILY CLINIC,HC,Healthcare Institution,534.0,CHOA CHU KANG ST 51,1.0,41.0,,680534,67600782.0,lifelinecck@yahoo.com.sg,
2008000140,9405231,CORPORATE DENTAL CLINIC,HC,Healthcare Institution,38.0,HAIG ROAD,,,,438741,67477919.0,,
2008000137,9403463,NORTHEAST MEDICAL GROUP,HC,Healthcare Institution,5.0,SENGKANG SQUARE,1.0,5.0,,545062,68755911.0,drlimks@yahoo.com,
2008000134,9402740,BABY N' KIDS SPECIALIST CLINIC,HC,Healthcare Institution,458.0,UPPER BUKIT TIMAH ROAD,,,THE RAIL MALL,678073,67676383.0,,
2008000133,9402574,TAMPINES 24-HR FAMILY CLINIC,HC,Healthcare Institution,,TAMPINES ST 21,1.0,1151.0,,524201,67867228.0,punggol_aw@hotmail.com,
2008000132,9402662,338 FAMILY CLINIC,HC,Healthcare Institution,338.0,ANG MO KIO AVE 1,1.0,1615.0,,560338,64549408.0,,
200700000329,9404896,Q & M DENTAL SURGERY (REDHILL MRT) PTE LTD,HC,Healthcare Institution,920.0,TIONG BAHRU ROAD,1.0,10.0,REDHILL MRT STATION,158792,62724858.0,QANDM@QANDM.COM.SG,
200700000328,9404303,Q & M DENTAL SURGERY (MARSILING) PTE LTD,HC,Healthcare Institution,304.0,WOODLANDS STREET 31,1.0,,,730304,63656500.0,QANDM@QANDM.COM.SG,
200700000332,9403158,Q & M DENTAL SURGERY (TIONG BAHRU) PTE LTD,HC,Healthcare Institution,18.0,JLN MEMBINA,2.0,2.0,,164018,62708168.0,QANDM@QANDM.COM.SG,
200700000337,9403318,Q & M DENTAL SURGERY (TOA PAYOH CENTRAL) PTE LTD,HC,Healthcare Institution,177.0,TOA PAYOH CENTRAL,1.0,150.0,,310177,62563633.0,QANDM@QANDM.COM.SG,
200700000338,9404897,Q & M DENTAL SURGERY (SERANGOON) PTE LTD,HC,Healthcare Institution,261.0,SERANGOON CENTRAL DRIVE,1.0,29.0,,550261,63430398.0,QANDM@QANDM.COM.SG,
200700000340,9403583,Q & M DENTAL SURGERY (ANG MO KIO CENTRAL) PTE LTD,HC,Healthcare Institution,51.0,ANG MO KIO AVE 3,1.0,1.0,51@AMK,569922,65543363.0,QANDM@QANDM.COM.SG,
200700000341,9404895,Q & M DENTAL SURGERY (HOUGANG MALL) PTE LTD,HC,Healthcare Institution,90.0,HOUGANG AVENUE 10,4.0,7.0,HOUGANG MALL,538766,62825500.0,QANDM@QANDM.COM.SG,
200700000361,9403157,Q & M DENTAL SURGERY (JELAPANG) PTE LTD,HC,Healthcare Institution,,JELAPANG ROAD,2.0,15.0,GREENRIDGE SHOPPING CENTRE,671524,68912668.0,QANDM@QANDM.COM.SG,
200700000343,9402627,Q & M DENTAL CENTRE (JURONG EAST CENTRAL),HC,Healthcare Institution,50.0,JURONG GATEWAY ROAD,3.0,24.0,JEM,608549,64250398.0,QANDM@QANDM.COM.SG,
200700000345,9403074,Q & M DENTAL SURGERY (KHATIB) PTE LTD,HC,Healthcare Institution,846.0,YISHUN RING RD,1.0,3613.0,,760846,68523363.0,QANDM@QANDM.COM.SG,
200700000346,9403479,Q & M DENTAL SURGERY (OLD AIRPORT RD) PTE LTD,HC,Healthcare Institution,39.0,JLN TIGA,1.0,3.0,,390039,64479033.0,QANDM@QANDM.COM.SG,
200700000335,9402772,Q & M DENTAL SURGERY (SERANGOON CENTRAL) PTE LTD,HC,Healthcare Institution,264.0,SERANGOON CENTRAL,1.0,235.0,,550264,63831763.0,QANDM@QANDM.COM.SG,
200700000344,9404943,Q & M DENTAL SURGERY (KALLANG MRT) PTE LTD,HC,Healthcare Institution,5.0,SIMS AVENUE,1.0,2.0,KALLANG MRT STATION,387405,65471833.0,QANDM@QANDM.COM.SG,
200700000347,9403378,Q & M DENTAL SURGERY (PASIR RIS) PTE LTD,HC,Healthcare Institution,1.0,PASIR RIS CENTRAL ST 3,5.0,,WHITE SANDS,518457,65830298.0,QANDM@QANDM.COM.SG,
200700000348,9402022,Q & M DENTAL SURGERY (BT BATOK) PTE LTD,HC,Healthcare Institution,151.0,BT BATOK ST 11,1.0,252.0,,650151,66654233.0,QANDM@QANDM.COM.SG,
200700000349,9403602,Q & M DENTAL SURGERY (ADMIRALTY) PTE LTD,HC,Healthcare Institution,717.0,WOODLANDS DRIVE 70,1.0,114.0,,730717,63653903.0,QANDM@QANDM.COM.SG,
200600000069,PT9605,ZULFA KINDERGARTEN @ SEMBAWANG MART PTE LTD,KN,Kindergarten,511.0,CANBERRA ROAD,2.0,1.0,SEMBAWANG MART,750511,67583739.0,admin_sm@zulfa.edu.sg,
200600000068,RC1813,AL-MUTTAQIN MOSQUE KINDERGARTEN,KN,Kindergarten,5140.0,ANG MO KIO AVENUE 6,,,MASJID AL-MUTTAQIN,569844,64547472.0,nur_ahirah@almuttaqin.mosque.org.sg,
200600000064,PT8399,AAYTOZEE @ HILLVIEW PTE LTD,CC,Childcare Centre,2.0,JALAN DERMAWAN,,,,668947,67655522.0,lawrence.goh@aaytozee.com,
200600000063,EP06033,BRAIN TRAIN PTE LTD,EI,Early Intervention Programmes,91.0,TANGLIN PLACE,4.0,1.0,TANGLIN PLACE,247918,67389319.0,ailsa@braintrain.com.sg,
200600000058,K1680,WHITE LODGE KINDERGARTEN,KN,Kindergarten,39.0,LINDEN DRIVE,,,,288712,64688846.0,wlelc@singnet.com.sg,
200600000057,PT9590,WHITE LODGE WEST COAST PTE LTD,KN,Kindergarten,9.0,SOUTH BUONA VISTA ROAD,,,,118141,67798465.0,wc@whitelodge.edu.sg,
200600000056,EP06029,SINGAPORE GENERAL HOSPITAL,EI,Early Intervention Programmes,4.0,OUTRAM ROAD,,,LEVEL 1 BUSINESS OFFICE,169608,63266874.0,,
200600000055,EP05025,COLLEGE OF ALLIED EDUCATORS PTE LTD,EI,Early Intervention Programmes,15.0,PHILLIP STREET,6.0,0.0,TAN EAN KIAM BUILDING,48694,65332763.0,,
200600000054,EP10055,DYSLEXIA ASSOCIATION OF SINGAPORE (DAS),EI,Early Intervention Programmes,9.0,BISHAN PLACE,6.0,3.0,,579837,65940331.0,info@das.org.sg,
200600000053,RC1869,BETHESDA (BEDOK-TAMPINES) KINDERGARTEN,KN,Kindergarten,300.0,BEDOK NORTH AVENUE 3,,,BETHESDA BEDOK/TAMPINES CHURCH,469717,66450740.0,chelstan@bbtk.com.sg,
2006000051,EP06031,WEE CARE (SINGAPORE) PTE LTD,EI,Early Intervention Programmes,56.0,TANGLIN ROAD,2.0,3.0,TANGLIN POST OFFICE,247964,68361450.0,enquiries@weecare.com.sg,
2006000047,PT8393,RAINBOW COVE EDUCATIONAL SERVICES PTE. LTD.,CC,Childcare Centre,319.0,UPPER EAST COAST ROAD,,,SPRING PARK ESTATE,466451,62412833.0,nina.rainbowcove@gmail.com,
200400000014,PT9662,JHS MONTESSORI KINDERGARTEN,KN,Kindergarten,,RIVER VALLEY ROAD,2.0,1.0,VALLEY POINT OFFICE TOWER,248373,81895355.0,nicolelit71@gmail.com,
200400000012,RC1819,AL-ISTIQAMAH MOSQUE KINDERGARTEN,KN,Kindergarten,2.0,SERANGOON NORTH AVENUE 2,,,MASJID AL-ISTIQAMAH,555876,62819379.0,shalwana@alistiqamah.mosque.org.sg,
2004000011,KG1224,IMAN KINDERGARTEN (TAMPINES),KN,Kindergarten,136.0,TAMPINES STREET 11,1.0,156.0,,521136,67884911.0,zabedah@iman.edu.sg,
2004000004,PT7180,RAINBOW CHILDCARE PTE LTD,CC,Childcare Centre,221.0,BOON LAY PLACE,3.0,100.0,BOON LAY SHOPPING CENTRE,640221,62658980.0,rainbowchildcare@gmail.com,
2004000005,PT7190,HAPPY TOWN CHILD CARE CENTRE,CC,Childcare Centre,1205.0,UPPER BOON KENG ROAD,,,GEYLANG WEST COMMUNITY CLUB,387311,67487343.0,kl-kohlili@sunflowerkid.com,
2004000007,RC1590,LITTLE DOLPHINS PLAYSKOOL,CC,Childcare Centre,276.0,CHOA CHU KANG AVE 2,1.0,309.0,,680276,96183944.0,dolphins@singnet.com.sg,
200300000164,PT9653,THE MONTESSORI PLAYROOM KINDERGARTEN,KN,Kindergarten,806.0,HOUGANG CENTRAL,4.0,144.0,,530806,93366806.0,jake@montessori-playroom.com,
200300000162,RC1812,AL-KHAIR MOSQUE KINDERGARTEN,KN,Kindergarten,1.0,TECK WHYE CRESCENT,,,MASJID AL-KHAIR,688847,66310146.0,rukiahS@alkhair.mosque.org.sg,
200300000161,RC1830,ST. FRANCIS OF ASSISI KINDERGARTEN (JURONG WEST),KN,Kindergarten,47.0,JURONG WEST STREET 42,,,ST. FRANCIS OF ASSISI KINDERGART,649368,98411264.0,sfakgjw@gmail.com,
200300000160,PT9646,LITTLE LEADER KINDERGARTEN,KN,Kindergarten,102.0,YISHUN AVENUE 5,4.0,115.0,,760102,90299488.0,adeline3l@yahoo.com.sg,
2003000158,RC1834,TOA PAYOH METHODIST CHURCH KINDERGARTEN,KN,Kindergarten,480.0,LORONG 2 TOA PAYOH,2.0,17.0,TOA PAYOH METHODIST CHURCH,319641,94354137.0,principal@tpmckindergarten.edu.sg,
2008000130,9403452,CHUA & PARTNERS FAMILY CLINIC,HC,Healthcare Institution,18.0,JALAN MEMBINA,2.0,5.0,,164018,62719004.0,corporatehealth@singnet.com,
2008000128,9403719,HEALTHMARK PIONEER MALL CLINIC,HC,Healthcare Institution,638.0,JURONG WEST STREET 61,2.0,8.0,PIONEER MALL,640638,68613100.0,healthmark@gmail.com,
2008000127,RC1719,KIDZ MEADOW CHILDCARE & DEVELOPMENT CENTRE,CC,Childcare Centre,,BUANGKOK CRESCENT,1.0,105.0,,533979,64898670.0,BUANGKOK.CHC@MERCULEARNING.COM,
2008000126,PT8557,THE LITTLE SKOOL-HOUSE INTERNATIONAL PTE LTD,CC,Childcare Centre,36.0,NAMLY CRESCENT,,,SHAMROCK PARK,267551,64627287.0,maggielee@littleskoolhouse.com,
2008000122,NT0474,MY FIRST SKOOL,CC,Childcare Centre,347.0,WOODLANDS AVENUE 3,1.0,109.0,,730347,66349989.0,info@myfirstskool.com,
2008000121,9400049,ANNE'S BABY AND CHILD CLINIC,HC,Healthcare Institution,214.0,JURONG EAST STREET 21,1.0,433.0,,600214,65667216.0,annechongsuyan@gmail.com,
2008000120,9403409,KINDER CLINIC PTE LTD,HC,Healthcare Institution,80.0,MARINE PARADE RD,5.0,,PARKWAY PARADE,449269,63424821.0,,
2008000119,9403476,KINDER CLINIC PTE LTD,HC,Healthcare Institution,290.0,ORCHARD ROAD,7.0,,PARAGON,238859,67324718.0,,
2008000118,9405061,KINDER CLINIC PTE LTD,HC,Healthcare Institution,6.0,NAPIER ROAD,9.0,1.0,GLENEAGLES MEDICAL CENTRE,258499,64726018.0,,
2008000117,9403394,KINDER CLINIC PTE LTD,HC,Healthcare Institution,2.0,PANDAN VALLEY,1.0,212.0,ACACIA COURT,597626,64653050.0,,
2008000116,9404971,KINDER CLINIC PTE LTD,HC,Healthcare Institution,319.0,JOO CHIAT PLACE,3.0,4.0,PARKWAY EAST MEDICAL CENTRE,427989,64467100.0,,
2008000115,9403393,KINDER CLINIC PTE LTD,HC,Healthcare Institution,820.0,THOMSON ROAD,6.0,,MOUNT ALVERNIA MEDICAL CENTRE BL,574623,64785925.0,,
2008000114,9400520,FAMILY HEALTH MEDICAL CENTRE,HC,Healthcare Institution,,ANG MO KIO AVE 1,1.0,681.0,,567226,64541980.0,vidachou@gmail.com,
2008000113,9403133,ADMIRALTY FAMILY CLINIC PTE LTD,HC,Healthcare Institution,,WOODLANDS AVE 6,1.0,14.0,,731678,68942717.0,PUNGGOL_AW@HOTMAIL.COM,
2008000111,PT8552,KEY ELEMENTARY EDUHOUSE PTE LTD,CC,Childcare Centre,262.0,BOON LAY DRIVE,1.0,559.0,,640262,67936686.0,general@keehouse.com,
200700000325,9402456,Q & M DENTAL SURGERY (TOA PAYOH) PTE LTD,HC,Healthcare Institution,190.0,TOA PAYOH LOR 6,1.0,590.0,,310190,63566789.0,QANDM@QANDM.COM.SG,
200700000322,9403880,Q & M DENTAL SURGERY (SERANGOON NORTH) PTE LTD,HC,Healthcare Institution,153.0,SERANGOON NORTH AVENUE 1,1.0,536.0,,550153,62828597.0,QANDM@QANDM.COM.SG,
200700000318,9403696,DENTAL CARE@FAJAR PTE LTD,HC,Healthcare Institution,445.0,FAJAR ROAD,2.0,522.0,FAJAR SHOPPING CENTRE,670445,67622955.0,bruce@smileworks.com.sg,
200700000320,9403077,SMILEWORKS PTE LTD,HC,Healthcare Institution,290.0,ORCHARD RD,11.0,,PARAGON,238859,62389318.0,BRUCE@SMILEWORKS.COM.SG,
200700000319,9401287,PARIQUA CLINIC,HC,Healthcare Institution,47.0,BENDEMEER ROAD,1.0,1463.0,,330047,62921351.0,judychens@doctor.com,
200700000316,0800000,INSTITUTE OF MENTAL HEALTH / WOODBRIDGE HOSPITAL,HC,Healthcare Institution,10.0,BUANGKOK VIEW,,,INSTITUTE OF MENTAL HEALTH,539747,63892000.0,bee_lan_ng@imh.com.sg,
200700000317,9404326,CHRIS DENTAL SURGEON,HC,Healthcare Institution,61.0,STAMFORD ROAD,1.0,4.0,STAMFORD COURT,178892,63333345.0,WOWSS2002@YAHOO.COM,
200700000312,9401711,THE MEDICAL CENTRE CLINIC (HONG LEONG),HC,Healthcare Institution,16.0,RAFFLES QUAY,,15.0,HONG LEONG BUILDING,48581,62207585.0,drwfkwok@yahoo.com,
200700000314,9401067,MEDICA CLINIC,HC,Healthcare Institution,681.0,HOUGANG AVE 8,1.0,837.0,,530681,63862187.0,,
200700000313,9405427,SBCC BABY & CHILD CLINIC,HC,Healthcare Institution,6.0,NAPIER RD,9.0,5.0,GLENEAGLES MEDICAL CENTRE,258499,62356706.0,sbcc.gmc@sbcc.sg,
200700000311,9401556,STREET 21 CLINIC TAMPINES PTE. LTD.,HC,Healthcare Institution,,TAMPINES ST 21,2.0,1097.0,,522201,67857888.0,,
2007000302,9404271,THE KIDS DENTIST,HC,Healthcare Institution,1.0,ORCHARD BOULEVARD,13.0,6.0,CAMDEN MEDICAL CENTRE,248649,62357279.0,linda@thekidsdentist.com.sg,
200700000299,9402741,C & K FAMILY CLINIC PTE LTD,HC,Healthcare Institution,108.0,UPPER EAST COAST ROAD,,,,455297,62429588.0,TLCDOC@PACIFIC.NET.SG,
200600000043,EP05003,CEREBRAL PALSY ALLIANCE SINGAPORE (CPAS),EI,Early Intervention Programmes,65.0,PASIR RIS DRIVE 1,4.0,0.0,,519529,65855647.0,eipic-scas@yahoo.com.sg,
200600000040,PT9693,AGAPE MONTESSORI HOUSE KINDERGARTEN,KN,Kindergarten,11.0,THOMSON HILLS DRIVE,,,THOMSON HILLS ESTATE,574756,97879829.0,agape_montessori@yahoo.com.sg,
200600000039,PT9687,SUNSHINE KINDERGARTEN,KN,Kindergarten,70.0,NAMLY PLACE,,,SHAMROCK PARK,267217,84283711.0,sunshinek.office@gmail.com,
2006000038,EP06030,Fei Yue Early Intervention Centre for Children,EI,Early Intervention Programmes,101.0,JURONG EAST STREET 13,1.0,188.0,,600101,65656260.0,ADMIN@FYCS.ORG,
200600000034,PT8388,PAT'S SCHOOLHOUSE PTE. LTD.,CC,Childcare Centre,26.0,STILL ROAD SOUTH,,,,423935,63480955.0,katong@patschoolhouse.com,
2006000031,PT9676,NANYANG CHILDREN SCHOOL,KN,Kindergarten,,TELOK BLANGAH STREET 32,2.0,17.0,,102078,62745528.0,NANYANGCHILDRENSKOOL@YAHOO.COM.SG,
2006000027,PT8384,SHAWS CDLC @ MOUNTBATTEN PTE LTD,CC,Childcare Centre,855.0,MOUNTBATTEN ROAD,,,,437839,64409192.0,yvonne@shaws.com.sg,
2006000022,PT8379,RAFFLES HOUSE PRESCHOOL (ROBIN CLOSE),CC,Childcare Centre,15.0,ROBIN CLOSE,,,,258297,68367959.0,ISABEL@RAFFLESHOUSE.COM,
200900000281,9404513,G CHEE EAR NOSE THROAT SINUS & DIZZINESS CENTRE,HC,Healthcare Institution,3.0,MOUNT ELIZABETH,12.0,6.0,MOUNT ELIZABETH MEDICAL CENTRE,228510,67377227.0,gchee@gcheeent.com,
200900000280,9403800,LIFELINE BUKIT PANJANG MEDICAL CLINIC,HC,Healthcare Institution,103.0,GANGSA ROAD,1.0,37.0,,670103,67605788.0,twentysevendulces@gmail.com,
200900000278,9400632,H S LEE CLINIC & SURGERY,HC,Healthcare Institution,173.0,YISHUN AVE 7,1.0,823.0,,760173,67550630.0,hsclinic@singnet.com.sg,
200900000277,9400074,ATRIA-CITY DENTAL GROUP PTE LTD,HC,Healthcare Institution,,ORCHARD ROAD,8.0,8.0,NGEE ANN CITY TOWER B,238874,67372777.0,atriacity@yahoo.com.sg,
200900000276,9404831,ASPEN CLINIC,HC,Healthcare Institution,283.0,BISHAN STREET 22,1.0,185.0,,570283,64553829.0,wkc@aspenclinic.com.sg,
200900000273,PT8623,THE LITTLE SKOOL-HOUSE INTERNATIONAL PTE LTD,CC,Childcare Centre,229.0,MOUNTBATTEN ROAD,2.0,18.0,MOUNTBATTEN SQUARE,398007,65098421.0,eunicetong@littleskoolhouse.com,
200900000271,9405739,JUBILEE FAMILY PHYSICIANS,HC,Healthcare Institution,258.0,PASIR RIS ST 21,2.0,16.0,,510258,65821883.0,,
200900000270,9402549,OUR FAMILY PHYSICIAN CLINIC & SURGERY,HC,Healthcare Institution,829.0,TAMPINES ST 81,1.0,292.0,,520829,67850147.0,alvinangck@hotmail.com,
200900000269,9405180,NORTHEAST MEDICAL GROUP,HC,Healthcare Institution,20.0,TAMPINES CENTRAL 1,1.0,25.0,TAMPINES MRT STATION,529538,67867848.0,gohtzechien@yahoo.com,
200900000268,PT8622,YUQUAN PRESCHOOL @GUILLEMARD,CC,Childcare Centre,231.0,MOUNTBATTEN ROAD,1.0,2.0,MOUNTBATTEN CENTRE BLK G,397999,67890700.0,yuquan@yuquan.com.sg,
200900000267,9405125,HK FAMILY CLINIC & SURGERY PTE LTD,HC,Healthcare Institution,410.0,ANG MO KIO AVE 10,1.0,817.0,,560410,65528757.0,hkfamilyclinic@yahoo.com.sg,
200900000266,9403532,HL CLINIC PTE LTD,HC,Healthcare Institution,9.0,TELOK BLANGAH CRESCENT,1.0,135.0,,90009,62721986.0,hl_clinic@yahoo.com.sg,
200900000265,9404918,HL FAMILY CLINIC & SURGERY(BEDOK) PTE LTD,HC,Healthcare Institution,89.0,BEDOK NORTH STREET 4,1.0,83.0,,460089,64420494.0,maxxedout_rc@yahoo.com,
200900000264,RC1871,CENTRE OF NEW LIFE KINDERGARTEN,KN,Kindergarten,5.0,JURONG WEST STREET 74,4.0,,CENTRE OF NEW LIFE,649151,67943671.0,kindergarten@cnl.org.sg,
2008000112,PT8553,AGAPE LITTLE UNI (KALLANG) PTE. LTD.,CC,Childcare Centre,5.0,UPPER BOON KENG ROAD,2.0,20.0,MULTI STOREY CAR PARK,380005,68489230.0,kallang@agapelittleuni.com,
2008000108,9404865,KILLINEY DENTAL CENTRE PTE LTD,HC,Healthcare Institution,91.0,KILLINEY ROAD,,,,239535,62351638.0,,
2008000107,9404951,Q & M DENTAL SURGERY (GOMBAK MRT) PTE LTD,HC,Healthcare Institution,802.0,BUKIT BATOK WEST AVENUE 5,1.0,9.0,BUKIT GOMBAK MRT STATION,659083,65621161.0,QANDM@QANDM.COM.SG,
2008000103,9403754,PUNGGOL FAMILY CLINIC PTE. LTD.,HC,Healthcare Institution,322.0,SUMANG WALK,1.0,3.0,MULTI STOREY CAR PARK,820322,63439989.0,PUNGGOL_AW@HOTMAIL.COM,
2008000102,9400908,LAVENDER MEDICAL CLINIC & SURGERY PTE LTD,HC,Healthcare Institution,803.0,KING GEORGE'S AVENUE,1.0,186.0,,200803,62916631.0,,
2008000101,9402641,MATERNITY & GYNAECOLOGICAL CLINIC,HC,Healthcare Institution,820.0,THOMSON ROAD,6.0,53.0,MOUNT ALVERNIA HOSPITAL MEDICAL,574623,65358833.0,,
2008000097,9403569,BUKIT PANJANG FAMILY CLINIC,HC,Healthcare Institution,,JELAPANG ROAD,2.0,13.0,GREENRIDGE SHOPPING CENTRE,671524,67636838.0,bpfamilyclinic@yahoo.com.sg,
2008000096,9401165,NEPTUNE DENTAL GROUP - TAMPINES,HC,Healthcare Institution,357.0,TAMPINES ST 33,1.0,610.0,,520357,67899339.0,toleshop@singnet.com.sg,
2008000095,PT9719,AL-AMIN PRESCHOOL (PASIR RIS),KN,Kindergarten,570.0,PASIR RIS STREET 53,1.0,64.0,,510570,96712470.0,Info@alamin.edu.sg,
2008000086,9403593,"DR YVONNE'S CLINIC FOR CHILDREN & BABIES, PAEDIATRIC RHEUMATOLOGY, IMMUNOLOGY & ALLERGY",HC,Healthcare Institution,41.0,SUNSET WAY,1.0,7.0,CLEMENTI ARCADE,597071,64635001.0,achs@pacific.net.sg,
2008000085,9404665,HEALTHMARK CLINIC (PASIR RIS),HC,Healthcare Institution,735.0,PASIR RIS STREET 72,1.0,314.0,PASIR RIS WEST PLAZA,510735,65827823.0,andrewwonghw@yahoo.com.sg,
200700000300,9400958,LIFECARE FAMILY CLINIC & SURGERY,HC,Healthcare Institution,106.0,HOUGANG AVE 1,1.0,1221.0,,530106,62822482.0,evemas@singnet.com.sg,
200700000295,9402663,CASHEW MEDICAL & SURGERY,HC,Healthcare Institution,445.0,FAJAR RD,2.0,522.0,FAJAR SHOPPING CENTRE,670445,67634255.0,markyap@cashewmedicalsurgery.com.sg,
200700000296,9400421,"DRS SINGH & PARTNERS, RAFFLES CITY MEDICAL CENTRE",HC,Healthcare Institution,252.0,NORTH BRIDGE RD,2.0,16.0,RAFFLES CITY SHOPPING CENTRE,179103,63388883.0,sorinder@hotmail.com,
200700000294,PT9704,DYNAMIC WORLD MONTESSORI PTE LTD,KN,Kindergarten,292.0,EAST COAST ROAD,,,,428951,92981820.0,gansek@hotmail.com,
200700000292,9400251,CHONG & LIM FAMILY CLINIC,HC,Healthcare Institution,103.0,GANGSA ROAD,1.0,39.0,,670103,67626881.0,cnlfc@singnet.com.sg,
200700000293,9400965,LILY AW PASIR RIS FAMILY CLINIC & SURGERY,HC,Healthcare Institution,446.0,PASIR RIS DR 6,1.0,116.0,,510446,65822122.0,lilyaw@gmail.com,
200700000291,9401176,NEW TOWN CLINIC PTE LTD,HC,Healthcare Institution,59.0,NEW UPPER CHANGI ROAD,1.0,1224.0,,461059,64431784.0,ntcpl2006@gmail.com,
200700000290,9400589,GOH CLINIC & SURGERY,HC,Healthcare Institution,684.0,HOUGANG AVENUE 8,1.0,985.0,,530684,63863836.0,jondavid512@pacific.net.sg,
200700000289,12C0159,MISSION (BUKIT BATOK) MEDICAL CLINIC,HC,Healthcare Institution,,BUKIT BATOK WEST AVE 5,3.0,2.0,,651395,65150760.0,aimsmmc@singnet.com.sg,
200700000287,11C0094,DR SOH FAMILY CLINIC,HC,Healthcare Institution,966.0,JURONG WEST STREET 93,1.0,221.0,,640966,67917735.0,sohct2000@yahoo.com,
200700000284,9403523,FIRST CARE FAMILY CLINIC & SURGERY,HC,Healthcare Institution,253.0,JURONG EAST ST 24,1.0,257.0,,600253,64252350.0,cylow8@gmail.com,
200700000281,9401036,MAKE-WELL FAMILY CLINIC & SURGERY,HC,Healthcare Institution,70.0,LORONG 4 TOA PAYOH,1.0,351.0,,310070,62534235.0,shean7@singnet.com.sg,
200700000277,9402797,PHOENIX CLINIC & SURGERY,HC,Healthcare Institution,150.0,JALAN TECK WHYE,1.0,43.0,,680150,67675345.0,drlo_phoenix@fastmail.net,
200700000278,13C0323,WOODLANDS MEDICAL CENTRE,HC,Healthcare Institution,210.0,MARSILING CRESCENT,1.0,9.0,,730210,62698888.0,sorinder@hotmail.com,
2006000029,PT8386,CARPE DIEM CHILDCARE RESORT PTE. LTD.,CC,Childcare Centre,18.0,PONGGOL TWENTY-FOURTH AVENUE,,,,829489,63125317.0,nurlina@carpediem.com.sg,
200600000020,EP05015,BRIDGE LEARNING (CHOA CHU KANG),EI,Early Intervention Programmes,20.0,JURONG WEST STREET 93,4.0,5.0,JURONG WEST SPORTS&RECREATIONCTR,648965,,areena@bridgelearning.com.sg,
2006000018,WP0733,LEARNING VISION @ WORK PTE. LTD.,CC,Childcare Centre,0.0,"UPPER BASEMENT LEVEL, WEST WING,",,,SINGAPORE CHANGI AIRPORT,819642,86682519.0,NurJulianaAbdullah@learningvision.com,
2006000017,WP0732,KINDERLAND PRESCHOOL,CC,Childcare Centre,18.0,HAVELOCK ROAD,1.0,18.0,MINISTRY OF MANPOWER BUILDING,59764,65326838.0,kesmom@kinderland.com.sg,
2006000013,PT8374,PAT'S SCHOOLHOUSE PTE. LTD.,CC,Childcare Centre,19.0,UPPER WILKIE ROAD,,,,228126,63382768.0,laurentan@patschoolhouse.com,
2006000016,PT8377,CHERIE HEARTS NURTURE COTTAGE PTE. LTD.,CC,Childcare Centre,19.0,JALAN MATA AYER,,,SEMBAWANG PARK,759100,64811396.0,eliza.low@cheriehearts.sg,
2006000015,PT8376,SUNFLOWER BABY HOUSE PTE. LTD.,CC,Childcare Centre,200.0,TURF CLUB ROAD,4.0,1.0,THE GRANDSTAND,287994,64631303.0,sunflowerbabyhouse@yahoo.com.sg,
2006000014,PT8375,MLC (BEDOK RESERVOIR) PTE. LTD.,CC,Childcare Centre,718.0,BEDOK RESERVOIR ROAD,1.0,4572.0,,470718,64463393.0,admin718@mylittlecampus.com.sg,
200900000263,9402420,SUMMIT MEDICAL CLINIC,HC,Healthcare Institution,632.0,ANG MO KIO AVE 4,1.0,956.0,,560632,64560060.0,amksummit@live.com.sg,
200900000262,9403277,BL MEDICAL ASSOCIATES,HC,Healthcare Institution,2.0,SCIENCE PARK DRIVE,1.0,10.0,ASCENT,118222,62651052.0,doctor@blmedicalassociates.com,
200900000260,9401857,MEDILINE WEI MIN CLINIC,HC,Healthcare Institution,14.0,KENSINGTON PARK ROAD,,,,557265,62886029.0,eugene.loke@mac.com,
200900000259,9405345,ETERN MEDICAL CLINIC (SENGKANG),HC,Healthcare Institution,33.0,SENGKANG WEST AVENUE,3.0,33.0,THE SELETAR MALL,797653,65257255.0,eternmedical@singnet.com.sg,
200900000257,9400669,HENG EYE CLINIC AND SURGERY,HC,Healthcare Institution,6.0,NAPIER ROAD,5.0,9.0,GLENEAGLES MEDICAL CENTRE,258499,64797500.0,,
200900000256,9400670,HENG EYE CLINIC AND SURGERY,HC,Healthcare Institution,3.0,MT ELIZABETH,14.0,9.0,MOUNT ELIZABETH MEDICAL CENTRE,228510,67357331.0,,
200900000255,9401348,PUBLIC MEDICAL CLINIC & SURGERY,HC,Healthcare Institution,664.0,YISHUN AVE 4,1.0,275.0,,760664,67556539.0,cmwong21@yahoo.com,
200900000254,9404983,BRACES & AESTHETICS DENTAL CLINIC PTE LTD,HC,Healthcare Institution,10.0,SINARAN DRIVE,10.0,36.0,SQUARE 2,307506,67322706.0,braces_aesthetics@yahoo.com,
200900000253,9404061,ISLAND MEDICAL CLINIC,HC,Healthcare Institution,55.0,NEWTON ROAD,2.0,7.0,REVENUE HOUSE,307987,62550900.0,kptay8@gmail.com,
200900000252,9405211,ORCHARD SURGERY CENTER,HC,Healthcare Institution,290.0,ORCHARD ROAD,16.0,,THE PARAGON,238859,68875655.0,rita@orchardsurgery.sg,
200900000251,9404283,VISTA (NORTHEAST) SURGERY & LASER CENTRE,HC,Healthcare Institution,5.0,SENGKANG SQUARE,2.0,1.0,SENGKANG MRT STATION,545062,68755911.0,drlimks@yahoo.com,
200900000250,9400215,CHEN FAMILY CLINIC,HC,Healthcare Institution,153.0,SERANGOON NORTH AVE 1,1.0,490.0,,550153,62812212.0,sschen@asianet.sg,
200900000248,9405546,NIKS MAPLE LASER CLINIC,HC,Healthcare Institution,181.0,ORCHARD ROAD,5.0,34.0,ORCHARD CENTRAL,238896,62359428.0,,
200900000247,9403967,NIKS MAPLE CLINIC,HC,Healthcare Institution,825.0,TAMPINES STREET 81,1.0,64.0,,520825,67839038.0,,
200900000246,9402337,PRAISE FAMILY CLINIC,HC,Healthcare Institution,717.0,TAMPINES ST 72,1.0,75.0,,520717,67843785.0,praiseclinic@yahoo.com.sg,
200900000245,9402554,HAPPY BABY AND CHILD CLINIC PTE LTD,HC,Healthcare Institution,319.0,JOO CHIAT PLACE,3.0,6.0,PARKWAY EAST MEDICAL CENTRE,427989,63451819.0,happybabyclinic@gmail.com,
2008000088,PT8546,JUST KIDS @ TAMPINES PTE. LTD.,CC,Childcare Centre,305.0,TAMPINES STREET 32,1.0,80.0,,520305,67843833.0,TAMPINES@JUSTKIDS.COM.SG,
2008000089,PT8547,HAPPY FAMILY EDU-HUB PTE. LTD.,CC,Childcare Centre,,TAMPINES STREET 43,1.0,334.0,,524493,67877898.0,tphappyfamily@hotmail.com,
2008000090,PT8548,MODERN MONTESSORI PRESCHOOL CENTRE,CC,Childcare Centre,368.0,BUKIT BATOK STREET 31,1.0,485.0,,650368,65655898.0,bukitbatok@modern-montessori.com,
2008000083,EP05024,BRAINFIT STUDIO PTE LTD,EI,Early Intervention Programmes,,193/195/197 THOMSON ROAD,,,GOLDHILL CENTRE,307633,67373511.0,boonkeong.lim@brainfitstudio.com,
2008000082,9403254,MUTUAL HEALTHCARE MEDICAL CLINIC,HC,Healthcare Institution,,PUNGGOL FIELD,1.0,546.0,,821106,63155036.0,wth@sma.org.sg,
2008000081,9404292,MUTUAL HEALTHCARE MEDICAL CLINIC,HC,Healthcare Institution,,COMPASSVALE LANE,1.0,53.0,,541205,65473593.0,wth@sma.org.sg,
2008000080,9403190,MUTUAL HEALTHCARE MEDICAL CLINIC,HC,Healthcare Institution,,ANCHORVALE DR,1.0,92.0,,542319,64893833.0,wth@sma.org.sg,
2008000079,11C0024,LONDON (MH) CLINIC & SURGERY,HC,Healthcare Institution,104.0,HOUGANG AVE 1,1.0,1123.0,,530104,62807262.0,ngweiseng@hotmail.com,
2008000078,9404793,K O CHAN EAR NOSE THROAT SINUS & SLEEP CENTRE,HC,Healthcare Institution,10.0,SINARAN DRIVE,10.0,11.0,NOVENA MEDICAL CENTER (SQUARE 2),307506,63976454.0,,
2008000077,9404497,HEALTHMARK MEDICAL CLINIC,HC,Healthcare Institution,639.0,PUNGGOL DRIVE,1.0,6.0,,820639,68756696.0,chngwoei@mac.com,
2008000073,PT8541,CHERIE HEARTS KIDS-AT-PLAY PTE. LTD.,CC,Childcare Centre,34.0,WESTLAKE AVENUE,,,WEST LAKE GARDEN,574245,63524889.0,elaine.kng@cheriehearts.com.sg,
200700000279,9402544,STERLING FAMILY CLINIC,HC,Healthcare Institution,84.0,BEDOK NORTH ST 4,1.0,41.0,,460084,68761654.0,,
200700000275,9400652,HEALTHCARE FAMILY CLINIC & SURGERY,HC,Healthcare Institution,403.0,SIN MING AVE,1.0,311.0,,570403,64542373.0,,
200700000276,9404027,DENTALPLUS CLINIC,HC,Healthcare Institution,,TELOK BLANGAH STREET 32,1.0,21.0,,102078,62706800.0,dentalplusclinic@yahoo.com,
200700000273,9400487,ESTHER YEO CLINIC,HC,Healthcare Institution,256.0,JURONG EAST ST 24,1.0,389.0,,600256,65652822.0,acjtan@hotmail.com,
200700000272,9400756,JO-LIN FAMILY CLINIC & SURGERY,HC,Healthcare Institution,533.0,CHOA CHU KANG ST 51,1.0,29.0,LIMBANG SHOPPING CENTRE,680533,67606014.0,JOLINPL@HOTMAIL.COM,
200700000271,9400017,ACE DENTAL CENTRE,HC,Healthcare Institution,338.0,ANG MO KIO AVE 1,1.0,1669.0,,560338,92251960.0,,
200700000270,9403654,KIDS CLINIC @ MT ALVERNIA,HC,Healthcare Institution,820.0,THOMSON ROAD,2.0,2.0,MOUNT ALVERNIA MEDICAL CENTRE BL,574623,63568143.0,,
200700000268,9402153,OXFORD MEDICAL CENTRE,HC,Healthcare Institution,735.0,PASIR RIS ST 72,2.0,330.0,PASIR RIS WEST PLAZA,510735,65851496.0,,
200700000266,9400974,LIM CLINIC & SURGERY,HC,Healthcare Institution,20.0,CHAI CHEE ROAD,1.0,,,461020,62412211.0,limclinic@gmail.com,
200700000267,9404432,UNITY DENTICARE,HC,Healthcare Institution,53.0,ANG MO KIO AVENUE 3,3.0,17.0,AMK HUB,569933,64835618.0,dcenquiry@ntuchealthcare.com.sg,
200700000260,9403219,TEBAN GARDEN CLINIC,HC,Healthcare Institution,61.0,TEBAN GARDENS RD,1.0,1.0,,600061,65619052.0,tebanclinic@gmail.com,
200700000264,PT9722,LITTLE HANDS MONTESSORI KINDERGARTEN,KN,Kindergarten,,2A PATERSON HILL,,,,238565,96717346.0,littleraindrops@singnet.com.sg,
200700000262,9400534,FOCUS MEDICAL CENTRE,HC,Healthcare Institution,137.0,TECK WHYE LANE,1.0,329.0,TECK WHYE SHOPPING CENTRE,680137,67692822.0,focusmed@singnet.com.sg,
200700000261,9400055,APEX MEDICAL CENTRE (JURONG) PTE LTD,HC,Healthcare Institution,960.0,JURONG WEST ST 92,1.0,172.0,,640960,67912292.0,ctling@hotmail.com,
200700000253,9403953,ELIZABETH KIDS CLINIC,HC,Healthcare Institution,290.0,ORCHARD ROAD,6.0,8.0,PARAGON,238859,67366331.0,ekhor@elizabethkidsclinic.com,
200700000259,9405237,ACUMED MEDICAL GROUP,HC,Healthcare Institution,111.0,WOODLANDS STREET 13,1.0,78.0,,730111,63627789.0,enquiry@acumed.com.sg,
200700000258,9405235,ACUMED MEDICAL GROUP,HC,Healthcare Institution,38.0,TEBAN GARDENS ROAD,1.0,,,600038,65619366.0,enquiry@acumed.com.sg,
200700000257,9405239,ACUMED MEDICAL GROUP,HC,Healthcare Institution,64.0,YUNG KUANG ROAD,1.0,,,610064,62656422.0,enquiry@acumed.com.sg,
200600000010,PT9649,MONTESSORI CHILDREN'S HOUSE,KN,Kindergarten,886.0,OLD HOLLAND ROAD,,,,278685,64688372.0,MontessoriCH@gmail.com,
2006000006,RC1712,CHEN SU LAN METHODIST CHILDREN'S HOME (CHILD CARE DIVISION),CC,Childcare Centre,202.0,SERANGOON GARDEN WAY,,,CHEN SU LAN METHODIST CHILDREN'S,556057,67139151.0,jenny@cslmch.org.sg,
2006000002,PT8369,ACEKIDZ CREATIVE EDUCARE,CC,Childcare Centre,924.0,HOUGANG AVENUE 9,1.0,60.0,,530924,67266311.0,hougang@acekidz.sg,
200500000133,RC1801,AL-MUKMININ MOSQUE KINDERGARTEN,KN,Kindergarten,271.0,JURONG EAST STREET 21,,,MASJID AL-MUKMININ,609603,68999068.0,principal@almukminin.mosque.org.sg,
2005000130,EP05020,AWWA LTD,EI,Early Intervention Programmes,11.0,LORONG NAPIRI,,,,547532,65115280.0,anni_tan@awwa.org.sg,
200500000124,NT0472,MY FIRST SKOOL,CC,Childcare Centre,166.0,PUNGGOL CENTRAL,1.0,1.0,MULTI STOREY CAR PARK,820166,66349989.0,info@myfirstskool.com,
2005000127,PT8365,SHEFFIELD KIDSWORLD (WLDS) PTE. LTD.,CC,Childcare Centre,660.0,WOODLANDS RING ROAD,1.0,132.0,,730660,63640108.0,skw@sheffieldkidsworld.com,
200900000244,9404340,YSL BEDOK CLINIC & SURGERY PTE LTD,HC,Healthcare Institution,539.0,BEDOK NORTH STREET 3,1.0,631.0,,460539,62452684.0,yslbedok@singnet.com.sg,
200900000243,9404662,MEDICAL AND DENTAL CENTRE @ COMMONWEALTH,HC,Healthcare Institution,88.0,TANGLIN HALT ROAD,1.0,3.0,MULTI STOREY CAR PARK,141088,64756116.0,med.commonwealth@gmail.com,
200900000242,9403191,ORANGE DENTAL CLINIC,HC,Healthcare Institution,160.0,YISHUN ST 11,1.0,210.0,,760160,67555106.0,orangedc@gmail.com,
200900000241,13C0184,THE DENTAL PRACTICE (BEDOK) PTE LTD,HC,Healthcare Institution,746.0,BEDOK RESERVOIR ROAD,1.0,3007.0,,470746,62425626.0,the_dentalpractice@yahoo.com,
200900000240,9404689,CHILD AND CARDIOLOGY PRACTICE,HC,Healthcare Institution,290.0,ORCHARD ROAD,7.0,10.0,PARAGON,238859,68873233.0,may@pediatrician.com,
200900000238,9405700,WHITE DENTAL GROUP,HC,Healthcare Institution,271.0,BUKIT TIMAH RD,,3.0,BALMORAL PLAZA,259708,67330268.0,whiteden@singnet.com.sg,
200900000237,9404411,MEDICARE ASSOCIATES,HC,Healthcare Institution,482.0,TAMPINES AVE 9 ST 43,1.0,236.0,,520482,67880137.0,medicare.a@hotmail.com,
200900000236,9404129,EASTERN HOUGANG EYE SPECIALIST,HC,Healthcare Institution,201.0,HOUGANG STREET 21,1.0,3.0,,530201,63877666.0,,
200900000235,9405729,DOVER MEDICAL CENTRE,HC,Healthcare Institution,1.0,FUSIONOPOLIS WAY,3.0,5.0,CONNEXIS,138632,67756266.0,dovermc@singnet.com.sg,
200900000234,9403385,DOROTHY'S BABY & CHILD CLINIC,HC,Healthcare Institution,1.0,JALAN ANAK BUKIT,2.0,20.0,BUKIT TIMAH PLAZA,588996,64689803.0,,
200900000233,PT9600,CAVENUR KINDERGARTEN PTE LTD,KN,Kindergarten,741.0,TAMPINES STREET 72,1.0,74.0,,520741,94231224.0,Haniah@cavenur.edu.sg,
200900000232,9403575,KAI MEDICAL CLINIC,HC,Healthcare Institution,5.0,TAMPINES STREET 32,2.0,5.0,TAMPINES MART,529284,67891112.0,kaimedicalclinic@yahoo.com.sg,
200900000231,9405063,WEST COAST DENTAL CLINIC PTE LTD,HC,Healthcare Institution,154.0,WEST COAST ROAD,2.0,,WEST COAST PLAZA,127371,67759868.0,westcoastdental@singnet.com.sg,
200900000229,9405245,WESLEY FAMILY CLINIC AND SURGERY,HC,Healthcare Institution,265.0,BUKIT BATOK EAST AVENUE 4,1.0,397.0,,650265,65613133.0,,
200900000228,9405255,YAP MEDICARE CLINIC & SURGERY,HC,Healthcare Institution,8.0,EMPRESS RD,1.0,3.0,,260008,64712338.0,dryapbw@yahoo.com,
200900000227,9404972,BLISS DENTAL (HOUGANG),HC,Healthcare Institution,1.0,HOUGANG STREET 91,1.0,,HOUGANG 1,538692,63122555.0,,
200900000226,9402399,ANN ARBOR DENTAL SURGERY PTE LTD,HC,Healthcare Institution,,TAMPINES ST 32,2.0,6.0,TAMPINES MART,529284,67887827.0,,
2008900001,IN201558,THE GREAT EASTERN LIFE ASSURANCE COMPANY LIMITED,IN,Insurance,1.0,PICKERING STREET,13.0,1.0,GREAT EASTERN CENTRE,48659,62482888.0,wecare-sg@greateasternlife.com,
200800000071,9403178,KIDSLINK CHILDREN'S CLINIC,HC,Healthcare Institution,237.0,COMPASSVALE WALK,1.0,532.0,,540237,63884466.0,jtheng@yahoo.com,
200800000068,9403556,KIDSLINK CHILDREN'S CLINIC PTE LTD,HC,Healthcare Institution,309.0,CHOA CHU KANG AVENUE 4,4.0,,CHOA CHU KANG CENTRE,680309,63100900.0,winstonng63@yahoo.com,
200800000067,9405334,ADVANCE CLINIC & PARTNERS PTE LTD,HC,Healthcare Institution,301.0,UBI AVENUE 1,1.0,269.0,,400301,67421156.0,80000000@bb.com,
200800000056,9404797,EPISMILE (NOVENA) DENTAL GROUP PTE LTD,HC,Healthcare Institution,10.0,SINARAN DRIVE,9.0,34.0,NOVENA MEDICAL CENTER,307506,63977097.0,,
2008000066,9402326,LAM DENTAL SURGERY PTE LTD,HC,Healthcare Institution,1.0,GRANGE ROAD,10.0,1.0,ORCHARD BUILDING,239693,62350646.0,,
200800000057,PT8531,PRE-SCHOOL BY-THE-PARK (DUNEARN) PTE LTD,CC,Childcare Centre,822.0,DUNEARN ROAD,,,SWISS CLUB PARK,589445,64681180.0,DUNEARN@BYTHEPARK.COM.SG,
2008000060,PT8534,LITTLE EXPLORERS COVE @ BOON LAY,CC,Childcare Centre,88.0,BOON LAY PLACE,,,HOCKEY VILLAGE,649883,68981101.0,VITHYAKG@GMAIL.COM,
2008000061,PT8535,SCHOOLHOUSE BY THE BAY PTE. LTD.,CC,Childcare Centre,51.0,KAMPONG ARANG ROAD,,,KATONG COMMUNITY CENTRE,438178,63484223.0,rgill@schoolhouse.com.sg,
2008000065,PT8539,CHERIE HEARTS JUSTKIDZ PTE. LTD.,CC,Childcare Centre,721.0,JURONG WEST AVENUE 5,1.0,110.0,,640721,67910542.0,jaslyn.teo@cheriehearts.sg,
200700000256,9405234,ACUMED MEDICAL GROUP,HC,Healthcare Institution,1.0,JURONG WEST CENTRAL 2,,,JURONG POINT SHOPPING CENTRE,648886,67923822.0,enquiry@acumed.com.sg,
200700000254,9403984,HEALTHMARK FAMILY MEDICINE CLINIC,HC,Healthcare Institution,601.0,CHOA CHU KANG ST 62,1.0,9.0,,680601,67672281.0,tysiaw@gmail.com,
200700000249,9403159,SINGHEALTH POLYCLINICS,HC,Healthcare Institution,1.0,PASIR RIS DRIVE 4,1.0,11.0,,519457,66436969.0,singhealthpolyclinics@singhealth.com.sg,
200700000250,9403123,NATIONAL HEALTHCARE GROUP POLYCLINICS (YISHUN),HC,Healthcare Institution,2.0,YISHUN AVENUE 9,1.0,1.0,YISHUN POLYCLINIC,768898,63553000.0,,
200700000235,9405111,NATIONAL HEALTHCARE GROUP POLYCLINICS (ANG MO KIO),HC,Healthcare Institution,21.0,ANG MO KIO CENTRAL 2,,,ANG MO KIO POLYCLINIC,569666,63553000.0,,
200700000236,9403124,SINGHEALTH POLYCLINICS,HC,Healthcare Institution,11.0,BEDOK NORTH ST 1,2.0,,HEARTBEAT@BEDOK,469662,66436969.0,singhealthpolyclinics@singhealth.com.sg,
200700000234,EP06039,BUBBLEBEE,EI,Early Intervention Programmes,19.0,TANGLIN ROAD,6.0,,TANGLIN SHOPPING CENTRE,247909,67336163.0,info@bubblebee.com.sg,
200700000240,9403125,SINGHEALTH POLYCLINICS,HC,Healthcare Institution,163.0,BUKIT MERAH CENTRAL,4.0,,,150163,66436969.0,singhealthpolyclinics@singhealth.com.sg,
200700000241,9403119,NATIONAL HEALTHCARE GROUP POLYCLINICS (HOUGANG),HC,Healthcare Institution,89.0,HOUGANG AVE 4,,,,538829,63553000.0,,
200700000245,9403121,NATIONAL HEALTHCARE GROUP POLYCLINICS (TOA PAYOH),HC,Healthcare Institution,2003.0,TOA PAYOH LOR 8,,,,319260,63553000.0,,
200700000246,9403130,SINGHEALTH POLYCLINICS,HC,Healthcare Institution,3.0,SECOND HOSPITAL AVENUE,0.0,0.0,LEVEL 2 HEALTH PROMOTION BOARD B,168937,66436969.0,singhealthpolyclinics@singhealth.com.sg,
200700000248,9403122,NATIONAL HEALTHCARE GROUP POLYCLINICS (WOODLANDS),HC,Healthcare Institution,10.0,WOODLANDS ST 31,,,WOODLANDS POLYCLINIC,738579,63553000.0,,
200500000123,PT8364,SUNFLOWER KINDERHUB LLP,CC,Childcare Centre,,STRATTON ROAD,,,,806787,64846781.0,jennie@sunflowerkinderhub.com.sg,
2005000122,EP05022,COMMUNICATION FOR LIFE PTE LTD,EI,Early Intervention Programmes,46.0,EAST COAST ROAD,9.0,,EASTGATE,428766,68933171.0,COM4LIFE@SINGNET.COM.SG,
2005000121,WP0731,CHERIE HEARTS PRESCHOOL PTE. LTD.,CC,Childcare Centre,8.0,KALLANG SECTOR,2.0,0.0,,349282,67498049.0,kyojin1818@gmail.com,
2005000120,PT8361,EDUCA-ZION GROUP PTE. LTD.,CC,Childcare Centre,108.0,DEPOT ROAD,2.0,5.0,DEPOT HEIGHTS SHOPPING CENTRE,100108,62716692.0,educa_zion@yahoo.com.sg,
2005000118,PT8359,BAMBINI CHILDCARE LLP,CC,Childcare Centre,3.0,JALAN KAKATUA,,,JURONG PARK,598523,64687790.0,bambinichildaread@gmail.com,
200500000115,PT9665,IMAN KINDERGARTEN (TENAGAVILLE) PTE LTD,KN,Kindergarten,651.0,JALAN TENAGA,1.0,4.0,EUNOS DAMAI VILLE,410651,96837473.0,sharmilah@IMAN.EDU.SG,
2005000108,PT8352,SUNSHINE KIDS EDUCARE PRIVATE LIMITED,CC,Childcare Centre,321.0,HOUGANG AVENUE 5,1.0,38.0,,530321,81689028.0,AngAnnNa@Gmail.Com,
2005000107,PT8351,ETONHOUSE PRE-SCHOOL PTE LTD,CC,Childcare Centre,717.0,MOUNTBATTEN ROAD,,,,437737,64400777.0,doreen.wong@etonhouse.edu.sg,
2005000106,PT8350,JUST KIDS @MARINE PARADE PTE. LTD.,CC,Childcare Centre,50.0,MARINE TERRACE,2.0,265.0,MARINE PARADE DISTRICT HALL,440050,64410050.0,mp@justkids.com.sg,
200500000102,NT0471,MY FIRST SKOOL,CC,Childcare Centre,,WOODLANDS DRIVE 75,1.0,44.0,,733688,66349989.0,info@myfirstskool.com,
200900000225,9404498,VOON EYE CLINIC PTE LTD,HC,Healthcare Institution,35.0,SELEGIE ROAD,4.0,8.0,PARKLANE SHOPPING MALL,188307,63383374.0,vooneyeclinic@yahoo.com.sg,
200900000224,9403624,TNG FAMILY CLINIC,HC,Healthcare Institution,347.0,ANG MO KIO AVE 3,1.0,2126.0,,560347,64541203.0,tngweichiang@singnet.com.sg,
200900000223,9405242,ACUMED MEDICAL GROUP,HC,Healthcare Institution,214.0,BEDOK NORTH STREET 1,1.0,165.0,,460214,64438077.0,enquiry@acumed.com.sg,
200900000222,9405241,ACUMED MEDICAL GROUP,HC,Healthcare Institution,301.0,BOON LAY WAY,1.0,,BOON LAY MRT STATION,649846,65159919.0,enquiry@acumed.com.sg,
200900000221,9405348,FAMILY HEALTHCARE CLINIC & SURGERY PTE LTD,HC,Healthcare Institution,523.0,HOUGANG AVE 6,1.0,119.0,,530523,63871120.0,famhcs@yahoo.com.sg,
200900000220,9405271,LEE FAMILY CLINIC PTE. LTD.,HC,Healthcare Institution,762.0,JURONG WEST STREET 75,2.0,262.0,GEK POH SHOPPING CENTRE,640762,67940217.0,twshir@singnet.com.sg,
200900000219,9402231,MEDIPOINT MEDICAL CENTRE (PONGGOL BRANCH),HC,Healthcare Institution,401.0,HOUGANG AVE 10,1.0,1170.0,,530401,63865046.0,teing_ping@yahoo.com.sg,
200900000218,9400956,LIFE-LINK CLINIC & SURGERY,HC,Healthcare Institution,446.0,PASIR RIS DR 6,1.0,120.0,,510446,65834402.0,,
200900000217,9401032,MACPHERSON MEDICAL CLINIC,HC,Healthcare Institution,78.0,CIRCUIT ROAD,1.0,488.0,,370078,67463913.0,MACPHERSONMC@YAHOO.COM.SG,
200900000215,9403792,YSL ALJUNIED CLINIC & SURGERY PTE LTD,HC,Healthcare Institution,5.0,UPPER ALJUNIED LANE,1.0,42.0,,360005,63430626.0,,
200900000214,9404567,BABY BEAR CHILDREN'S CLINIC,HC,Healthcare Institution,849.0,WOODLANDS STREET 82,1.0,209.0,,730849,62696928.0,,
200900000213,9402389,MT A DENTAL CENTRE,HC,Healthcare Institution,820.0,THOMSON ROAD,8.0,51.0,MOUNT ALVERNIA HOSPITAL MEDICAL,574623,62511189.0,specialistdental@singmail.com,
200900000212,9401684,THE EDINBURGH CLINIC,HC,Healthcare Institution,306.0,CHOA CHU KANG AVE 4,1.0,685.0,,680306,67634500.0,edinburgh@pacific.net.sg,
200900000211,9401481,SHENTON CLINIC,HC,Healthcare Institution,498.0,JURONG WEST ST 41,1.0,464.0,,640498,65654442.0,shentonc@gmail.com,
200900000210,9404840,NEWLIFE DENTAL PRACTICE PTE. LTD.,HC,Healthcare Institution,12.0,EU TONG SEN STREET,5.0,171.0,THE CENTRAL,59819,62222641.0,NEWLIFE_DENTAL_PRACTICE@HOTMAIL.COM,
200900000207,9404162,SMILEARTS DENTAL STUDIO,HC,Healthcare Institution,81.0,MARINE PARADE CENTRAL,1.0,632.0,,440081,63480824.0,smilearts@gmail.com,
200800000053,11C0035,KIDSLINK CHILDREN'S CLINIC,HC,Healthcare Institution,351.0,JURONG EAST STREET 31,1.0,91.0,,600351,65675600.0,jtheng@yahoo.com,
200800000054,9402690,KIDSLINK CHILDREN'S CLINIC,HC,Healthcare Institution,136.0,BEDOK NORTH AVE 3,1.0,154.0,,460136,62433243.0,whlimkdb17@yahoo.com,
200800000052,9404783,FRONTIER PEOPLE'S CLINIC,HC,Healthcare Institution,123.0,BEDOK NORTH STREET 2,1.0,152.0,,460123,64430261.0,admin@frontierhealthcare.com.sg,
200800000051,9404017,TP DENTAL SURGEONS PTE LTD,HC,Healthcare Institution,,ORCHARD ROAD,26.0,1.0,"THE PENTHOUSE, NGEE ANN CITY TOW",238874,67379011.0,singdent@singnet.com.sg,
200800000050,9404623,ALLIANCE CLINIC AND PARTNERS PTE LTD,HC,Healthcare Institution,652.0,JALAN TENAGA,1.0,50.0,,410652,68469585.0,,
2008000048,9404811,MY FAMILY CLINIC? (TOA PAYOH CENTRAL),HC,Healthcare Institution,,TOA PAYOH CENTRAL,1.0,53.0,,314079,62380301.0,mfctoapayoh@alliance.md,
200800000046,PT8529,STAR LEARNERS @ PASIR RIS PTE. LTD.,CC,Childcare Centre,76.0,PASIR RIS HEIGHTS,,,PASIR RIS BEACH PARK,519282,65837678.0,mengwei.tan@starlearners.com.sg,
200800000042,RC1843,HOPE COMMUNITY KINDERGARTEN - SEMBAWANG,KN,Kindergarten,55.0,SEMBAWANG DRIVE,,,,757614,98333920.0,crlkoh@yahoo.com.sg,
2008000033,PT8524,MINDCHAMPS PRESCHOOL @ TPY PTE. LIMITED,CC,Childcare Centre,490.0,LORONG 6 TOA PAYOH,5.0,12.0,HDB HUB,310490,68282648.0,shihuiyeong@mindchamps.org,
2008000034,PT8525,CARPE DIEM KINDERACE PTE. LTD.,CC,Childcare Centre,626.0,BUKIT BATOK CENTRAL,1.0,622.0,,650626,65677531.0,patricia@carpediem.com.sg,
2008000038,WP0739,THE LITTLE SKOOL-HOUSE INTERNATIONAL PTE LTD,CC,Childcare Centre,512.0,THOMSON ROAD,5.0,0.0,MCYS BUILDING,298136,62590273.0,linyy@littleskoolhouse.com,
200700000251,9403810,SINGHEALTH POLYCLINICS,HC,Healthcare Institution,2.0,SENGKANG SQUARE,1.0,6.0,SENGKANG COMMUNITY HUB,545025,66436969.0,singhealthpolyclinics@singhealth.com.sg,
200700000252,9403129,SINGHEALTH POLYCLINICS - TAMPINES,HC,Healthcare Institution,1.0,TAMPINES STREET 41,,,TAMPINES POLYCLINIC,529203,66436969.0,singhealthpolyclinics@singhealth.com.sg,
2007000229,9402745,FAMILY LIFE CLINIC,HC,Healthcare Institution,727.0,CLEMENTI WEST ST 2,1.0,264.0,,120727,67744678.0,lkcd@pacific.net.sg,
200700000230,2600000,MOUNT ELIZABETH HOSPITAL,HC,Healthcare Institution,3.0,MOUNT ELIZABETH,,,,228510,67372666.0,arabella.wong@parkway.sg,
200700000233,9403946,SUPREME DENTAL SURGERY,HC,Healthcare Institution,157.0,ANG MO KIO AVENUE 4,1.0,554.0,,560157,64529541.0,supremedental@singnet.com.sg,
200700000232,5000000,PARKWAY EAST HOSPITAL,HC,Healthcare Institution,321.0,JOO CHIAT PLACE,,,,427990,63447588.0,,
200700000231,3100000,GLENEAGLES HOSPITAL,HC,Healthcare Institution,,NAPIER ROAD,,,,258500,64737222.0,,
2007000225,PT8462,THE LITTLE SKOOL-HOUSE INTERNATIONAL PTE LTD,CC,Childcare Centre,53.0,ANG MO KIO AVENUE 3,3.0,22.0,,569933,68538131.0,jocelyn.lyl@littleskoolhouse.com,
2007000227,RC1716,GLOBAL CHILD DEVELOPMENT CENTRE,CC,Childcare Centre,620.0,WOODLANDS DRIVE 52,1.0,84.0,,730620,62699176.0,gcdc@jamiyah.org.sg,
200700000222,PT8458,MODERN MONTESSORI PRESCHOOL CENTRE,CC,Childcare Centre,6.0,BRIGHT HILL DRIVE,,,,579598,64511797.0,thomson@modern-montessori.com,
200700000220,9402576,THAI SHEN FAMILY CLINIC PTE LTD,HC,Healthcare Institution,84.0,BEDOK NORTH ST 4,1.0,65.0,,460084,64448134.0,leeching@singnet.com.sg,
200700000221,9404174,LUSUMU FAMILY CLINIC,HC,Healthcare Institution,530.0,BEDOK NORTH ST 3,1.0,638.0,,460530,64459910.0,schiewwan@hotmail.com,
200700000213,1300000,NATIONAL SKIN CENTRE,HC,Healthcare Institution,1.0,MANDALAY ROAD,,,,308205,62534455.0,,
200700000217,2900000,THOMSON MEDICAL CENTRE,HC,Healthcare Institution,339.0,THOMSON ROAD,,,,307677,62569494.0,vchia@thomsonmedical.com,
200700000218,9403131,STUDENT HEALTH CENTRE,HC,Healthcare Institution,3.0,SECOND HOSPITAL AVE,,,LEVEL 3 HEALTH PROMOTION BOARD,168937,64353895.0,,
200700000219,9403020,SCHOOL DENTAL CENTRE,HC,Healthcare Institution,3.0,SECOND HOSPITAL AVENUE,4.0,0.0,HEALTH PROMOTION BOARD,168937,64353782.0,vimmalla_vickrum_m@hpb.gov.sg,
2005000099,EP05012,KALEIDOSCOPE THERAPY CENTRE PTE LTD,EI,Early Intervention Programmes,200.0,TURF CLUB,7.0,,THE GRANDSTAND,287994,64688991.0,info@kaleidoscope.com.sg,
200500000096,EP05001,Eden Children's Centre (Clementi),EI,Early Intervention Programmes,374.0,CLEMENTI AVENUE 4,1.0,182.0,,120374,67736930.0,enquiry@autism-association.org.sg,
200500000095,SE201598,PATHLIGHT SCHOOL,SE,Special Education,5.0,ANG MO KIO AVENUE 10,,,,569739,64599951.0,queries@pathlight.org.sg,
200500000092,EP05011,KIDZ-PEDIATRIC OCCUPATIONAL THERAPY CONSULTANTS PTE LTD,EI,Early Intervention Programmes,19.0,TANGLIN ROAD,4.0,,TANGLIN SHOPPING CENTRE,247909,68875090.0,alvchan@kidz-potc.com.sg,
2005000089,EP05005,NUH CHILD DEVELOPMENT UNIT,EI,Early Intervention Programmes,60.0,JURONG WEST CENTRAL 3,2.0,0.0,,648346,66652530.0,paelowps@nus.edu.sg,
200500000091,SE201599,METTA SCHOOL,SE,Special Education,30.0,SIMEI STREET 1,,,,529949,67885800.0,enquiry@mettaschool.edu.sg,
200500000090,EP05010,SOCIETY FOR THE PHYSICALLY DISABLED,EI,Early Intervention Programmes,2.0,PENG NGUAN STREET,,,SPD CENTRE,168955,65790700.0,information@spd.org.sg,
2005000088,RC1710,MACPHERSON SHENG HONG CHILDCARE CENTRE,CC,Childcare Centre,175.0,MACPHERSON ROAD,,,,348537,68585862.0,principal@shenghong.org.sg,
2005000086,PT8344,DISCOVERY KIDZ PRESCHOOL PTE. LTD.,CC,Childcare Centre,13.0,BEDOK RIA PLACE,,,,489773,64487687.0,gracewang112@gmail.com,
200900000206,9402522,Lighthouse Clinic And Surgery,HC,Healthcare Institution,642.0,Bukit Batok Central,1.0,52.0,,650642,64251935.0,peckmhs@gmail.com,
200900000205,9403968,PACIFIC FAMILY CLINIC,HC,Healthcare Institution,,REDHILL ROAD,1.0,116.0,,154075,64740343.0,pfcpl@hotmail.com,
200900000201,9404315,ANTHONY'S BABY & CHILD CLINIC,HC,Healthcare Institution,327.0,HOUGANG AVENUE 5,1.0,160.0,,530327,62802122.0,akjchee@hotmail.com,
200900000200,9401001,LOI+WONG CLINIC & SURGERY,HC,Healthcare Institution,492.0,JURONG WEST ST 41,1.0,8.0,,640492,65626676.0,DRKLLOI@YAHOO.COM.SG,
200900000199,9403040,CHINATOWN MEDICAL CENTRE,HC,Healthcare Institution,531.0,UPPER CROSS STREET,2.0,64.0,HONG LIM COMPLEX,50531,65360988.0,chinatownmedicalcentre@gmail.com,
200900000198,9400524,FAMILY MEDICARE CLINIC & SURGERY,HC,Healthcare Institution,721.0,ANG MO KIO AVE 8,1.0,2815.0,,560721,64566582.0,ADMIN@FAMILYMEDICARE.COM,
200900000197,9403466,UNIVERSE DENTAL SURGERY PTE. LTD.,HC,Healthcare Institution,164.0,BUKIT BATOK ST 11,1.0,144.0,,650164,65664656.0,toh_tee_yong@hotmail.com,
200900000196,9400278,CHUA MEDICAL CENTRE PTE LTD,HC,Healthcare Institution,248.0,SIMEI ST 3,1.0,134.0,,520248,67853825.0,chua3003@singnet.com.sg,
200900000195,9400470,EE CLINIC,HC,Healthcare Institution,128.0,ANG MO KIO AVE 3,1.0,1859.0,,560128,64521042.0,eeclinic@singnet.com.sg,
200900000194,9405782,MAY MEDICAL CLINIC & SURGERY PTE LTD,HC,Healthcare Institution,41.0,HOLLAND DRIVE,1.0,19.0,,270041,67743318.0,maymedic@gmail.com,
200900000193,13C0095,DRS CHUA & PARTNERS (AV) PTE LTD,HC,Healthcare Institution,125.0,BUKIT MERAH LANE 1,1.0,174.0,,150125,63773179.0,dr@kevinchua.com.sg,
200900000192,9404887,THE DENTAL HUB (JURONG WEST),HC,Healthcare Institution,762.0,JURONG WEST STREET 75,2.0,254.0,GEK POH SHOPPING CENTRE,640762,63970284.0,dentaltrendz@gmail.com,
200900000191,9405177,THE DENTAL HUB (WEST COAST),HC,Healthcare Institution,154.0,WEST COAST ROAD,1.0,,WEST COAST PLAZA,127371,67758385.0,lvingvine@gmail.com,
200900000190,9402409,ESSENTIAL FAMILY CLINIC & SURGERY,HC,Healthcare Institution,,WOODLANDS DR 52,1.0,1.0,,731626,63668057.0,,
200900000188,PT8620,MODERN MONTESSORI PRE SCHOOL CENTRE,CC,Childcare Centre,248.0,COMPASSVALE ROAD,1.0,618.0,,540248,63883751.0,compassvale@modern-montessori.com,
200900000186,PT8617,CHERIE HEARTS KIDZ CAMPUS PTE. LTD.,CC,Childcare Centre,625.0,ELIAS ROAD,2.0,302.0,ELIAS MALL,510625,65838768.0,alantsk@hotmail.com,
2008000031,PT8522,BABIES BY-THE-PARK PTE. LTD.,CC,Childcare Centre,22.0,LI HWAN VIEW,,,GOLDEN HILL ESTATE,556912,63430943.0,lihwan@bythepark.com.sg,
200800000029,RC1893,HOPE COMMUNITY KINDERGARTEN (CHOA CHU KANG),KN,Kindergarten,21.0,CHOA CHU KANG AVENUE 2,1.0,,VICTORY FAMILY CENTRE,689907,90029771.0,danielchee@vfc.org,
200800000028,9404742,NOVENA SURGERY,HC,Healthcare Institution,10.0,SINARAN DRIVE,8.0,,NOVENA MEDICAL CENTRE @ SQUARE 2,307506,62549337.0,admin@novenasurgery.com.sg,
2008000027,PT9664,IMAN KINDERGARTEN (YISHUN) PTE LTD,KN,Kindergarten,934.0,YISHUN CENTRAL 1,1.0,57.0,,760934,67560041.0,nurul@iman.edu.sg,
2008000024,PT8518,GREENTREE MONTESSORI CHILDREN HUB PTE. LTD.,CC,Childcare Centre,45.0,JALAN MATA AYER,,,SEMBAWANG PARK,759130,91591322.0,greentreemontessori@gmail.com,
200800000021,9400337,Q & M DENTAL SURGERY (TOWNER ROAD),HC,Healthcare Institution,102.0,TOWNER RD,1.0,250.0,,322102,62998980.0,QandM@QandM.com.sg,
200800000020,9404355,DP DENTAL PTE LTD,HC,Healthcare Institution,205.0,HOUGANG ST 21,3.0,,HEARTLAND MALL,530205,62820122.0,louisa@dpdental.com.sg,
200800000019,9403382,BELINDA'S CLINIC FOR CHILDREN,HC,Healthcare Institution,3.0,MOUNT ELIZABETH,15.0,17.0,MT ELIZABETH MEDICAL CENTRE,228510,67345833.0,bclinic@singnet.com.sg,
200800000018,2800000,MOUNT ALVERNIA HOSPITAL,HC,Healthcare Institution,820.0,THOMSON ROAD,,,,574623,63476688.0,businessoffice@mtalvernia-hospital.org,
2008000017,9402701,EXCEL FAMILY CLINIC,HC,Healthcare Institution,21.0,HOUGANG ST 51,1.0,6.0,HOUGANG GREEN SHOPPING MALL,538719,63865278.0,exceldrs@yahoo.com.sg,
2008000015,PT8515,KIDZ KULTURE SCHOOLHOUSE PTE. LTD.,CC,Childcare Centre,743.0,BEDOK RESERVOIR ROAD,1.0,3081.0,,470743,62424274.0,kidzkulture@singnet.com.sg,
200700000212,9403468,ALEXANDRA FAMILY CLINIC & SURGERY,HC,Healthcare Institution,57.0,DAWSON ROAD,2.0,2.0,,142057,64797022.0,alexandrafcs@yahoo.com.sg,
200700000211,9402048,CHIA BABY AND CHILD CLINIC,HC,Healthcare Institution,431.0,CLEMENTI AVE 3,1.0,308.0,,120431,67767670.0,foonglinc@gmail.com,
200700000210,13C0044,DR CHUA AI LIAN ORTHODONTIC CLINIC,HC,Healthcare Institution,290.0,ORCHARD RD,11.0,6.0,PARAGON,238859,67389332.0,ailianchua@gmail.com,
200700000209,9401692,THE FAMILY MEDICAL CENTRE,HC,Healthcare Institution,411.0,YISHUN RING ROAD,1.0,1827.0,,760411,62574522.0,,
200700000208,PT8457,JUNIOR CHAMPS @ KOVAN PTE. LTD.,CC,Childcare Centre,205.0,HOUGANG STREET 21,4.0,0.0,HEARTLAND MALL- KOVAN,530205,62841600.0,enquiry.kv@juniorchamps.com.sg,
200700000205,0700000,KK WOMEN'S AND CHILDREN'S HOSPITAL,HC,Healthcare Institution,100.0,BUKIT TIMAH ROAD,,,,229899,62934044.0,billing.enquiries@kkh.com.sg,
200700000207,9405562,NATIONAL CANCER CENTRE SINGAPORE,HC,Healthcare Institution,11.0,HOSPITAL CRESCENT,,,,169610,64368000.0,,
200700000204,9400661,HEALTHWAY MEDICAL,HC,Healthcare Institution,417.0,YISHUN AVE 11,1.0,321.0,,760417,67537626.0,YVONNE.TAN@HEALTHWAYMEDICAL.COM,
200700000177,9405228,HEALTHWAY MEDICAL,HC,Healthcare Institution,118.0,RIVERVALE DRIVE,2.0,17.0,RIVERVALE PLAZA,540118,68812689.0,francis.tan@healthwaymedical.com,
200700000178,9405298,HEALTHWAY MEDICAL,HC,Healthcare Institution,960.0,JURONG WEST ST 92,1.0,166.0,,640960,67915680.0,francis.tan@healthwaymedical.com,
200700000179,9403530,HEALTHWAY MEDICAL,HC,Healthcare Institution,690.0,JURONG WEST CENTRAL 1,1.0,193.0,,640690,67891812.0,francis.tan@healthwaymedical.com,
200700000183,9404381,HEALTHWAY MEDICAL,HC,Healthcare Institution,727.0,CLEMENTI WEST  STREET 2,1.0,258.0,,120727,67745901.0,YVONNE.TAN@HEALTHWAYMEDICAL.COM,
200700000184,9404022,HEALTHWAY MEDICAL,HC,Healthcare Institution,267.0,COMPASSVALE LINK,1.0,4.0,,540267,63438770.0,francis.tan@healthwaymedical.com,
200700000163,1500000,SINGAPORE NATIONAL EYE CENTRE,HC,Healthcare Institution,11.0,THIRD HOSPITAL AVE,,,,168751,62277255.0,bert.Lee.kw@snec.com.sg,
200700000164,9403774,TANGLIN DENTAL SURGEONS,HC,Healthcare Institution,19.0,TANGLIN ROAD,6.0,22.0,TANGLIN SHOPPING CENTRE,247909,67332322.0,lewken@singnet.com.sg,
200700000166,9401131,HEALTHWAY MEDICAL,HC,Healthcare Institution,330.0,ANG MO KIO AVE 1,1.0,1803.0,,560330,65530100.0,francis.tan@healthwaymedical.com,
200700000167,9405302,HEALTHWAY MEDICAL,HC,Healthcare Institution,721.0,ANG MO KIO AVE 8,1.0,2801.0,,560721,64554629.0,francis.tan@healthwaymedical.com,
200700000168,9402301,HEALTHWAY MEDICAL,HC,Healthcare Institution,218.0,BEDOK NORTH ST 1,1.0,17.0,,460218,64410236.0,francis.tan@healthwaymedical.com,
2005000082,PT8340,ENFANT EDUCARE PTE LTD,CC,Childcare Centre,26.0,HORNE ROAD,2.0,0.0,B H BUILDING,209062,62949686.0,enfant@singnet.com.sg,
200500000081,PT7680,BUBBLESLAND PLAYHOUSE PTE LTD,CC,Childcare Centre,238.0,COMPASSVALE WALK,1.0,542.0,,540238,63885667.0,bubblesland@newera-educare.com.sg,
200500000079,EP05004,KK CHILD DEVELOPMENT UNIT,EI,Early Intervention Programmes,3.0,SECOND HOSPITAL AVENUE,,,"LEVEL 2, KK CHILD DEVELOPMENT UN",168937,63276906.0,HOLAIYUN@KKH.COM.SG,
200500000078,PT9663,CHATSWORTH PRESCHOOL,KN,Kindergarten,3.0,PICCADILLY CIRCUS,,,,797641,64815585.0,information.piccadilly@chatsworth.com.sg,
2005000077,EP05006,KIDS COVE PTE LTD,EI,Early Intervention Programmes,1023.0,UPPER SERANGOON ROAD,4.0,1.0,,534761,63542028.0,kidscove@gmail.com,
2005000072,PT8290,CARPE DIEM CHILDCARE PTE. LTD.,CC,Childcare Centre,318.0,BUKIT BATOK STREET 32,1.0,169.0,,650318,65662560.0,bb@carpediem.com.sg,
200500000069,EP05002,ARC WE CAN EARLY INTERVENTION PROGRAMME CENTRE,EI,Early Intervention Programmes,5.0,ANG MO KIO AVENUE 10,,,,569739,63233258.0,arc@autism.org.sg,
200500000068,EP05007,RAINBOW CENTRE,EI,Early Intervention Programmes,501.0,MARGARET DRIVE,,,,149306,64727077.0,rcmdss@pacific.net.sg,
200500000067,EP05008,RAINBOW CENTRE,EI,Early Intervention Programmes,15.0,YISHUN STREET 61,,,,768548,64822592.0,fauziah@rainbowcentre.org.sg,
200900000183,PT8613,CAMBRIDGE CDC @ BT PTE. LTD.,CC,Childcare Centre,19.0,TOH TUCK DRIVE,,,,596883,64639240.0,JELLYF15H@YAHOO.COM,
200900000182,9401856,WEE'S FAMILY CLINIC & SURGERY,HC,Healthcare Institution,88.0,WHAMPOA DR,1.0,865.0,,320088,62521231.0,drweecheechau@hotmail.com,
200900000181,9402287,PASIR RIS BABY AND CHILD CLINIC,HC,Healthcare Institution,625.0,ELIAS ROAD,2.0,322.0,,510625,84447360.0,ssktgy@singnet.com.sg,
200900000180,9400011,AMPM FAMILY CLINIC & SURGERY PTE. LTD.,HC,Healthcare Institution,123.0,TOA PAYOH LOR 1,1.0,521.0,,310123,62530917.0,ampmdrlimmy@yahoo.com.sg,
200900000179,EP05018,KITS4KIDS SPECIAL SCHOOL,EI,Early Intervention Programmes,107.0,TELOK KURAU LOR L,,,,425542,63458817.0,JESSICAWANG@KITS4KIDS.ORG,
200900000178,9401429,S LEE CLINIC,HC,Healthcare Institution,644.0,HOUGANG AVE 8,1.0,265.0,,530644,63861632.0,,
200900000177,9405250,CENTRAL 24-HR CLINIC (PASIR RIS),HC,Healthcare Institution,446.0,PASIR RIS DRIVE 6,1.0,122.0,,510446,65822640.0,priscilla@centralclinic.com.sg,
200900000175,9402620,FLOZZ DENTAL SURGERY,HC,Healthcare Institution,123.0,BUKIT MERAH LANE 1,1.0,96.0,,150123,62765281.0,huicheewah@gmail.com,
200900000173,9400749,JAPAN CLINIC AND SURGERY,HC,Healthcare Institution,802.0,FRENCH RD,1.0,55.0,,200802,62984517.0,jc802@singnet.com.sg,
200900000172,9400441,E.J. TAN CLINIC & SURGERY,HC,Healthcare Institution,104.0,JURONG EAST ST 13,1.0,100.0,,600104,6560660.0,,
200900000171,9400886,L & L FAMILY MEDICINE CLINIC,HC,Healthcare Institution,6.0,SIN MING ROAD,1.0,7.0,SIN MING PLAZA TOWER 2,575585,64588001.0,llclinic@outlook.com,
200900000169,9405310,MEDILINE WEI MIN CLINIC,HC,Healthcare Institution,81.0,MARINE PARADE CENTRAL,1.0,634.0,,440081,62479221.0,drleechiennien@hotmail.com,
200900000168,SE201556,CHAOYANG SCHOOL,SE,Special Education,18.0,ANG MO KIO AVE 9,,,,569767,64566922.0,cys@apsn.org.sg,
200900000167,9405100,AESTHETIC RECONSTRUCTIVE JAW SURGERY,HC,Healthcare Institution,3.0,MOUNT ELIZABETH,4.0,5.0,MOUNT ELIZABETH MEDICAL CENTRE,228510,67384351.0,info@aestheticjawsurgery.com,
200900000166,EP05016,APCOT EDUCATIONAL CENTRE PTE LTD,EI,Early Intervention Programmes,135.0,JURONG EAST ST 13,4.0,339.0,,600135,65670080.0,info@apcot.com.sg,
2008000016,PT8516,LEARNING VISION @ WORK PTE. LTD.,CC,Childcare Centre,137.0,CECIL STREET,3.0,1.0,HENGDA BUILDING,69537,62210896.0,GuiPingToh@learningvision.com,
2008000013,EP07039,THERAPY SERVICES NETWORK,EI,Early Intervention Programmes,60.0,DAISY AVENUE,,,,359536,68582633.0,THERAPYNETWORK@SINGNET.COM.SG,
2008000010,PT8512,STAR LEARNERS @ WOODLANDS 888 PTE LTD,CC,Childcare Centre,888.0,WOODLANDS DRIVE 50,2.0,741.0,888 PLAZA,730888,62500173.0,mengwei.tan@starlearners.com.sg,
200800000006,9400664,HEALTHWISE MEDICAL CLINIC & SURGERY,HC,Healthcare Institution,41.0,JALAN TIGA,1.0,7.0,,390041,62412889.0,,
2008000005,9404547,ANSON INTERNATIONAL PAEDIATRIC & CHILD DEVELOPMENT CLINIC,HC,Healthcare Institution,290.0,ORCHARD ROAD,13.0,7.0,PARAGON,238859,68362802.0,kahlow@gmail.com,
2008000002,PT8508,THE LITTLE SKOOL-HOUSE INTERNATIONAL PTE LTD,CC,Childcare Centre,170.0,GHIM MOH ROAD,,,ULU PANDAN COMMUNITY CENTRE,279621,64683725.0,chayyh@littleskoolhouse.com,
2008000003,PT8509,CARPE DIEM MI SCHOOLHOUSE PTE. LTD.,CC,Childcare Centre,954.0,HOUGANG AVENUE 9,1.0,536.0,,530954,63854011.0,HG@CARPEDIEM.COM.SG,
200700000533,PT9635,LUMIERE MONTESSORI HOUSE PTE LTD,KN,Kindergarten,,WOLSKEL ROAD,,64.0,,357971,92343324.0,serenebkx@gmail.com,
2007000531,9404426,BUKIT TIMAH NAM SENG DENTAL SURGERY PTE LTD,HC,Healthcare Institution,144.0,UPPER BUKIT TIMAH ROAD,1.0,16.0,BEAUTY WORLD CENTRE,588177,64660043.0,ns_dental@yahoo.com,
200700000532,RC1828,EDELWEISS KINDERGARTEN SEMBAWANG PRESBYTERIAN CHURCH,KN,Kindergarten,,JALAN JERUJU,,,SEMBAWANG PRESBYTERIAN CHURCH,768443,62575226.0,edelweiss.kindergarten@gmail.com,
2007000529,PT8505,KINDERCARE CENTRE LLP,CC,Childcare Centre,,WOODLANDS DRIVE 14,1.0,26.0,,731502,63646866.0,joho@kindercarecentre.com.sg,
200700000171,9402033,HEALTHWAY MEDICAL,HC,Healthcare Institution,153.0,BUKIT BATOK ST 11,1.0,284.0,,650153,65679881.0,francis.tan@healthwaymedical.com,
200700000172,PT9638,MFC KINDERGARTEN,KN,Kindergarten,43.0,NEWTON ROAD,,,,307970,62563952.0,IRENE.TAN@MONTESSORI.EDU.SG,
200700000173,9405303,HEALTHWAY MEDICAL,HC,Healthcare Institution,445.0,FAJAR ROAD,2.0,534.0,FAJAR SHOPPING CENTRE,670445,67630600.0,francis.tan@healthwaymedical.com,
200700000185,9401921,YANG & YAP CLINIC AND SURGERY (PTE LTD) / DR YANG ING HONG MEDICAL AND AESTHETIC CLINIC,HC,Healthcare Institution,537.0,BEDOK NORTH ST 3,1.0,571.0,,460537,64499946.0,theresa.yap@gmail.com,
200700000187,9405355,HEALTHWAY MEDICAL,HC,Healthcare Institution,710.0,TAMPINES ST 71,1.0,134.0,,520710,62609081.0,francis.tan@healthwaymedical.com,
200700000193,9404285,HEALTHWAY MEDICAL,HC,Healthcare Institution,10.0,SINARAN DRIVE,9.0,36.0,NOVENA MEDICAL CENTER,307506,63528696.0,YVONNE.TAN@HEALTHWAYMEDICAL.COM,
200700000189,9402197,HEALTHWAY MEDICAL,HC,Healthcare Institution,108.0,HOUGANG AVE 1,1.0,1299.0,,530108,62849692.0,,
200700000196,9405243,HEALTHWAY MEDICAL,HC,Healthcare Institution,625.0,ELIAS RD,1.0,322.0,ELIAS MALL,510625,65846822.0,YVONNE.TAN@HEALTHWAYMEDICAL.COM,
200700000198,9404131,HEALTHWAY MEDICAL,HC,Healthcare Institution,168.0,PUNGGOL FIELD,2.0,,,820168,63153493.0,YVONNE.TAN@HEALTHWAYMEDICAL.COM,
200700000175,9404148,HEALTHWAY MEDICAL,HC,Healthcare Institution,90.0,HOUGANG AVENUE 10,4.0,6.0,HOUGANG MALL,538766,63437620.0,francis.tan@healthwaymedical.com,
200700000176,9405300,HEALTHWAY MEDICAL,HC,Healthcare Institution,475.0,CHOA CHU KANG AVE 3,2.0,3.0,SUNSHINE PLACE,680475,68926330.0,francis.tan@healthwaymedical.com,
200700000180,9405301,HEALTHWAY MEDICAL CLINIC,HC,Healthcare Institution,534.0,CHOA CHU KANG ST 51,1.0,37.0,LIMBANG SHOPPING CENTRE,680534,67622555.0,francis.tan@healthwaymedical.com,
200700000181,9404697,HEALTHWAY MEDICAL,HC,Healthcare Institution,,SHENTON WAY,2.0,15.0,DOWNTOWN GALLERY,68815,62202383.0,francis.tan@healthwaymedical.com,
200700000186,9400662,HEALTHWAY MEDICAL,HC,Healthcare Institution,110.0,LENGKONG TIGA,1.0,231.0,,410110,67494062.0,francis.tan@healthwaymedical.com,
200700000190,9404107,HEALTHWAY MEDICAL,HC,Healthcare Institution,503.0,TAMPINES CENTRAL 1,1.0,311.0,,520503,67890383.0,francis.tan@healthwaymedical.com,
200700000200,9404109,HEALTHWAY MEDICAL,HC,Healthcare Institution,177.0,TOA PAYOH CENTRAL,1.0,130.0,,310177,62553773.0,YVONNE.TAN@HEALTHWAYMEDICAL.COM,
200700000201,9402563,HEALTHWAY MEDICAL CLINIC,HC,Healthcare Institution,30.0,SEMBAWANG DRIVE,3.0,6.0,SUN PLAZA,757713,65551445.0,,
2005000066,RC1864,MARIS STELLA KINDERGARTEN,KN,Kindergarten,,HOLLAND ROAD,,,,258851,96208997.0,marisstellakg@yahoo.com.sg,
2005000065,PT8260,CARPE DIEM KIDZ PTE. LTD.,CC,Childcare Centre,,ROYAL ROAD,,,,118303,62750995.0,rhonda@carpediem.com.sg,
2005000062,PT8230,LEARNING KIDZ CHILD DEVELOPMENT CENTRE LLP,CC,Childcare Centre,423.0,SERANGOON CENTRAL,1.0,342.0,,550423,62828390.0,julie@learningkidz.com.sg,
2005000063,PT8240,LITTLE GENIUS EDUCARE CENTRE,CC,Childcare Centre,470.0,ANG MO KIO AVENUE 10,1.0,904.0,,560470,64578782.0,JLGEC@SINGNET.COM.SG,
2005000059,KG1006,THE CAPSTONE KINDERGARTEN,KN,Kindergarten,61.0,WISHART ROAD,,,,98716,62788823.0,enquiry@capstone.edu.sg,
2005000055,PT8200,CARPE DIEM KIDSWORLD PTE. LTD.,CC,Childcare Centre,739.0,JURONG WEST STREET 73,1.0,66.0,,640739,67930935.0,songhua922@sina.com,
2005000051,PT8160,LEARNING HUB@GRACELAND PTE. LTD.,CC,Childcare Centre,144.0,UPPER BUKIT TIMAH ROAD,4.0,5.0,BEAUTY WORLD SHOPPING CENTRE,588177,67664008.0,bukittimah@modern-montessori.com,
2005000057,RC1690,ST. JOSEPH'S CHURCH CHILDCARE CENTRE,CC,Childcare Centre,600.0,UPPER BUKIT TIMAH ROAD,,,,679331,67669200.0,sjcpreschool600@gmail.com,
200500000050,PT8150,SMARTZ PLAYHOUSE PTE. LTD.,CC,Childcare Centre,60.0,LUCKY HEIGHTS,,,,467614,64420080.0,smartzplay@yahoo.com.sg,
200500000049,PT8140,LOVESHINE CHILDCARE PTE. LTD.,CC,Childcare Centre,473.0,TAMPINES STREET 43,1.0,90.0,,520473,67822488.0,enquiry.lscc@loveshine.com.sg,
200500000047,RC1820,EN-NAEEM MOSQUE KINDERGARTEN,KN,Kindergarten,120.0,TAMPINES ROAD,,,MASJID EN-NAEEM,535136,69118140.0,rayyan@ennaeem.mosque.sg,
2005000043,PT8110,STAR LEARNERS @ SIMEI PTE. LTD.,CC,Childcare Centre,9.0,HARVEY AVENUE,,,,489480,62140722.0,mengwei.tan@starlearners.com.sg,
200900000163,9404461,HEALTHWAY DENTAL,HC,Healthcare Institution,190.0,LORONG 6 TOA PAYOH,2.0,512.0,,310190,62592341.0,care@healthwaydentalgroup.com,
200900000162,9400898,LAM BABY & CHILD CLINIC,HC,Healthcare Institution,6.0,NAPIER ROAD,6.0,3.0,GLENEAGLES MEDICAL CENTRE,258499,65338833.0,,
200900000159,9404508,RAFFLESMEDICAL,HC,Healthcare Institution,370.0,ALEXANDRA ROAD,,41.0,ANCHORPOINT,159953,64793818.0,wu_leePing@rafflesmedical.com,
200900000158,13C0316,RAFFLESMEDICAL,HC,Healthcare Institution,65.0,AIRPORT BOULEVARD,,1.0,PASSENGER TERMINAL BULDING 3,819663,62418818.0,wu_leePing@rafflesmedical.com,
200900000157,9405268,Q & M DENTAL SURGERY (TAMPINES),HC,Healthcare Institution,2.0,TAMPINES CENTRAL 5,,24.0,CENTURY SQUARE,529509,67821293.0,QandM@QandM.com.sg,
200900000156,9405148,RAFFLESMEDICAL,HC,Healthcare Institution,355.0,SEMBAWANG WAY,1.0,,,750355,68537703.0,wu_leePing@rafflesmedical.com,
200900000154,9405145,RAFFLESMEDICAL,HC,Healthcare Institution,10.0,TAMPINES CENTRAL 1,3.0,28.0,TAMPINES ONE,529536,62605116.0,wu_leePing@rafflesmedical.com,
200900000153,9405317,RAFFLESMEDICAL,HC,Healthcare Institution,,SIXTH AVENUE,1.0,3.0,,276474,64623426.0,wu_leeping@rafflesmedical.com,
200900000149,PT8610,JUST KIDS @ YISHUN PTE. LTD.,CC,Childcare Centre,290.0,YISHUN STREET 22,3.0,401.0,,760290,67573290.0,YISHUN@JUSTKIDS.COM.SG,
200900000150,PT8611,SUNFLOWER KINDERHUB @ AMK LLP,CC,Childcare Centre,20.0,MAYFLOWER RISE,,,MAYFLOWER GARDENS,568659,64526116.0,johnny@sunflowerkinderhubamk.com.sg,
200900000148,13M0331,SILVER CROSS CLINIC (MARSILING),HC,Healthcare Institution,305.0,WOODLANDS STREET 31,1.0,75.0,,730305,63633646.0,chroniccare@healthwaymedical.com,
200900000146,9405047,POPULAR DENTAL (WOODLANDS) PTE LTD,HC,Healthcare Institution,888.0,WOODLANDS DR 50,1.0,739.0,888 PLAZA,730888,63658110.0,care@healthwaydentalgroup.com,
200700000524,9403240,TEMASEK CLINIC & SURGERY,HC,Healthcare Institution,73.0,BEDOK SOUTH AVENUE 3,1.0,460.0,,460073,64436113.0,kchian@singnet.com.sg,
200700000521,9405673,GSH CLINIC & SURGERY PTE. LTD.,HC,Healthcare Institution,730.0,TAMPINES STREET 71,1.0,51.0,,520730,62605942.0,gshclinicsurgery@hotmail.com,
2007000520,9404631,I.DENTAL @ UBI,HC,Healthcare Institution,302.0,UBI AVENUE 1,1.0,47.0,,400302,68414080.0,edentist@yahoo.com.sg,
2007000519,PT8501,IMAN CHILDCARE (SIMEI) PTE. LTD.,CC,Childcare Centre,154.0,SIMEI STREET 1,1.0,75.0,,520154,67845082.0,mas_hermawati@iman.edu.sg,
200700000514,9402317,HEALTHLINE FAMILY CLINIC & SURGERY PTE. LTD.,HC,Healthcare Institution,,CHAI CHEE ROAD,1.0,467.0,,461025,64463260.0,mingyip@singnet.com.sg,
2007000516,PT8497,STAR LEARNERS @ SEMBAWANG PTE. LTD.,CC,Childcare Centre,587.0,SEMBAWANG PLACE,,,GOLDWOOD GARDENS,758440,62500173.0,mengwei.tan@starlearners.com.sg,
200700000511,9403427,MISSION MEDICAL CLINIC,HC,Healthcare Institution,780.0,UPPER SERANGOON ROAD,1.0,1.0,,534649,62892100.0,admin@aimsmmc.com.sg,
200700000510,EP07042,AQUAFINS,EI,Early Intervention Programmes,,TAMPINES AVENUE 9,10.0,402.0,,521491,66005101.0,enquiry@aquafins.com.sg,
200700000506,EP09052,PRESBYTERIAN COMMUNITY SERVICES - TAMPINES CENTRE,EI,Early Intervention Programmes,432.0,TAMPINES STREET 41,1.0,555.0,,520432,63344445.0,hueyhuey@pcs.org.sg,
200700000203,9405625,HEALTHWAY MEDICAL,HC,Healthcare Institution,888.0,WOODLANDS DR 50,2.0,737.0,888 PLAZA,730888,63649661.0,YVONNE.TAN@HEALTHWAYMEDICAL.COM,
200700000202,9404867,VICTORIA MEDICAL HOUSE,HC,Healthcare Institution,888.0,WOODLANDS DRIVE 50,2.0,739.0,888 PLAZA,730888,63647551.0,,
200700000192,9405550,SOONG CLINIC AND SURGERY,HC,Healthcare Institution,162.0,MEI LING ST,1.0,353.0,,140162,64755930.0,,
200700000157,1800000,NATIONAL HEART CENTRE SINGAPORE,HC,Healthcare Institution,5.0,HOSPITAL DRIVE,,,,169609,67048000.0,,
200700000158,9402162,HEALTHWAY MEDICAL,HC,Healthcare Institution,717.0,WOODLANDS DRIVE 70,1.0,114.0,,730717,63647450.0,francis.tan@healthwaymedical.com,
200700000156,PT9690,IMAN KINDERGARTEN (CCK) PTE LTD,KN,Kindergarten,530.0,CHOA CHU KANG STREET 51,1.0,323.0,,680530,64689402.0,fairose@iman.edu.sg,
200700000153,PT8461,CARPE DIEM YOUNG MINDS PTE. LTD.,CC,Childcare Centre,219.0,TAMPINES STREET 24,1.0,28.0,,520219,67863954.0,ntanglee@gmail.com,
200700000144,9402127,YEO'S CLINIC,HC,Healthcare Institution,354.0,CLEMENTI AVENUE 2,1.0,221.0,,120354,67790790.0,yeosa@yahoo.com,
200700000150,9405170,KO DJENG DENTAL CENTRE,HC,Healthcare Institution,304.0,ORCHARD ROAD,5.0,15.0,LUCKY PLAZA,238863,67343163.0,kodjeng@singnet.com.sg,
200700000145,9403866,HEALTHMARK FAMILY CLINIC (COMPASSVALE),HC,Healthcare Institution,263.0,COMPASSVALE STREET,1.0,,,540263,68810075.0,cheongccd@hotmail.com,
200700000149,9402270,FAITH CLINIC (TOA PAYOH),HC,Healthcare Institution,211.0,TOA PAYOH LOR 8,1.0,19.0,,310211,62527896.0,faithmedicalgroup@hotmail.com,
200700000146,9405222,ACUMED MEDICAL GROUP,HC,Healthcare Institution,16.0,COLLYER QUAY,2.0,3.0,INCOME AT RAFFLES,49318,65327766.0,enquiry@acumed.com.sg,
200700000147,9405011,OVSPRING DEVELOPMENTAL CLINIC,HC,Healthcare Institution,1.0,FIFTH AVENUE,3.0,,GUTHRIE HOUSE,268802,64668090.0,,
200700000148,9403705,EPISMILE INC DENTAL GROUP PTE LTD,HC,Healthcare Institution,301.0,UPPER THOMSON ROAD,2.0,30.0,THOMSON PLAZA,574408,65540552.0,,
200700000138,9403738,MY FAMILY CLINIC (PIONEER),HC,Healthcare Institution,638.0,JURONG WEST ST 61,2.0,9.0,PIONEER MALL,640638,68611182.0,mfc.pioneer@alliance.md,
2005000044,PT8120,JOSIAH MONTESSORI : CITY CHILDCARE CENTRE,CC,Childcare Centre,3.0,TEMASEK BOULEVARD,1.0,618.0,SUNTEC CITY MALL,38983,63366906.0,info@josiah.com.sg,
200500000037,SE201597,GRACE ORCHARD SCHOOL,SE,Special Education,,JURONG WEST ST 52,,,,649297,65619128.0,info@go.edu.sg,
2005000035,RC1847,FOOCHOW METHODIST CHURCH KINDERGARTEN,KN,Kindergarten,90.0,RACE COURSE ROAD,,,,218577,62942516.0,fmc_kdg@foochowmc.org.sg,
2005000031,PT8040,LEARNING VISION @ WORK PTE LTD,CC,Childcare Centre,12.0,GENTLE ROAD,,,,309198,62525113.0,JulianaTumanken@learningvision.com,
200500000027,ST0293,PCF SPARKLETOTS PRESCHOOL @ JALAN KAYU BLK 556 (DS),KN,Kindergarten,556.0,ANG MO KIO AVENUE 10,1.0,1902.0,,560556,64569714.0,Koh.Hui.Cheh@pcf.org.sg,
200500000026,KG1017,PCF SPARKLETOTS PRESCHOOL @ CLEMENTI BLK 462A (KN),KN,Kindergarten,,CLEMENTI AVENUE 3,1.0,1.0,,120462,67793135.0,Halimah.Binte.Othman@pcf.org.sg,
200900000143,9405246,NOBEL EYE & VISION CENTRE,HC,Healthcare Institution,820.0,"THOMSON ROAD, MEDICAL CENTRE A",5.0,1.0,MOUNT ALVERNIA HOSPITAL,574623,62563291.0,,
200900000141,9405038,SMILEFOCUS,HC,Healthcare Institution,1.0,ORCHARD BOULEVARD,8.0,,CAMDEN MEDICAL CENTRE,248649,68340877.0,,
200900000140,9403770,SMILEFOCUS,HC,Healthcare Institution,1.0,ORCHARD BOULEVARD,8.0,,CAMDEN MEDICAL CENTRE,248649,67339882.0,gm@smilefocus.com.sg,
200900000139,13C0283,PIONEER MEDICAL CENTRE PTE LTD,HC,Healthcare Institution,651.0,JURONG WEST STREET 61,1.0,6.0,MULTI STOREY CAR PARK,640651,67907668.0,,
200900000138,9405267,DAYSPRING MEDICAL CLINIC (TAMPINES),HC,Healthcare Institution,2.0,TAMPINES CENTRAL 5,,24.0,CENTURY SQUARE,529509,67890123.0,lisa@dayspring.sg,
200900000137,9405205,JOASH FAMILY CLINIC & SURGERY,HC,Healthcare Institution,1030.0,UPPER SERANGOON ROAD,,,,534767,62827371.0,joash.clinic@gmail.com,
200900000135,PT8609,MINDCHAMPS PRESCHOOL @ TAMPINES CENTRAL 6 PTE. LTD.,CC,Childcare Centre,2.0,TAMPINES CENTRAL 6,2.0,0.0,NTUC INCOME TAMPINES POINT,529483,62600531.0,choimei@mindchamps.org,
200900000133,PT8607,MINDCHAMPS PRESCHOOL @ TANGLIN PTE LTD,CC,Childcare Centre,318.0,TANGLIN ROAD,1.0,42.0,,247979,97826663.0,estherpoh@mindchamps.org,
200900000130,PT8604,OUR FUTURE PRODIGIES PTE. LTD.,CC,Childcare Centre,37.0,JALAN BELANGKAS,,,,369400,67476813.0,ourprodigies@yahoo.com,
200900000131,PT8605,CHERIE HEARTS @ EASTGATE PTE LTD,CC,Childcare Centre,46.0,EAST COAST ROAD,3.0,1.0,EASTGATE,428766,63454555.0,jenny.ong@cheriehearts.sg,
200900000126,9403620,JANE & LEE SEMBAWANG FAMILY CLINIC,HC,Healthcare Institution,483.0,ADMIRALTY LINK,1.0,23.0,,750483,68537677.0,janenlee@singnet.com.sg,
200900000125,PT 8603,APRYL'S JOYCOTTAGE @ NEW UPPER CHANGI ROAD PTE LTD,CC,Childcare Centre,64.0,NEW UPPER CHANGI ROAD,1.0,1158.0,,460064,64454930.0,enquiry@joycottage.com.sg,
200700000505,EP10067,PRESBYTERIAN COMMUNITY SERVICES - HOUGANG CENTRE,EI,Early Intervention Programmes,127.0,HOUGANG AVENUE 1,1.0,1494.0,,530127,63344445.0,hueyhuey@pcs.org.sg,
200700000508,EP12079,PRESBYTERIAN COMMUNITY SERVICES - YISHUN CENTRE,EI,Early Intervention Programmes,411.0,YISHUN RING ROAD,1.0,1807.0,,760411,63344445.0,hueyhuey@pcs.org.sg,
200700000504,EP07041,PRESBYTERIAN COMMUNITY SERVICES - JURONG WEST CENTRE,EI,Early Intervention Programmes,452.0,JURONG WEST STREET 42,1.0,170.0,,640452,63344445.0,hueyhuey@pcs.org.sg,
200700000507,EP15104,PRESBYTERIAN COMMUNITY SERVICES - WOODLANDS CENTRE,EI,Early Intervention Programmes,23.0,MARSILING DRIVE,1.0,159.0,,730023,63344445.0,hueyhuey@pcs.org.sg,
200700000503,EP15103,PRESBYTERIAN COMMUNITY SERVICES - ANG MO KIO CENTRE,EI,Early Intervention Programmes,442.0,"ANG MO KIO AVE 10, ST 43",1.0,1205.0,,560442,63344445.0,hueyhuey@pcs.org.sg,
200700000500,9404348,MY DOCTOR'S PLACE PTE LTD,HC,Healthcare Institution,218.0,BEDOK NORTH STREET 1,1.0,41.0,,460218,64449687.0,mdp2l2016@yahoo.com.sg,
200700000491,9402463,NORTHEAST MEDICAL GROUP,HC,Healthcare Institution,531.0,BEDOK NORTH ST 3,1.0,692.0,,460531,64412402.0,,
2007000496,PT8494,CITIKIDS EDVENTURE PTE. LTD.,CC,Childcare Centre,450.0,BUKIT PANJANG RING ROAD,1.0,595.0,,670450,67628330.0,info.edventure@CITIKIDS.COM.SG,
200700000493,PT8491,INNATE MONTESSORI PTE. LTD.,CC,Childcare Centre,25.0,JALAN KAKATUA,,,JURONG PARK,598543,64687449.0,amruta2@yahoo.com,
200700000490,9402193,PRO-LIFE MEDICAL ASSOCIATES,HC,Healthcare Institution,253.0,CHOA CHU KANG AVE 1,1.0,20.0,,680253,67646717.0,millicent_chee@hotmail.com,
200700000137,9403558,MY FAMILY CLINIC (RIVERVALE),HC,Healthcare Institution,11.0,RIVERVALE CRESCENT,2.0,,RIVERVALE MALL,545082,68811978.0,mfc.rivervale@alliance.md,
200700000134,9401471,MY FAMILY CLINIC (TANGLIN HALT),HC,Healthcare Institution,,COMMONWEALTH DRIVE,1.0,372.0,,140462,64738920.0,,
200700000130,9403934,DOCTORS INC MEDICAL GROUP,HC,Healthcare Institution,190.0,TOA PAYOH LORONG 6,1.0,590.0,,310190,63563633.0,enquiry@docs-inc.com,
200700000131,1600000,CHANGI GENERAL HOSPITAL,HC,Healthcare Institution,2.0,SIMEI STREET 3,,,,529889,67888833.0,,
200700000132,9400493,EVERHEALTH MEDICAL CENTRE,HC,Healthcare Institution,540.0,HOUGANG AVENUE 8,,1235.0,,530540,63850815.0,jpangsk@yahoo.com.sg,
200700000133,9403345,MY FAMILY CLINIC (CHOA CHU KANG),HC,Healthcare Institution,475.0,CHOA CHU KANG AVE 3,2.0,1.0,SUNSHINE PLACE,680475,67674566.0,mfc.cck@alliance.md,
200700000139,9402449,FAITH CLINIC (SIMEI),HC,Healthcare Institution,139.0,SIMEI ST 1,1.0,10.0,,520139,67884303.0,faithmedicalgroup@hotmail.com,
200700000141,9405436,SBCC BABY & CHILD CLINIC - CARDIOLOGY & PAEDIATRIC CENTRE,HC,Healthcare Institution,820.0,THOMSON RD,1.0,4.0,MOUNT ALVERNIA MEDICAL CENTRE,574623,63541922.0,sbcc.mounta@sbcc.sg,
200700000142,9405435,SBCC BABY & CHILD CLINIC,HC,Healthcare Institution,721.0,ANG MO KIO AVENUE 8,1.0,2805.0,,560721,64568874.0,sbcc.amk@sbcc.sg,
200700000135,9402499,MY FAMILY CLINIC (WOODLANDS),HC,Healthcare Institution,768.0,WOODLANDS AVE 6,2.0,7.0,WOODLANDS MART,730768,68840658.0,,
200700000125,9401327,PLAZA DENTAL,HC,Healthcare Institution,400.0,BALESTIER ROAD,1.0,43.0,BALESTIER PLAZA,329802,62529960.0,leejeemui@singnet.com.sg,
200700000126,9402453,LITTLE CROSS FAMILY CLINIC PTE LTD,HC,Healthcare Institution,929.0,TAMPINES ST 91,1.0,445.0,,520929,65440040.0,,
200700000121,9404145,FRONTIER MEDICAL ASSOCIATES,HC,Healthcare Institution,528.0,BUKIT BATOK STREET 51,1.0,64.0,,650528,65665773.0,admin@frontierhealthcare.com.sg,
200700000124,9405452,FRONTIER MEDICAL ASSOCIATES,HC,Healthcare Institution,,WOODLANDS DR 50,1.0,296.0,,732899,67587536.0,admin@frontierhealthcare.com.sg,
200700000122,9401592,TAI SENG CLINIC,HC,Healthcare Institution,137.0,UPPER PAYA LEBAR RD,,,,534844,62882434.0,yaisengclinic@singnet.com.sg,
200700000123,9405451,FRONTIER MEDICAL ASSOCIATES,HC,Healthcare Institution,304.0,UBI AVENUE 1,1.0,87.0,,400304,67460909.0,admin@frontierhealthcare.com.sg,
200700000103,9401271,PACIFIC MEDICAL & DENTAL GROUP,HC,Healthcare Institution,716.0,YISHUN ST 71,1.0,270.0,,760716,67524050.0,pacificmdgrp@singnet.com.sg,
200700000100,9400528,FAMILYCARE CLINIC & SURGERY,HC,Healthcare Institution,,TOA PAYOH LOR 4,1.0,380.0,,313085,62509033.0,ICSOO@SINGNET.COM.SG,
200500000023,PT9680,NAFA ARTS PRESCHOOL,KN,Kindergarten,511.0,EAST COAST ROAD SINGAPORE,,,,429064,63469511.0,wkwong@nafa.edu.sg,
2005000017,PT7970,BRIGHTON MONTESSORI INTERNATIONAL PRE-SCHOOL @ FRANKEL,CC,Childcare Centre,125.0,FRANKEL AVENUE,,,,458235,64499875.0,frankel@brightonmontessori.com.sg,
2005000021,RC1680,KIDS' KINGDOM CHILD DEVELOPMENT AND LEARNING CENTRE,CC,Childcare Centre,1.0,EDGEFIELD WALK,,,,828850,63159758.0,YOKELING@SEACHURCHES.ORG,
2005000022,RC1846,NATIVITY CHURCH KINDERGARTEN,KN,Kindergarten,98.0,98 HOUGANG AVENUE 8,,,,538791,97227374.0,nckdgn@singnet.com.sg,
200500000013,NT0470,MY FIRST SKOOL,CC,Childcare Centre,,JURONG WEST STREET 65,1.0,96.0,,641671,66349989.0,info@myfirstskool.com,
200500000012,PT9609,MAHAD AL NASRY @ SENGKANG,KN,Kindergarten,415.0,PUNGGOL ROAD,,,BEAUTY GARDEN,546646,90223305.0,lisamohd49@gmail.com,
2005000002,PT7900,EILEEN'S LEARNING CENTRE PTE. LTD.,CC,Childcare Centre,,TAMPINES STREET 83,4.0,1.0,TAMPINES CENTRAL COMMUNITY COMPL,521866,67864484.0,ELFATAMPINES@GMAIL.COM,
2005000007,WP0730,LEARNING VISION @ WORK PTE. LTD.,CC,Childcare Centre,11.0,BIOPOLIS WAY,2.0,1.0,HELIOS,138667,64789464.0,MariatiShariff@learningvision.com,
200500000001,PT7890,IMAN CHILDCARE PTE. LTD.,CC,Childcare Centre,148.0,PASIR RIS STREET 13,1.0,34.0,,510148,65841742.0,salmah@iman.edu.sg,
200900000123,9402593,THE CHILD AND ALLERGY CLINIC,HC,Healthcare Institution,3.0,MOUNT ELIZABETH,11.0,11.0,MT ELIZABETH MEDICAL CENTRE,228510,67360533.0,caclinic@singnet.com.sg,
200900000122,9404803,THE KIDZ CLINIC,HC,Healthcare Institution,6.0,NAPIER ROAD,10.0,1.0,GLENEAGLES MEDICAL CENTRE,258499,64716808.0,kidzclinic1001@gmail.com,
200900000120,EP09050,OZWORKS THERAPY PTE LTD,EI,Early Intervention Programmes,583.0,ORCHARD ROAD,10.0,3.0,FORUM,238884,68364560.0,maylow@ozworkstherapy.com,
200900000119,9405190,THE CLINIQ,HC,Healthcare Institution,511.0,CANBERRA ROAD,2.0,,SEMBAWANG MART,750511,64819793.0,med70179@hotmail.com,
200900000117,9402640,HORIZON MEDICAL CENTRE,HC,Healthcare Institution,200.0,UPPER THOMSON ROAD,1.0,11.0,THOMSON IMPERIAL COURT,574424,62502692.0,horizonmedical@gmail.com,
200900000116,9404889,CANBERRA MEDICAL AESTHETICS,HC,Healthcare Institution,,CANBERRA ROAD,1.0,1.0,MULTI STOREY CAR PARK,751306,68520500.0,ednanmm@yahoo.com.sg,
200900000115,PT8598,MINDCHAMPS PRESCHOOL @ CHANGI BUSINESS PARK PTE. LTD.,CC,Childcare Centre,51.0,CHANGI BUSINESS PARK CENTRAL 2,1.0,16.0,THE SIGNATURE,486066,67816870.0,anuradhasubramaniam.ps@mindchamps.org,
200900000113,PT8596,LITTLE BIG PRE-SCHOOL PTE. LTD.,CC,Childcare Centre,95.0,TELOK KURAU ROAD,,,,423797,63454560.0,rubytopas@littlebig.com.sg,
200900000114,PT8597,MAPLEBEAR GRANDSTAND PTE LTD,CC,Childcare Centre,100.0,TURF CLUB ROAD,1.0,2.0,HORSE CITY,287992,64635733.0,horsecity@maplebear.sg,
200900000112,PT8595,BAMBINI MONTESSORI PTE. LTD.,CC,Childcare Centre,131.0,JALAN BUKIT MERAH,1.0,1591.0,,160131,62709633.0,ADMIN@BAMBINIMONTESSORI-CHILDCARE.COM,
200900000108,9404130,HEALTHMED FAMILY CLINIC (BUKIT PANJANG),HC,Healthcare Institution,416.0,SAUJANA ROAD,1.0,50.0,,670416,67604321.0,thongcheeming@yahoo.com.sg,
200900000106,9405179,HEALTHWAY MEDICAL,HC,Healthcare Institution,308.0,ANCHORVALE ROAD,1.0,3.0,MULTI STOREY CAR PARK,540308,63123106.0,hmgpav@healthwaymedical.com,
200900000104,9405138,FRONTIER MEDICAL ASSOCIATES,HC,Healthcare Institution,163.0,ANG MO KIO AVE 4,1.0,426.0,,560163,64532571.0,admin@frontierhealthcare.com.sg,
200700000486,9404094,NORTHEAST MEDICAL GROUP,HC,Healthcare Institution,30.0,SIMEI STREET 3,2.0,1.0,SIMEI MRT STATION,529888,67838638.0,,
200700000483,9403419,BLISS DENTAL (PUNGGOL),HC,Healthcare Institution,198.0,PUNGGOL FIELD RD,2.0,1.0,,820198,63152555.0,whdental@singnet.com.sg,
200700000482,9401946,YIM CLINIC,HC,Healthcare Institution,,BOON TIONG ROAD,2.0,,,161011,62707587.0,yimcas@gmail.com,
2007000479,9403878,ONG MEDICAL CLINIC,HC,Healthcare Institution,,ANG MO KIO ST 31,1.0,10.0,,563316,64523586.0,,
2007000474,PT8486,KINDERTOWN EDUCARE PTE. LTD.,CC,Childcare Centre,363.0,LORONG BUANG KOK,,,,547686,63158732.0,valeriegan@kinderland.com.sg,
2007000467,PT8476,PRE-SCHOOL BY-THE-PARK PTE. LTD.,CC,Childcare Centre,63.0,SHELFORD ROAD,,,WATTEN ESTATE,288453,64620180.0,shelford@bythepark.com.sg,
2007000476,PT8488,CARPE DIEM EDUCARE PTE. LTD.,CC,Childcare Centre,167.0,PETIR ROAD,1.0,138.0,,670167,67698488.0,BP@CARPEDIEM.COM.SG,
200700000463,9700235,STEMCORD PRIVATE LIMITED,HC,Healthcare Institution,100.0,PASIR PANJANG ROAD,3.0,,,118518,64712002.0,,
200700000099,9402481,TC FAMILY CLINIC PTE LTD,HC,Healthcare Institution,526.0,JURONG WEST ST 52,1.0,325.0,,640526,65666687.0,,
200700000107,9400492,EVERHEALTH FAMILY CLINIC & SURGERY,HC,Healthcare Institution,762.0,JURONG WEST ST 75,1.0,290.0,GEK POH SHOPPING CENTRE,640762,67933113.0,EVERHEALTH.MEDICAL@GMAIL.COM,
200700000110,9401432,S S TAN MEDICAL CLINIC,HC,Healthcare Institution,744.0,YISHUN ST 72,1.0,195.0,,760744,67583952.0,shing_san_tan54@hotmail.com,
200700000098,11C0155,UNITY DENTICARE,HC,Healthcare Institution,500.0,LORONG 6 TOA PAYOH,,31.0,HDB HUB,310500,63366222.0,dcenquiry@ntuchealthcare.com.sg,
200700000109,9402310,EAST COAST FAMILY CLINIC,HC,Healthcare Institution,121.0,MEYER ROAD,1.0,5.0,THE MAKENA,437932,64404556.0,ecfc121@singnet.com.sg,
200700000111,9400096,A LIFE CLINIC PTE LTD,HC,Healthcare Institution,10.0,SINARAN DRIVE,9.0,21.0,NOVENA MEDICAL CENTER,307506,67372283.0,ckw32323@gmail.com,
200700000094,9403600,UNITY DENTICARE,HC,Healthcare Institution,431.0,CLEMENTI AVENUE 3,1.0,304.0,,120431,67734533.0,dcenquiry@ntuchealthcare.com.sg,
200700000069,9403271,UNITY DENTICARE,HC,Healthcare Institution,220.0,ORCHARD ROAD,2.0,12.0,MIDPOINT ORCHARD,238852,67380383.0,dcenquiry@ntuchealthcare.com.sg,
200700000070,9401101,MERIDIAN MEDICAL AND DENTAL CENTRE,HC,Healthcare Institution,327.0,HOUGANG AVE 5,1.0,162.0,,530327,62825205.0,meridianmedctr@yahoo.com.sg,
200700000072,9400510,FAITH FAMILY CLINIC,HC,Healthcare Institution,57.0,MARINE TERRACE,1.0,113.0,,440057,64466326.0,faithmedicalgroup@hotmail.com,
200400000148,RC1895,BETHANY KINDERGARTEN,KN,Kindergarten,301.0,UPPER PAYA LEBAR ROAD,,,BETHANY INDEPENDENT PRESBYTERIAN,534934,62971209.0,kindergarten@bethanyipc.sg,
2004000147,KG1096,ELIM KINDERGARTEN,KN,Kindergarten,1079.0,SERANGOON ROAD,,,,328182,62982204.0,elimkindie@yahoo.com.sg,
2004000145,PT7870,AMAZING STAR MONTESSORI HOUSE (SN),CC,Childcare Centre,103.0,SERANGOON NORTH AVENUE 1,1.0,773.0,,550103,62850887.0,serangoon@amazing-star.com,
2004000146,PT7880,LITTLE GREENHOUSE @ S540 PTE LTD,CC,Childcare Centre,540.0,SERANGOON NORTH AVENUE 4,1.0,101.0,,550540,64840365.0,supinah@global-eduhub.com,
2004000135,PT7800,GENIUS SCHOOL HOUSE,CC,Childcare Centre,,PUNGGOL DRIVE,1.0,385.0,,824637,63438130.0,admin@geniusschoolhouse.com,
2004000137,RC1670,DAYSTAR CHILD DEVELOPMENT CENTRE,CC,Childcare Centre,,JURONG WEST STREET 61,1.0,460.0,,643653,67958936.0,info.jurong@daystar.org.sg,
2004000136,PT7810,NUTURE TOTS PRE-SCHOOL PTE. LTD.,CC,Childcare Centre,515.0,"ELIAS ROAD, PASIR RIS BEACH PARK",,,,519923,65835010.0,nuture@singnet.com.sg,
200400000130,RC1808,ASSYAKIRIN MOSQUE KINDERGARTEN,KN,Kindergarten,550.0,YUNG AN ROAD,,,MASJID ASSYAKIRIN,618617,62681846.0,juriah@assyakirin.mosque.org.sg,
200900000103,9405137,FRONTIER MEDICAL ASSOCIATES,HC,Healthcare Institution,982.0,BUANGKOK CRESCENT,1.0,3.0,,530982,63152913.0,ADMIN@FRONTIERHEALTHCARE.COM.SG,
200900000095,NT0477,MY FIRST SKOOL,CC,Childcare Centre,,COMPASSVALE ROAD,1.0,59.0,,544203,66349989.0,info@myfirstskool.com,
200900000094,NT0476,MY FIRST SKOOL,CC,Childcare Centre,269.0,COMPASSVALE LINK,1.0,127.0,,540269,66349989.0,info@myfirstskool.com,
200900000093,9405162,FRONTIER MEDICAL ASSOCIATES,HC,Healthcare Institution,,JURONG WEST STREET 64,1.0,347.0,,644678,68622340.0,admin@frontierhealthcare.com.sg,
200900000092,9405424,L'VING VINE MEDICAL & WELLNESS CLINIC,HC,Healthcare Institution,154.0,WEST COAST ROAD,1.0,,WEST COAST PLAZA,127371,67777442.0,MYCKK2@YAHOO.COM.SG,
200900000091,9400714,HUI CLINIC + SURGERY,HC,Healthcare Institution,157.0,ANG MO KIO AVE 4,1.0,566.0,,560157,64588596.0,johnhuikp@gmail.com,
200900000089,EP09047,THYE HUA KWAN MORAL CHARITIES LIMITED (THK EIPIC CENTRE @ CHOA CHU KANG),EI,Early Intervention Programmes,606.0,CHOA CHU KANG ST 62,1.0,139.0,,680606,67629125.0,eipic@thkmc.org.sg,
200900000088,9405078,SMILE CONCEPT DENTAL PRACTICE,HC,Healthcare Institution,5.0,STADIUM WALK,2.0,,LEISURE PARK KALLANG,397693,63447748.0,smileconceptdental@gmail.com,
200900000087,PT9607,ZULFA KINDERGARTEN @ CHOA CHU KANG,KN,Kindergarten,445.0,CHOA CHU KANG AVENUE 4,1.0,307.0,,680445,67669377.0,admin_sm@zulfa.edu.sg,
200900000086,PT9603,ZULFA KINDERGARTEN @ JURONG WEST,KN,Kindergarten,717.0,JURONG WEST STREET 71,,107.0,,640717,67912080.0,admin_jw717@zulfa.edu.sg,
200900000085,9404843,SPECIALIST DENTAL GROUP,HC,Healthcare Institution,3.0,MOUNT ELIZABETH,8.0,4.0,MOUNT ELIZABETH MEDICAL CENTRE,228510,67349393.0,info@specialistdentalgroup.com,
200700000464,PT8480,CARPE DIEM YOUNG HEARTS PTE. LTD.,CC,Childcare Centre,355.0,TAMPINES STREET 33,1.0,638.0,,520355,67845742.0,jasminechua603@gmail.com,
200700000462,9404286,TOOTH ART DENTAL CENTRE,HC,Healthcare Institution,501.0,ORCHARD ROAD,4.0,,WHEELOCK PLACE,238880,63336967.0,toothartdc.adm@gmail.com,
200700000459,EP06040,LEAPFROGS PTE LTD,EI,Early Intervention Programmes,144.0,BUKIT TIMAH ROAD,,,,229844,67331992.0,michelle@leap-frogs.com,
200700000458,9404371,WELL MEDICAL CLINIC & SURGERY,HC,Healthcare Institution,739.0,PASIR RIS DRIVE 10,1.0,11.0,,510739,65852252.0,medpl40007@yahoo.com.sg,
200700000456,9403911,KARRI FAMILY CLINIC,HC,Healthcare Institution,,TAMPINES ST 83,3.0,5.0,TAMPINES CENTRAL COMMUNITY COMPL,521866,67850311.0,tay_les@hotmail.com,
200700000452,9402467,FIRST MEDICAL CLINIC & SURGERY,HC,Healthcare Institution,167.0,WOODLANDS ST 11,1.0,11.0,,730167,63680111.0,firstmed@singnet.com.sg,
200700000449,9400048,ANGELIN'S BABY & CHILD CLINIC,HC,Healthcare Institution,303.0,WOODLANDS ST 31,1.0,177.0,,730303,63661011.0,,
200700000447,9403833,HEALTHWERKZ MEDICAL CENTRE @ SEMB MRT,HC,Healthcare Institution,11.0,CANBERRA ROAD,1.0,9.0,SEMBAWANG MRT,759775,0.0,,
200700000448,9401223,OOI BABY AND CHILD CLINIC,HC,Healthcare Institution,417.0,YISHUN AVE 11,1.0,327.0,,760417,67565070.0,,
200700000444,9400466,EDEN DENTAL SURGERY,HC,Healthcare Institution,442.0,PASIR RIS DR 6,1.0,46.0,,510442,65821112.0,drwee@edensmile.com,
200700000442,9404476,ICON MEDICAL CLINIC,HC,Healthcare Institution,517.0,JURONG WEST ST 52,1.0,101.0,,640517,65600521.0,chin75@gmail.com,
200700000443,9700231,CORDLIFE GROUP LIMITED,HC,Healthcare Institution,1.0,YISHUN INDUSTRIAL STREET 1,6.0,,A'POSH BIZHUB,768160,62380808.0,,
200700000083,9403272,UNITY DENTICARE,HC,Healthcare Institution,11.0,RIVERVALE CRESCENT,2.0,16.0,RIVERVALE MALL,545082,63882661.0,dcenquiry@ntuchealthcare.com.sg,
200700000085,9405401,UNITY DENTICARE,HC,Healthcare Institution,510.0,BISHAN STREET 13,2.0,4.0,,570510,63565603.0,dcenquiry@ntuchealthcare.com.sg,
200700000078,9402657,STARCARE CLINIC AND SURGERY  PTE. LTD.,HC,Healthcare Institution,207.0,BUKIT BATOK ST 21,1.0,108.0,,650207,65616878.0,dloke@pacific.net.sg,
200700000077,9403745,UNITY DENTICARE,HC,Healthcare Institution,309.0,CHOA CHU KANG AVENUE 4,3.0,1.0,CHOA CHU KANG CENTRE,680309,67632692.0,dcenquiry@ntuchealthcare.com.sg,
200700000076,9401199,UNITY DENTICARE,HC,Healthcare Institution,80.0,MARINE PARADE RD,5.0,2.0,PARKWAY PARADE,449269,63489188.0,dcenquiry@ntuchealthcare.com.sg,
200700000089,9401334,PREMIER HEALTHCARE CLINIC & SURGERY,HC,Healthcare Institution,376.0,BUKIT BATOK ST 31,1.0,106.0,,650376,65642855.0,,
200700000066,0500000,NATIONAL UNIVERSITY HOSPITAL,HC,Healthcare Institution,5.0,LOWER KENT RIDGE ROAD,,,,119074,67795555.0,Janet_GL_Teo@nuh.com.sg,
200700000091,9401925,YAO MEDICAL CLINIC,HC,Healthcare Institution,419.0,TAMPINES STREET 41,1.0,96.0,,520419,67830232.0,yaochengjohn@singnet.com.sg,
200700000093,9403051,TAY ORTHOPAEDIC CLINIC PTE LTD,HC,Healthcare Institution,3.0,MT ELIZABETH,13.0,12.0,MOUNT ELIZABETH MEDICAL CENTRE,228510,67381131.0,,
200700000080,9404156,PACIFIC HEALTHCARE SPECIALIST CENTRE,HC,Healthcare Institution,290.0,ORCHARD ROAD,12.0,1.0,PARAGON,238859,68836966.0,chankummeng@pachealthholdings.com,
200700000071,9402009,FAITH CLINIC (JURONG WEST),HC,Healthcare Institution,762.0,JURONG WEST ST 75,2.0,,,640762,67916780.0,faithmedicalgroup@hotmail.com,
200700000073,9403461,MY FAMILY CLINIC (SENJA),HC,Healthcare Institution,628.0,SENJA ROAD,1.0,4.0,,670628,63140638.0,mfasenja@singnet.com.sg,
201500000901,15D0415,THE DENTAL GALLERY DAWSON,HC,Healthcare Institution,85.0,DAWSON ROAD,1.0,5.0,,141085,62520020.0,,
201600000115,SS20167906,EYE VIEW OPTICS,OS,Optical Shop,498.0,JURONG WEST STREET 41,1.0,478.0,,640498,65636862.0,Eyeviewoptics2015@gmail.com,
201600000147,SS20167907,Better Vision,OS,Optical Shop,83.0,PUNGGOL CENTRAL,,2.0,WATERWAY POINT,828761,63849177.0,btvs008@bettervision.com.sg,
201600000283,16D0165,NOFRILLS DENTAL,HC,Healthcare Institution,6.0,RAFFLES BOULEVARD,,11.0,MARINA SQUARE,39594,63377319.0,MARINASQUARE@NOFRILLSDENTAL.COM.SG,
201700000041,PT9346,GLOBAL TOTS @ SEMBAWANG PTE LTD,CC,Childcare Centre,579.0,SEMBAWANG PLACE,,,GOLDWOOD GARDENS,758427,65561102.0,SEMBAWANG@GLOBALTOTS.COM.SG,
201700000147,17D0092,ADVANCED DENTAL CLINIC SENGKANG,HC,Healthcare Institution,11.0,RIVERVALE CRESCENT,2.0,12.0,RIVERVALE MALL,545082,63849929.0,hq@advanceddental.com.sg,
201700000150,17M0093,ONECARE CLINIC LOYANG,HC,Healthcare Institution,258.0,PASIR RIS STREET 21,2.0,14.0,LOYANG POINT,510258,63857435.0,loyang@onecaremedical.com.sg,
201700000271,17M0170,ACCESS MEDICAL (JURONG WEST),HC,Healthcare Institution,463.0,JURONG WEST STREET 41,1.0,564.0,,640463,68732420.0,accessmedjw@gmail.com,
201600000045,ST0161,PCF SPARKLETOTS PRESCHOOL @ TOA PAYOH EAST-NOVENA BLK 247 (CC),CC,Childcare Centre,247.0,KIM KEAT LINK,1.0,27.0,,310247,63534815.0,Yong.Leng.Leng@pcf.org.sg,
201600000048,PT9236,ETONHOUSE PRE-SCHOOL PTE LTD,CC,Childcare Centre,39.0,NEWTON ROAD,,,,307966,63523322.0,newton@etonhouse.edu.sg,
201600000049,PT9234,BRIGHT JUNIORS PTE LTD,CC,Childcare Centre,113.0,BUKIT PURMEI ROAD,1.0,226.0,BUKIT PURMEI VILLE,90113,62701939.0,bukitpurmei@brightjuniors.com.sg,
201600000175,16M0095,AMDA INTERNATIONAL PEACE CLINIC,HC,Healthcare Institution,9.0,TAMAN SERASI,1.0,11.0,BOTANIC GARDENS VIEW,257720,66941661.0,donlau@amda.sg,
201600000177,MCPH1600252,WATSONS PERSONAL CARE STORES (TIONG BAHRU PLAZA),PH,Pharmacy,302.0,TIONG BAHRU ROAD,1.0,,TIONG BAHRU PLAZA,168732,63521855.0,kaye.lee@watsons.com.sg,
201600000178,PT9253,MINDCHAMPS PRESCHOOL @ BUANGKOK PTE LTD,CC,Childcare Centre,15.0,SERANGOON NORTH AVENUE 5,2.0,0.0,,554360,69699947.0,mabelgoh@mindchamps.org,
201600000194,PT9254,MINDCHAMPS PRESCHOOL@MACPHERSON PTE. LTD.,CC,Childcare Centre,56.0,KALLANG PUDDING ROAD,1.0,1.0,HH @ KALLANG,349328,63855803.0,sayhonglee@MINDCHAMPS.ORG,
201600000198,16M0113,SBCC BABY & CHILD CLINIC,HC,Healthcare Institution,1.0,JELEBU ROAD,4.0,3.0,BUKIT PANJANG PLAZA,677743,67656140.0,,
201600000212,PT9259,MINDCHAMPS PRESCHOOL@PUNGGOL NORTHSHORE PTE LTD,CC,Childcare Centre,11.0,NORTHSHORE DRIVE,1.0,,MARINA COUNTRY CLUB,828670,62087488.0,GINNTAN@MINDCHAMPS.ORG,
201600000260,16M0149,THOMSON PAEDIATRIC CENTRE,HC,Healthcare Institution,83.0,PUNGGOL CENTRAL,2.0,28.0,WATERWAY POINT,828761,63416000.0,tpc_punggol@thomsonmedical.com,
201600000552,SS20167945,WISELAND CONTACT LENS AND OPTICAL CENTRE,OS,Optical Shop,,BOON TIONG ROAD,2.0,11.0,MULTI STOREY CAR PARK,161011,62540389.0,wisealfred@hotmail.com,
201600000553,MCPHA1600071,GUARDIAN PHARMACY (AMARA HOTEL),PH,Pharmacy,100.0,TRAS STREET,2.0,9.0,100 AM,79027,66948253.0,gamh@guardian.com.sg,
201600000554,MCPHA1600069,GUARDIAN PHARMACY (OUR TAMPINES HUB),PH,Pharmacy,1.0,TAMPINES WALK,,29.0,OUR TAMPINES HUB,528523,63867421.0,goth@guardian.com.sg,
201700000178,SS20177967,LENSCRAFT OPTICS AND MERCHANDISE,OS,Optical Shop,548.0,WOODLANDS DRIVE 44,2.0,33.0,VISTA POINT,730548,,Lenscraft_optic@outlook.com,
201700000677,SS20178005,VIS EDGE,OS,Optical Shop,494.0,JURONG WEST STREET 41,1.0,130.0,,640494,62509066.0,visedgesg@gmail.com,
201800000426,ST0202,PCF SPARKLETOTS PRESCHOOL @ TOA PAYOH EAST-NOVENA BLK 6 (EY),CC,Childcare Centre,6.0,LORONG 7 TOA PAYOH,1.0,181.0,TOA PAYOH COURT,310006,62558297.0,Kwee.Huay.Ng@PCF.org.sg,
201800000427,PT9498,STAR LEARNERS @ TELOK BLANGAH PTE LTD,CC,Childcare Centre,,TELOK BLANGAH STREET 32,2.0,16.0,,102078,62500173.0,mengwei.tan@starlearners.com.sg,
201800000637,ST0206,PCF SPARKLETOTS PRESCHOOL @ SENGKANG WEST BLK 351(EY),CC,Childcare Centre,351.0,ANCHORVALE ROAD,1.0,7.0,MULTI STOREY CAR PARK,540351,62426837.0,MEI.CHING.GOH@PCF.ORG.SG,
201900000070,19M0049,DR JANICE PAEDIATRIC CENTRE,HC,Healthcare Institution,101.0,IRRAWADDY ROAD,14.0,7.0,ROYAL SQUARE@ NOVENA,329565,65138633.0,info@drjanicepc.com,
201900000072,19M0051,IDOC CLINIC (HONG KAH) PTE LTD,HC,Healthcare Institution,502.0,JURONG WEST AVENUE 1,1.0,813.0,,640502,,briananthonytian@gmail.com,
201900000073,19M0048,KIDSNEXUS PAEDIATRIC CENTRE,HC,Healthcare Institution,301.0,UPPER THOMSON ROAD,3.0,,THOMSON PLAZA,574408,62515033.0,kidsnexus.paediatric@gmail.com,
201900000106,19M0070,SW1 PLASTIC SURGERY,HC,Healthcare Institution,290.0,ORCHARD ROAD,13.0,,PARAGON,238859,68874232.0,plastic@sw1clinic.com,
201900000263,19M0182,SHENTON MEDICAL GROUP,HC,Healthcare Institution,126.0,LORONG 1 TOA PAYOH,1.0,561.0,TOA PAYOH HEIGHTS,310126,62339636.0,pspl.licensing@parkwaypantai.com,
201500000819,PT9219,INITIUM ACADEMY PTE. LTD.,CC,Childcare Centre,331.0,YIO CHU KANG ROAD,,,,805960,87995567.0,INFO@INITIUMACADEMY.EDU.SG,
201600000069,16C0034,Q & M MEDICAL CLINIC (BUKIT BATOK),HC,Healthcare Institution,151.0,BT BATOK ST 11,1.0,252.0,,650151,65653866.0,,
201600000078,16M0038,SEMBAWANG MART MEDICAL CENTRE,HC,Healthcare Institution,511.0,CANBERRA ROAD,2.0,,SEMBAWANG MART,750511,64819793.0,sembawangmartmc@gmail.com,
201600000556,16D0335,AZURE DENTAL,HC,Healthcare Institution,,SIXTH AVENUE,,,,276480,64636318.0,azuredental2016@gmail.com,
201600000559,16C0338,JURONG POINT DENTAL SURGERY,HC,Healthcare Institution,1.0,JURONG WEST CENTRAL 2,,,JURONG POINT SHOPPING CENTRE,648886,67921811.0,HELEN@QNM.SG,
201700000464,PT9398,LITTLE GEMS PRESCHOOL @ REDHILL PTE LTD,CC,Childcare Centre,3791.0,JALAN BUKIT MERAH,1.0,5.0,E-CENTRE @ REDHILL,159471,62656414.0,contact@littlegemspreschool.sg,
201700000471,ST0181,PCF SPARKLETOTS PRESCHOOL @ TOA PAYOH CENTRAL BLK 79B (CC),CC,Childcare Centre,,TOA PAYOH CENTRAL,1.0,27.0,CENTRAL HORIZON,312079,68359356.0,Norahida.Bakar@pcf.org.sg,
201700000473,RC1786,SUPER TALENT CHILDCARE LTD,CC,Childcare Centre,93.0,PAYA LEBAR WAY,1.0,3039.0,,370093,67418359.0,macpherson93@supertalent.com.sg,
201700000531,MCPH1700363,NATIONAL HEALTHCARE GROUP PHARMACY (GEYLANG),PH,Pharmacy,21.0,GEYLANG EAST CENTRAL,2.0,0.0,GEYLANG POLYCLINIC,389707,,Samantha_Lm_KONG@pharmacy.nhg.com.sg,
201700000533,MCPH1700362,UNITY BY FAIRPRICE (SPO),PH,Pharmacy,10.0,EUNOS ROAD 8,,122.0,SINGAPORE POST CENTRE,408600,67470873.0,muspo@fairprice.com.sg,
201700000534,PT9417,CARPE DIEM SCHOOLHOUSE PTE LTD,CC,Childcare Centre,131.0,LORONG 1 TOA PAYOH,2.0,1.0,,310131,69257268.0,rhonda@carpediem.com.sg,
201700000536,PT9394,THE LITTLE SKOOL-HOUSE INTERNATIONAL PTE. LTD.,CC,Childcare Centre,1.0,MARINA BOULEVARD,,1.0,ONE MARINA BOULEVARD,18989,62214424.0,cindygoh@littleskoolhouse.com,
201700000537,17M0309,GLOBAL CARE MEDICAL,HC,Healthcare Institution,77.0,JALAN MALU-MALU,1.0,77.0,KINDOL GARDENS,769687,64816625.0,admin@daynnightclinics.com,
201700000538,17M0310,FINEST HEALTH MEDICAL CENTRE,HC,Healthcare Institution,19.0,LORONG 7 TOA PAYOH,1.0,268.0,KIM KEAT PALM,310019,62640852.0,,
201700000663,17D0384,MEIPLUS DENTALCARE,HC,Healthcare Institution,32.0,PEKIN STREET,3.0,1.0,FAR EAST SQUARE,48762,65381500.0,admin@mykonosmed.com,
201700000664,17M0383,TRUE MEDICAL CLINIC TAMPINES WEST,HC,Healthcare Institution,824.0,TAMPINES STREET 81,1.0,26.0,TAMPINES GROVE,520824,69090324.0,hello@truemedical.sg,
201600000307,16D0185,LUMINOUS DENTAL CLINIC @ HOUGANG,HC,Healthcare Institution,684.0,HOUGANG AVENUE 8,1.0,959.0,,530684,63861618.0,rebecca.tan@luminousdentalgroup.com,
201600000325,PT9286,MAPLEBEAR SMART LEARNERS PTE LTD,CC,Childcare Centre,15.0,SERANGOON NORTH AVENUE 5,3.0,0.0,,554360,64816184.0,SerangoonNorth@Maplebear.sG,
201600000326,ST0166,PCF SPARKLETOTS PRESCHOOL@NEE SOON EAST BLK 312 (CC),CC,Childcare Centre,312.0,YISHUN RING ROAD,1.0,1210.0,,760312,67593267.0,idayu.abdul.rahman@pcf.org.sg,
201600000327,PT9287,THE LITTLE SKOOL- HOUSE INTERNATIONAL PTE LTD,CC,Childcare Centre,1.0,PASIR RIS CLOSE,3.0,113.0,E!HUB@DOWNTOWN EAST,519599,65855292.0,FELICIA.YAN@LITTLESKOOLHOUSE.COM,
201600000332,16D0196,CARING DENTAL SENGKANG,HC,Healthcare Institution,,FERNVALE STREET,1.0,1.0,,791473,66346689.0,,
201600000344,16M0204,EDGEDALE MEDICAL CLINIC,HC,Healthcare Institution,,EDGEDALE PLAINS,1.0,187.0,,821122,66352272.0,,
201600000345,16M0205,ISLAND FAMILY CLINIC (FERNVALE),HC,Healthcare Institution,,FERNVALE STREET,1.0,3.0,,791473,64813740.0,jlai19@hotmail.com,
201600000350,16M0211,INTERNATIONAL MEDICAL CLINIC,HC,Healthcare Institution,88.0,EAST COAST ROAD,2.0,7.0,KATONG SQUARE,423371,63424440.0,katong@imc-healthcare.com,
201600000358,16D0213,TRIPOD DENTAL CLINIC (CIRCUIT ROAD),HC,Healthcare Institution,77.0,CIRCUIT ROAD,1.0,454.0,,370077,64937133.0,,
201700000015,PT9340,ICHIBAN MONTESSORI CHILDCARE CENTRE (KHC) PTE. LTD.,CC,Childcare Centre,,KEAT HONG CLOSE,1.0,64.0,KEAT HONG PRIDE,683805,68930736.0,icb_keathongclose@yahoo.com,
201700000018,PT9357,AMITY JUNIORS PTE LTD,CC,Childcare Centre,1.0,BUKIT BATOK STREET 22,2.0,1.0,,659592,62660422.0,info@amityjuniors.sg,
201700000019,PT9342,GREENLAND CHILDCARE @ SUMANG WALK PTE. LTD.,CC,Childcare Centre,218.0,SUMANG WALK,3.0,1.0,,820218,69134286.0,SUMANGWALK.GREENLANDCC@GMAIL.COM,
201700000020,NT0569,MY FIRST SKOOL,CC,Childcare Centre,120.0,CANBERRA CRESCENT,3.0,1.0,MULTI STOREY CAR PARK,750120,66349989.0,INFO@MYFIRSTSKOOL.COM,
201700000021,NT0571,MY FIRST SKOOL,CC,Childcare Centre,52.0,CASSIA CRESCENT,1.0,181.0,,390052,66349989.0,INFO@MYFIRSTSKOOL.COM,
201700000022,NT0570,MY FIRST SKOOL,CC,Childcare Centre,,KEAT HONG LINK,1.0,123.0,KEAT HONG MIRAGE,683817,66349989.0,INFO@MYFIRSTSKOOL.COM,
201700000027,SK0012,SKOOL4KIDZ CENTRE,CC,Childcare Centre,,PUNGGOL WAY,2.0,601.0,WATERWAY CASCADIA,821314,68173890.0,PGWCCC@SKOOL4KIDZ.COM.SG,
201700000277,YM0170,MY WORLD PRESCHOOL LTD,CC,Childcare Centre,116.0,JALAN TENTERAM,1.0,7.0,MULTI STOREY CAR PARK,320116,63974927.0,CCTTR.PEAK@MYWORLD.ORG.SG,
201700000352,17M0198,HEALTHLINK MEDICAL CLINIC,HC,Healthcare Institution,635.0,VEERASAMY ROAD,1.0,154.0,,200635,62919100.0,lawrencechan.healthlinkmedical@gmail.com,
201700000353,17C0201,NIKS MAPLE WEST CLINIC,HC,Healthcare Institution,2.0,VENTURE DRIVE,1.0,27.0,VISION EXCHANGE,608526,67767863.0,enquiry@nikspro.com,
201700000433,RC1783,SUPER TALENT CHILDCARE LTD,CC,Childcare Centre,18.0,JALAN MEMBINA,3.0,102.0,TIONG BAHRU COURT,164018,62764243.0,membina@supertalent.com.sg,
201700000465,17M0256,BUKIT BATOK POLYCLINIC,HC,Healthcare Institution,50.0,BUKIT BATOK WEST AVENUE 3,,,,659164,66636847.0,,
201700000466,17M0257,CHOA CHU KANG POLYCLINIC,HC,Healthcare Institution,2.0,TECK WHYE CRESCENT,,,,688846,66636847.0,,
201700000467,17M0258,CLEMENTI POLYCLINIC,HC,Healthcare Institution,451.0,CLEMENTI AVENUE 3,2.0,307.0,,120451,66636847.0,,
201700000468,17M0259,JURONG POLYCLINIC,HC,Healthcare Institution,190.0,JURONG EAST AVENUE 1,,,,609788,66636847.0,,
201600000125,PT9246,LITTLE PRESCHOOL PTE. LTD,CC,Childcare Centre,,PASIR RIS DRIVE 1,1.0,396.0,PASIR RIS ONE,513530,62080173.0,WHITESANDS@LITTLEPRESCHOOL.COM.SG,
201600000126,PT9251,MAPLE BEAR PRESCHOOL PTE. LTD.,CC,Childcare Centre,407.0,HAVELOCK ROAD,4.0,1.0,,169634,67378898.0,principal-havelock@maplebear.sg,
201600000127,PT9249,NURTURESTARS CHILD CARE,CC,Childcare Centre,9.0,SENTUL CRESCENT,3.0,1.0,,828654,62220859.0,marlinxu@nurturestars.sg,
201600000134,PT9281,BIG FOOT PRE SCHOOL LLP,CC,Childcare Centre,196.0,WEST COAST ROAD,,,,127375,67781473.0,ADIRAI69@YAHOO.COM,
201600000141,16C0066,PRISTINE DENTALWORKS FAMILY DENTAL CENTRE,HC,Healthcare Institution,492.0,JURONG WEST STREET 41,1.0,32.0,,640492,65625788.0,,
201600000231,PT9272,BRIGHT JUNIORS PTE LTD,CC,Childcare Centre,248.0,JURONG EAST STREET 24,1.0,72.0,,600248,65608786.0,jurongeast@brightjuniors.com.sg,
201600000232,PT9273,BRIGHT JUNIORS PTE LTD,CC,Childcare Centre,372.0,TAMPINES STREET 34,1.0,20.0,,520372,67836601.0,tampines34@brightjuniors.com.sg,
201600000233,PT9271,BRIGHT JUNIORS PTE LTD,CC,Childcare Centre,460.0,TAMPINES STREET 42,1.0,312.0,,520460,67880603.0,tampines42@brightjuniors.com.sg,
201600000234,PT9278,KIDDIWINKIE SCHOOLHOUSE@GRANDSTAND PTE LTD,CC,Childcare Centre,39.0,CACTUS CRESCENT,,,,809741,64821956.0,evonne.yeo@kiddiwinkie.com.sg,
201600000235,PT9276,LITTLE FOOTPRINTS PRESCHOOL PTE LTD,CC,Childcare Centre,1.0,TUNG PO AVENUE,,,MUN WAH GARDEN,787149,64566967.0,jerrica.lok@littlefootprints.com.sg,
201600000261,PT9267,MULBERRY LEARNING CENTRE CENTRAL PTE LTD,CC,Childcare Centre,1.0,ANTHONY ROAD,2.0,6.0,CAIRNHILL COMMUNITY CLUB,229944,90031454.0,cici@global-eduhub.com,
201600000285,16D0166,RAFFLESDENTAL,HC,Healthcare Institution,118.0,HOLLAND AVENUE,5.0,,RAFFLES HOLLAND V,278997,62552722.0,siek_michelle@rafflesmedical.com,
201600000286,16M0167,RAFFLESSPECIALISTS,HC,Healthcare Institution,118.0,HOLLAND AVENUE,5.0,,RAFFLES HOLLAND V,278997,62552202.0,specialistshollandv@raffleshospital.com,
201600000313,PT9280,MAPLEBEAR KIDS' KINGDOM PTE. LTD.,CC,Childcare Centre,451.0,JOO CHIAT ROAD,4.0,1.0,KATONG POINT,427664,62477871.0,principal-katong@maplebear.sg,
201600000330,MCPHA1600066,GUARDIAN PHARMACY (TIONG BAHRU PLAZA),PH,Pharmacy,302.0,TIONG BAHRU ROAD,,125.0,TIONG BAHRU PLAZA,168732,62763976.0,gtbr@guardian.com.sg,
201500000772,PT9203,NOBLELAND ARTS N LEARNING PLACE @CLEMENTI PTE. LTD.,CC,Childcare Centre,,CLEMENTI AVENUE 4,1.0,187.0,,123311,64641356.0,MSSHIAN@GMAIL.COM,
201500000773,PT9204,NOBLELAND ARTS N LEARNING PLACE @PUNGGOL PTE. LTD.,CC,Childcare Centre,261.0,PUNGGOL WAY,1.0,7.0,MULTI STOREY CAR PARK,820261,64445485.0,MSSHIAN@GMAIL.COM,
201500000774,PT9202,NOBLELAND ARTS N LEARNING PLACE @WATERWAY PTE. LTD.,CC,Childcare Centre,,PUNGGOL DRIVE,2.0,512.0,,821665,64816338.0,MSSHIAN@GMAIL.COM,
201500000778,SK0006,SKOOL4KIDZ CENTRE,CC,Childcare Centre,,TAMPINES CENTRAL 7,1.0,51.0,,521524,68536469.0,tampinescc@skool4kidz.com.sg,
201500000780,15D0348,PETITE SMILES CHILDREN'S DENTAL CLINIC,HC,Healthcare Institution,10.0,SINARAN DRIVE,11.0,,SQUARE 2,307506,62508669.0,,
201500000783,RC1777,BETHEL TOTS CENTRE,CC,Childcare Centre,100.0,ALJUNIED CRESCENT,1.0,369.0,,380100,68418762.0,joannakgk@yahoo.com.sg,
201500000787,SS20157879,OPTIC POINT TAMPINES,OS,Optical Shop,,TAMPINES STREET 21,1.0,1147.0,,524201,67867661.0,info.sg@mog.com.my,
201500000788,SS20157877,SPEX ANG MO KIO,OS,Optical Shop,61.0,ANG MO KIO AVENUE 8,1.0,17.0,JUBILEE ENTERTAINMENT COMPLEX,569814,64555918.0,info.sg@mog.com.my,
201500000789,SS20157878,SPEX PASIR RIS,OS,Optical Shop,625.0,ELIAS ROAD,1.0,330.0,ELIAS MALL,510625,65810677.0,info.sg@mog.com.my,
201600000433,SS20167933,Yeta Optical,OS,Optical Shop,399.0,YUNG SHENG ROAD,1.0,16.0,Taman Jurong Shopping Centre,610399,62653548.0,yetatoptical@yahoo.com.sg,
201700000336,EP16125,ALL HANDS TOGETHER PTE LTD,EI,Early Intervention Programmes,5.0,STADIUM WALK,4.0,9.0,LEISURE PARK KALLANG,397693,,gayathri@allhandstogether.com,
201700000337,17M0185,AICARE FAMILY CLINIC,HC,Healthcare Institution,83.0,LORONG 2 TOA PAYOH,1.0,457.0,TOA PAYOH PEAKVIEW,310083,62667820.0,aicarefamilyclinic@gmail.com,
201700000338,17M0186,C3 FAMILY CLINIC @ALJUNIED CRESCENT,HC,Healthcare Institution,95.0,ALJUNIED CRESCENT,1.0,509.0,MACPHERSON VIEW,380095,67422285.0,c3aljuniedcrescent@gmail.com,
201700000339,17M0184,SOG CLINIC FOR CHILDREN,HC,Healthcare Institution,319.0,JOO CHIAT PLACE,4.0,6.0,PARKWAY EAST MEDICAL CENTRE,427989,64407266.0,,
201700000411,17M0228,ALLHEALTH FAMILY CLINIC,HC,Healthcare Institution,,TAMPINES STREET 86,1.0,1.0,,523872,67026467.0,allhealthm@gmail.com,
201500000782,PT9206,CAMBERLEY INTERNATIONAL PRE-SCHOOL PRIVATE LIMITED,CC,Childcare Centre,271.0,BUKIT TIMAH ROAD,2.0,16.0,BALMORAL PLAZA,259708,62357555.0,ENQUIRIES@CAMBERLEY-EDU.COM,
201600000389,16D0233,Q & M DENTAL SURGERY (HOUGANG),HC,Healthcare Institution,1187.0,UPPER SERANGOON ROAD,1.0,55.0,THE MIDTOWN,533971,63862339.0,,
201600000445,PT9328,CREATIVELAND CHILDCARE AND DEVELOPMENT CENTRE@YEW TEE PTE LTD,CC,Childcare Centre,634.0,CHOA CHU KANG NORTH 6,1.0,289.0,,680634,67627797.0,gracious1965@gmail.com,
201600000451,16C0273,TLC DENTAL CENTRE,HC,Healthcare Institution,360.0,ORCHARD ROAD,5.0,5.0,INTERNATIONAL BUILDING,238869,63386639.0,,
201600000453,16C0274,HO DENTAL SURGERY,HC,Healthcare Institution,57.0,MARINE TERRACE,1.0,117.0,,440057,62422687.0,,
201600000454,16M0275,ISLAND FAMILY CLINIC (KEAT HONG),HC,Healthcare Institution,803.0,KEAT HONG CLOSE,1.0,4.0,,680803,68910847.0,ifckeathong@gmail.com,
201600000463,16D0281,ADVANCED DENTAL CLINIC BUKIT PANJANG PTE LTD,HC,Healthcare Institution,258.0,BUKIT PANJANG RING ROAD,1.0,60.0,BUKIT PANJANG NEW TOWN,670258,67662663.0,,
201600000541,16M0332,ONECARE CLINIC CHOA CHU KANG,HC,Healthcare Institution,810.0,CHOA CHU KANG AVENUE 7,1.0,9.0,MULTI STOREY CAR PARK,680810,67666146.0,choachukang@onecaremedical.com.sg,
201600000542,16M0331,PACIFIC MEDICAL CLINIC,HC,Healthcare Institution,290.0,ORCHARD ROAD,12.0,1.0,PARAGON,238859,68836955.0,kelvinng@pachealthholdings.com,
201700000127,SS20177960,F CHEW OPTICS,OS,Optical Shop,282.0,BISHAN STREET 22,1.0,155.0,BISHAN SHOPPING MALL,570282,64512295.0,sunnyrvf@yahoo.com,
201700000447,EP16130,AWWA KIM KEAT EIC,EI,Early Intervention Programmes,195.0,KIM KEAT AVENUE,1.0,294.0,,310195,,tim_oei@awwa.org.sg,
201700000469,17M0261,NATIONAL HEALTHCARE GROUP POLYCLINICS (GEYLANG),HC,Healthcare Institution,21.0,GEYLANG EAST CENTRAL,,,,389707,95476456.0,,
201700000470,17M0260,QUEENSTOWN POLYCLINIC,HC,Healthcare Institution,580.0,STIRLING ROAD,,,,148958,66636847.0,,
201700000479,PT9402,CHESTON MONTESSORI PRESCHOOLS PTE LTD,CC,Childcare Centre,220.0,CLEMENTI AVENUE 4,3.0,1.0,CLEMENTI COMMUNITY CENTRE,129880,62507558.0,CONTACT@CHESTONMONTESSORI.COM,
201700000480,PT9390,CHILDREN'S COVE PRESCHOOL PTE.LTD.,CC,Childcare Centre,58.0,JALAN PENJARA,,,,149382,96712753.0,JOANNE@CHILDRENSCOVE.SG,
201700000483,PT9399,BRAINY BUNCH WOODLANDS PTE LTD,CC,Childcare Centre,21.0,WOODLANDS CLOSE,1.0,10.0,PRIMZ BIZHUB,737854,62657344.0,WOODLANDS@BRAINYBUNCH.COM,
201600000378,16M0228,MINMED CLINIC (JURONG EAST),HC,Healthcare Institution,50.0,JURONG GATEWAY ROAD,4.0,17.0,JEM,608549,63330123.0,je@minmed.sg,
201600000379,16D0225,NUFFIELD DENTAL SELETAR,HC,Healthcare Institution,1.0,SELETAR ROAD,1.0,,THE GREENWICH V,807011,64814261.0,seletar@nuffielddental.com.sg,
201600000391,PT9303,KIDDIWINKIE SCHOOLHOUSE @ GRANDSTAND PTE. LTD.,CC,Childcare Centre,18.0,SOMMERVILLE WALK,,,,358187,62858826.0,audrey.christee@kiddiwinkie.com.sg,
201600000392,PT9297,MAPLEBEAR SMARTCUBS PTE. LTD.,CC,Childcare Centre,2.0,KALLANG AVENUE,4.0,16.0,CT HUB,339407,64937168.0,principal-lavender@maplebear.sg,
201600000423,16M0256,I-KIDZ CHILDREN'S CLINIC,HC,Healthcare Institution,290.0,ORCHARD ROAD,20.0,3.0,THE PARAGON,238859,62354788.0,,
201600000490,16C0308,TEMASEK MEDICAL CENTRE,HC,Healthcare Institution,406.0,SEMBAWANG DRIVE,1.0,824.0,,750406,65551155.0,tmc_sembawang@yahoo.com.sg,
201600000494,16C0309,TEMASEK MEDICAL CENTRE,HC,Healthcare Institution,413.0,BUKIT BATOK WEST AVE 4,1.0,214.0,,650413,65656556.0,temasek_med_ctr@yahoo.com.sg,
201700000005,PT9713,GRACE HOUSE @ TANGLIN PTE LTD,KN,Kindergarten,355.0,TANGLIN ROAD,2.0,,GRACE ASSEMBLY OF GOD CHURCH,247960,91999398.0,gh_tanglin@gracehouse.com.sg,
201700000007,17M0003,YARRA MEDICAL CLINIC,HC,Healthcare Institution,1.0,WEST COAST DRIVE,1.0,11.0,NEWEST,128020,62643703.0,yarramedicalclinic@gmail.com,
201600000474,16M0292,ACCESS MEDICAL (TOA PAYOH),HC,Healthcare Institution,66.0,LORONG 4 TOA PAYOH,1.0,,,310066,62528223.0,BETTERHEALTH@ACCESSMEDICAL.COM.SG,
201600000478,16D0294,LUMINOUS DENTAL CLINIC @ TAMPINES PLAZA,HC,Healthcare Institution,5.0,TAMPINES CENTRAL 1,1.0,1.0,TAMPINES PLAZA,529541,65382001.0,ENQUIRIES@LUMINOUSDENTALGROUP.COM,
201600000491,MCPHA1600068,GUARDIAN PHARMACY (THE CENTREPOINT),PH,Pharmacy,176.0,ORCHARD ROAD,,,THE CENTREPOINT,238843,68357453.0,gtcp@guardian.com.sg,
201600000492,MCPH1600477,WATSON'S PERSONAL CARE STORES PTE LTD (COMPASS ONE),PH,Pharmacy,1.0,SENGKANG SQUARE,2.0,9.0,COMPASS ONE,545078,63864075.0,shanavas.rusana@watsons.com.sg,
201700000146,CPE556818,AUSTRALIAN INTERNATIONAL SCHOOL PTE LTD,KP,CPE Kindergarten,1.0,LORONG CHUAN,,,AUSTRALIAN INTERNATIONAL SCHOOL,556818,,ANGELINA.TEE@COGNITASCHOOLS.SG,
201700000364,SS20177979,OPTICAL CITY,OS,Optical Shop,258.0,PASIR RIS ST 21,1.0,15.0,LOYANG POINT,510258,65847185.0,leonardchinl@hotmail.com,
201700000365,SS20177982,TIEN YA OPTOMETRISTS,OS,Optical Shop,252.0,JURONG EAST STREET 24,1.0,159.0,,600252,64255251.0,janicetgy@gmail.com,
201700000385,SS20177981,VISION LAB EYEWEAR,OS,Optical Shop,1.0,JURONG EAST STREET 21,2.0,17.0,NG TENG FONG GENERAL HOSPITAL,609606,64580025.0,jingyi@visionlabeyewear.com.sg,
201600000545,NT0566,MY FIRST SKOOL,CC,Childcare Centre,51.0,FERNVALE LINK,,,,797536,66349989.0,INFO@MYFIRSTSKOOL.COM,
201600000643,16M0376,KIDSHEALTH PAEDIATRIC CLINIC,HC,Healthcare Institution,156.0,YISHUN STREET 11,1.0,120.0,,760156,67177733.0,siokying@yahoo.com,
201600000646,16M0373,TWL SPECIALIST SKIN & LASER CENTRE,HC,Healthcare Institution,101.0,IRRAWADDY ROAD,17.0,7.0,ROYAL SQUARE AT NOVENA,329565,63550522.0,manager@twlskin.com,
201600000658,16M0389,VITACARE FAMILY CLINIC@PUNGGOL WEST PTE LTD,HC,Healthcare Institution,218.0,SUMANG WALK,1.0,5.0,,820218,65383693.0,vita2medical@gmail.com,
201700000025,17M0009,NEWEST MEDICAL AND LASER CLINIC PTE LTD,HC,Healthcare Institution,1.0,WEST COAST DRIVE,1.0,,NEWEST,128020,62660451.0,DODOSHOU@YAHOO.COM,
201700000026,17M0010,NORTHEAST MEDICAL GROUP,HC,Healthcare Institution,2450.0,ANG MO KIO AVENUE 8,1.0,2.0,ANG MO KIO MRT STATION,569811,64524910.0,amk@nemg.com.sg,
201700000029,17M0013,CURAMED MEDICAL AND AESTHETIC CLINIC,HC,Healthcare Institution,988.0,UPPER SERANGOON ROAD,1.0,6.0,STARS OF KOVAN,534733,65130529.0,CURAMEDMEDICAL@GMAIL.COM,
201700000030,17D0017,DENTALWORKZ STUDIO,HC,Healthcare Institution,,TOA PAYOH CENTRAL,1.0,49.0,,315079,68844051.0,,
201700000031,17M0016,FAITH HEALTHCARE (TAMPINES),HC,Healthcare Institution,11.0,TAMPINES STREET 32,1.0,11.0,TAMPINES MART,529287,64433843.0,faithmedicalgroup@hotmail.com,
201700000032,17M0012,LIVEWELL MEDICAL FAMILY CLINIC,HC,Healthcare Institution,20.0,AH HOOD ROAD,1.0,8.0,ZHONGSHAN MALL,329984,69099888.0,clinic@livewellmedical.com.sg,
201700000044,PT9354,DISCOVERY KIDZ EMPIRE PTE. LTD.,CC,Childcare Centre,96.0,FARRER ROAD,,,CHIP HOCK GARDENS,259225,64668386.0,ZUBAIDAHMDHANIFFA@HOTMAIL.COM,
201700000045,PT9580,TOTSVILLE MONTESSORI KINDERGARTEN PTE LTD,KN,Kindergarten,720.0,PASIR RIS STREET 72,1.0,105.0,,510720,97456943.0,kenny@totsville.com.sg,
201700000046,ST0368,PCF SPARKLETOTS PRESCHOOL @ PUNGGOL COAST BLK 676B (DS),KN,Kindergarten,,PUNGGOL DRIVE,2.0,274.0,,822676,68817901.0,Janice.goonxx@pcf.org.sg,
201700000692,17M0398,ACCESS MEDICAL (TAMPINES 730),HC,Healthcare Institution,730.0,TAMPINES STREET 71,1.0,51.0,TAMPINES COURTVIEW,520730,65887833.0,ACCESSMEDICALPL@GMAIL.COM,
201700000708,PT9499,K-JOY EDUCARE PTE LTD,CC,Childcare Centre,768.0,WOODLANDS AVENUE 6,2.0,1.0,WOODLANDS MART,730768,63650010.0,keswmart@kinderland.com.sg,
201700000714,17D0412,KONG DENTAL SURGERY (JURONG),HC,Healthcare Institution,134.0,JURONG GATEWAY ROAD,2.0,207.0,,600134,67695833.0,jurong@kongdental.com,
201800000005,18D0004,LUMINOUS DENTAL CLINIC @ YISHUN,HC,Healthcare Institution,1.0,NORTHPOINT DRIVE,2.0,150.0,NORTHPOINT CITY,768019,62500355.0,rebecca.tan@luminousdentalgroup.com,
201800000049,PT9435,SDM-MORIAH PRESCHOOL (FLORA VISTA) PTE LTD,CC,Childcare Centre,7.0,ANG MO KIO STREET 66,1.0,18.0,FLORAVISTA,567708,64830169.0,sdmmoriah_fv@sdmgroup.sg,
201800000056,18D0030,GLEE! DENTAL SURGERY,HC,Healthcare Institution,95.0,ALJUNIED CRESCENT,1.0,497.0,MACPHERSON VIEW,380095,65475038.0,gleedentalsurgery@gmail.com,
201800000058,18M0032,SNEC EYE CLINIC @ BEDOK,HC,Healthcare Institution,212.0,BEDOK NORTH STREET 1,3.0,,,460212,62277255.0,pauline.chan.p.l@snec.com.sg,
201800000067,PT9442,CHILDCARE @ THE ENRICHMENT PTE LTD,CC,Childcare Centre,20.0,JURONG WEST STREET 93,1.0,1.0,JURONG WEST SPORTS & RECREATION,648965,81881423.0,lala@enrichment.com.sg,
201800000073,18M0038,FRONTIER MEDICAL ASSOCIATES,HC,Healthcare Institution,105.0,CANBERRA STREET,1.0,11.0,,750105,62665080.0,admin@frontierhealthcare.com.sg,
201800000075,18D0036,MY FAMILY DENTAL SERANGOON,HC,Healthcare Institution,253.0,SERANGOON CENTRAL DRIVE,1.0,199.0,,550253,62843135.0,myfamilydentalserangoon@gmail.com,
201800000076,18M0037,ONECARE CLINIC WOODLANDS,HC,Healthcare Institution,4.0,WOODLANDS STREET 12,2.0,57.0,,738623,63632919.0,woodlands@onecaremedical.com.sg,
201800000091,18M0050,PAEDIATRIC AND ADULT CARDIOTHORACIC SURGERY,HC,Healthcare Institution,38.0,IRRAWADDY ROAD,8.0,34.0,MOUNT ELIZABETH NOVENA SPECIALIS,329563,62686201.0,loh.yee.jim@pactsurgery.com,
201700000089,17D0050,THE DENTAL IMPLANT CENTRE,HC,Healthcare Institution,1.0,RAFFLES PLACE,5.0,19.0,ONE RAFFLES PLACE,48616,65322644.0,info@thedentalimplantcentre.com.sg,
201700000090,17M0052,THE CHONG FAMILY CLINIC PTE LTD,HC,Healthcare Institution,442.0,CLEMENTI AVENUE 3,1.0,113.0,,120442,62661998.0,thechongfamilyclinic@gmail.com,
201700000160,PT9372,CHATSWORTH PRESCHOOL,CC,Childcare Centre,,EDGWARE ROAD,,,,799752,64815585.0,LTAN@CHATSWORTH.COM.SG,
201700000161,PT9359,LEARNING VISION @ WORK PTE LTD,CC,Childcare Centre,,PASIR PANJANG ROAD,1.0,7.0,INTERLOCAL CENTRE,118523,62664431.0,GayathriDharamraj@learningvision.com,
201700000162,YM0169,MY WORLD PRESCHOOL LTD.,CC,Childcare Centre,,YISHUN STREET 51,1.0,442.0,YISHUN PALM BREEZE,763502,62572101.0,CCYIS.PALMBREEZE@MYWORLD.ORG.SG,
201700000164,17M0100,NUH CHILD DEVELOPMENT UNIT @ KEAT HONG,HC,Healthcare Institution,2.0,CHOA CHU KANG LOOP,3.0,1.0,KEAT HONG COMMUNITY CLUB,689687,67694537.0,jasmine_lay_peng_tan@nuhs.edu.sg,
201500000659,SS20157873,FIRST EYEWEAR CENTRE PTE LTD,OS,Optical Shop,713.0,East Coast Road,,,,459066,65382919.0,firsteyewear@gmail.com,
201600000280,SS20167914,Unique Optic,OS,Optical Shop,,CHAI CHEE ROAD,1.0,377.0,,461027,,okaren2679@yahoo.com.sg,
201700000334,SS20177977,SUPERIOR OPTIK PTE LTD,OS,Optical Shop,61.0,ANG MO KIO AVENUE 8,1.0,17.0,,569814,,RESIDENTSOPTICAL@GMAIL.COM,
201700000386,SS20177980,ZOFF I SINGAPORE PTE LTD,OS,Optical Shop,181.0,ORCHARD ROAD,,2.0,ORCHARD CENTRAL,238896,65099786.0,cs.sg@zoff.com,
201700000415,17C0224,MINMED CLINIC (HAIG ROAD),HC,Healthcare Institution,30.0,HAIG RD,,,,438737,67410123.0,,
201700000418,17M0230,TAMPINES FAMILY MEDICINE CLINIC,HC,Healthcare Institution,1.0,TAMPINES WALK,3.0,34.0,OUR TAMPINES HUB,528523,67026022.0,tfmcoth@gmail.com,
201700000499,EP16132,KIDS INTERVENTION SPECIALIST PTE LTD (SPECIALKIDS EIP),EI,Early Intervention Programmes,101.0,SOO CHOW WALK,,,SOO CHOW GARDEN,575385,68732581.0,sj_tan@specialkidsclinic.com.sg,
201700000500,EP16133,CAPTAIN PANDA PTE LTD (EIP),EI,Early Intervention Programmes,144.0,TAMPINES STREET 12,1.0,392.0,,521144,65380086.0,CaptainPanda.EIC@gmail.com,
201700000662,PT9432,MAPLEBEAR LEARNING CENTRE PTE LTD,CC,Childcare Centre,12.0,PHILLIPS AVENUE,,,,546934,62808562.0,serangoongardens@maplebear.sg,
201700000674,17D0386,CLUNY COURT FAMILY DENTAL PTE. LTD.,HC,Healthcare Institution,501.0,BUKIT TIMAH ROAD,2.0,18.0,CLUNY COURT,259760,64679088.0,clunycourtfamilydental@gmail.com,
201700000696,PT9426,ACE @ WORK EDUCARE PTE LTD,CC,Childcare Centre,9.0,INTERNATIONAL BUSINESS PARK,,,MIWORLD,609915,68023508.0,ACEATWORKM1@GMAIL.COM,
201700000697,PT9428,MAPLEBEAR LEARNING GARDEN PTE LTD,CC,Childcare Centre,35.0,ROCHESTER DRIVE,3.0,11.0,THE ROCHESTER,138639,66590738.0,ROCHESTER@MAPLEBEAR.SG,
201700000702,17D0402,TORONTO DENTAL CARE,HC,Healthcare Institution,109.0,CLEMENTI STREET 11,1.0,23.0,SUNSET WAY RESIDENCE,120109,62586858.0,toronto@thedentalcare.com.sg,
201700000710,17M0410,AZATACA PLASTIC SURGERY,HC,Healthcare Institution,38.0,IRRAWADDY ROAD,6.0,48.0,MOUNT ELIZABETH NOVENA SPECIALIS,329563,67788648.0,azatacaplasticsurgery@gmail.com,
201700000711,17M0409,MINMED CLINIC (YISHUN),HC,Healthcare Institution,1.0,NORTHPOINT DRIVE,2.0,153.0,NORTHPOINT CITY,768019,65540123.0,YS@MINMED.SG,
201700000712,17M0408,RED DOT MEDICAL,HC,Healthcare Institution,,EDGEDALE PLAINS,2.0,6.0,WATERWAY SUNDEW,821660,69372388.0,christopheryeo_@hotmail.com,
201800000007,MCPH1700467,NATIONAL HEALTHCARE GROUP PHARMACY (ANG MO KIO),PH,Pharmacy,21.0,ANG MO KIO CENTRAL 2,2.0,0.0,,569666,,,
201800000008,MCPH1700470,UNITY BY FAIRPRICE (NPCT) NORTH POINT CITY,PH,Pharmacy,1.0,NORTHPOINT DRIVE,,,NORTHPOINT CITY,768019,64817195.0,munpt@fairprice.com.sg,
201700000051,17M0022,SUNBEAM MEDICAL CLINIC,HC,Healthcare Institution,,ANCHORVALE LINK,1.0,257.0,ANCHORVALE GARDENS,542318,68023642.0,sunbeam318b@gmail.com,
201700000056,17D0032,BALESTIER DENTAL SURGERY,HC,Healthcare Institution,10.0,WHAMPOA DRIVE,,,,327720,62501997.0,,
201700000057,17D0033,CLEMENTI DENTAL CENTRE,HC,Healthcare Institution,352.0,CLEMENTI AVENUE 2,1.0,103.0,CLEMENTI AVENUE 2 SHOPPING CENTR,120352,67796961.0,,
201700000059,17M0028,KINGSLEY FAMILY CLINIC,HC,Healthcare Institution,704.0,ANG MO KIO AVENUE 8,1.0,2551.0,,560704,62650669.0,kingsleymedi@gmail.com,
201700000061,17M0034,PANHEALTH FAMILY CLINIC (HOUGANG),HC,Healthcare Institution,,HOUGANG AVENUE 9,1.0,2.0,HOUGANG CRIMSON,532932,66101496.0,PANHEALTHHUGANG@GMAIL.COM,
201700000062,17M0030,"SBCC BABY & CHILD CLINIC - GASTROENTEROLOGY, NEONATOLOGY & PAEDIATRIC CENTRE",HC,Healthcare Institution,38.0,IRRAWADDY ROAD,5.0,,MOUNT ELIZABETH NOVENA SPECIALIS,329563,62555017.0,SBCC.NOVENA@SBCC.SG,
201700000076,PT9349,MAPLEBEAR EXPLORERS PTE. LTD.,CC,Childcare Centre,81.0,TAGORE LANE,1.0,5.0,TAG A,787502,90214690.0,UPPERTHOMSON@MAPLEBEAR.SG,
201700000088,PT9581,TOTSVILLE MONTESSORI KINDERGARTEN (BISHAN),KN,Kindergarten,230.0,BISHAN STREET 23,,35.0,,570230,84187479.0,serene@totsville.com.sg,
201700000092,ST0369,PCF SPARKLETOTS PRESCHOOL @ KEAT HONG BLK 801 (DS),KN,Kindergarten,801.0,KEAT HONG CLOSE,1.0,1.0,,680801,68910214.0,Patidar.Deepa.Vinay@PCF.Org.sg,
201700000093,ST0176,PCF SPARKLETOTS PRESCHOOL @ QUEENSTOWN BLK 53A (CC),CC,Childcare Centre,,STRATHMORE AVENUE,1.0,1.0,FORFAR HEIGHTS,143053,64751912.0,Shareefah.Abdul.Basseer@pcf.org.sg,
201700000141,PT9361,BRAINY BUNCH INTERNATIONAL MONTESSORI (SEMBAWANG),CC,Childcare Centre,17.0,JALAN CHERPEN,,,SEMBAWANG ROAD,769923,66763221.0,MURNI@BRAINYBUNCH.COM,
201500000689,PT9197,TWINKLEKIDZ @ BENDEMEER PTE. LTD.,CC,Childcare Centre,80.0,BENDEMEER ROAD,1.0,7.0,HYFLUX INNOVATION CENTRE,339949,65382318.0,bendemeer@twinklekidz.com,
201500000691,PT9195,SMI PRESCHOOL PTE. LTD.,CC,Childcare Centre,414.0,PANDAN GARDENS,1.0,135.0,,600414,96260038.0,CHUAWS@SMARTTEAM.COM.SG,
201500000692,PT9200,PICKET FENCE @ YISHUN PTE. LTD.,CC,Childcare Centre,6.0,YISHUN INDUSTRIAL STREET 1,1.0,3.0,NORTH VIEW BIZHUB,768090,66109776.0,yishun@pf-edu.com,
201500000698,PT9199,ACEKIDZ @ SG PTE. LTD.,CC,Childcare Centre,,YUNG KUANG ROAD,1.0,15.0,,611175,67107532.0,jurong@acekidz.sg,
201500000699,PT9201,ACEKIDZ @ SG PTE. LTD.,CC,Childcare Centre,,YISHUN AVENUE 9,1.0,180.0,,763315,67107545.0,yishun@acekidz.sg,
201700000216,EP16121,AWWA LTD,EI,Early Intervention Programmes,660.0,HOUGANG AVENUE 8,1.0,375.0,,530660,65117020.0,Karthik@awwa.org.sg,
201700000405,SS20177989,THE POINT OPTICAL PTE LTD,OS,Optical Shop,505.0,TAMPINES CENTRAL 1,1.0,359.0,,520505,62590115.0,thepointoptical@hotmail.com,
201700000406,SS20177985,EYECARE STUDIO OPTOMETRIST,OS,Optical Shop,23.0,SERANGOON CENTRAL,4.0,58.0,NEX,556083,66368223.0,SALES@EYECARE-STUDIO.COM,
201700000407,SS20177984,UNIVERSAL OPTICAL PTE LTD,OS,Optical Shop,18.0,TAI SENG STREET,1.0,27.0,,539775,,universal.optical.pte.ltd@gmail.com,
201700000408,SS20177983,O.H EYE,OS,Optical Shop,,1 WOODLANDS ROAD,1.0,16.0,JUNCTION TEN,677899,,oheyesc@gmail.com,
201700000423,RC1782,SUPER TALENT CHILDCARE LTD,CC,Childcare Centre,218.0,ANG MO KIO AVENUE 1,1.0,925.0,,560218,65521058.0,angmokio@supertalent.com.sg,
201700000449,PT9385,CANBERRA PRESCHOOL PTE LTD,CC,Childcare Centre,3.0,GAMBAS CRESCENT,1.0,3.0,NORDCOM ONE,757088,69002271.0,ESTHER@CANBERRAPRESCHOOL.COM.SG,
201700000699,SS20178008,W OPTICS,OS,Optical Shop,1.0,SENGKANG SQUARE,2.0,48.0,COMPASS POINT,545078,63884790.0,compassone@woptics.sg,
201700000700,SS20178006,W OPTICS,OS,Optical Shop,311.0,NEW UPPER CHANGI ROAD,1.0,,BEDOK MALL SINGAPORE,467360,68449668.0,bedokmall@woptics.sg,
201700000187,PT9367,GLOBAL TOTS @ MOUNTBATTEN PTE LTD,CC,Childcare Centre,,CRESCENT ROAD,,,,439291,64780480.0,MOUNTBATTEN@GLOBALTOTS.COM.SG,
201700000194,17M0122,MY CLINIC,HC,Healthcare Institution,9.0,KING ALBERT PARK,1.0,50.0,KAP,598332,66108335.0,MYFAKAP@GMAIL.COM,
201700000195,17D0126,OCEAN DENTAL,HC,Healthcare Institution,721.0,CLEMENTI WEST STREET 2,1.0,118.0,,120721,62663011.0,contact@oceandental.sg,
201700000226,17M0142,ACUMED MEDICAL GROUP,HC,Healthcare Institution,,COMPASSVALE DRIVE,1.0,2.0,,543215,63850113.0,ENQUIRY@ACUMED.COM.SG,
201700000238,17D0147,THE DENTAL LODGE SEMBAWANG,HC,Healthcare Institution,120.0,CANBERRA CRESCENT,1.0,5.0,MULTI STOREY CAR PARK,750120,64810010.0,DENTALLODGESG@GMAIL.COM,
201700000268,17M0162,ROYAL CARE MEDICAL FAMILY CLINIC CHOA CHU KANG,HC,Healthcare Institution,818.0,CHOA CHU KANG AVENUE 1,1.0,13.0,,680818,67608784.0,cckroyal@gmail.com,
201700000269,17C0165,SMILEWORKS @ MIRAGE PTE. LTD.,HC,Healthcare Institution,818.0,CHOA CHU KANG AVENUE 1,1.0,12.0,,680818,63631982.0,yk@smileworks.com.sg,
201700000270,PT9383,MULBERRY LEARNING CENTRE CENTRAL PTE LTD,CC,Childcare Centre,,SHENTON WAY,3.0,1.0,,68815,90031454.0,cici@global-eduhub.com,
201700000366,EP16127,DYNAMICS THERAPY CENTRE FOR KIDS PTE LTD,EI,Early Intervention Programmes,583.0,ORCHARD ROAD,13.0,,FORUM,238884,61009235.0,inquiry@dynamics.com.sg,
201800000108,SS20188018,SPECTACLES CENTRE,OS,Optical Shop,,TAMPINES ST 21,1.0,1113.0,,524201,67848482.0,spectaclescentre@hotmail.com,
201800000208,18M0118,DR JOYCE & PARTNERS FAMILY CLINIC,HC,Healthcare Institution,,SUMANG LANE,1.0,1.0,MATILDA EDGE,821224,69267607.0,admin@drjoycepartners.com,
201800000210,18M0119,WHITECOAT MEDICAL,HC,Healthcare Institution,201.0,HENDERSON ROAD,5.0,,APEX @ HENDERSON,159545,69096609.0,contactus@whitecoat.global,
201800000211,MCPHA1800535,GUARDIAN PHARMACY (CHANGI T3 BASEMENT 2 NORTH),PH,Pharmacy,65.0,AIRPORT BOULEVARD,,24.0,CHANGI AIRPORT TERMINAL 3,819663,62828532.0,gt3b@guardian.com.sg,
201800000213,MCPH1800513,UNITY BY FAIRPRICE (HSPH) SPORTS HUB,PH,Pharmacy,1.0,STADIUM PLACE,1.0,29.0,,397628,,,
201500000770,PT9196,MULBERRY LEARNING CENTRE ALEXANDRA PTE LTD,CC,Childcare Centre,12.0,HOY FATT ROAD,2.0,1.0,BRYTON HOUSE,159506,90031454.0,cici@global-eduhub.com,
201500000771,PT9216,JUST KIDS @ WOODLANDS PTE. LTD.,CC,Childcare Centre,769.0,WOODLANDS DRIVE 60,1.0,130.0,,730769,62694337.0,WOODLANDS@JUSTKIDS.COM.SG,
201700000387,PT9403,IMAN CHILDCARE (BUKIT BATOK) PTE LTD,CC,Childcare Centre,277.0,BUKIT BATOK EAST AVENUE 3,2.0,373.0,,650277,65615466.0,sabrina@iman.edu.sg,
201800000009,MCPH1700449,WATSON'S PERSONAL CARE STORES PTE LTD (NORTH POINT),PH,Pharmacy,1.0,NORTHPOINT DRIVE,,,NORTHPOINT CITY,768019,62570856.0,sofia.barvin@watsons.com.sg,
201800000013,ST0185,PCF SPARKLETOTS PRESCHOOL @ TAMPINES WEST BLK 887 (CC),CC,Childcare Centre,887.0,TAMPINES STREET 81,,,,520887,67836365.0,Rohani.Bte.Chichik@pcf.org.sg,
201800000016,18M0009,FRONTIER MEDICAL ASSOCIATES,HC,Healthcare Institution,691.0,WOODLANDS DRIVE 73,1.0,4.0,,730691,63141098.0,admin@frontierhealthcare.com.sg,
201800000018,18M0008,LIAU KH SPECIALIST CLINIC,HC,Healthcare Institution,38.0,IRRAWADDY ROAD,8.0,,MOUNT ELIZABETH NOVENA SPECIALIS,329563,66906813.0,drliaukh@gmail.com,
201800000020,18M0010,I.MEDICAL & I.AESTHETICS,HC,Healthcare Institution,1.0,NORTHPOINT DRIVE,,176.0,NORTHPOINT CITY,768019,62541622.0,imedicalaestheticsstaff@gmail.com,
201800000041,EP16136,NUH CHILD DEVELOPMENT UNIT (KEAT HONG),EI,Early Intervention Programmes,2.0,CHOA CHU KANG LOOP,3.0,1.0,KEAT HONG COMMUNITY CLUB,689687,,jasmine_lay_peng_tan@nuhs.edu.sg,
201800000063,MCPH1800017,WOODS PHARMACY PTE LTD,PH,Pharmacy,4.0,WOODLANDS STREET 12,2.0,19.0,,738623,63621460.0,avun@woodspharmacy.com.sg,
201800000064,MCPH1800038,WATSON'S PERSONAL CARE STORES PTE LTD (HEARTBEAT@BEDOK),PH,Pharmacy,11.0,BEDOK NORTH STREET 1,1.0,,HEARTBEAT @ BEDOK,469662,,wengchee@watsons.com.sg,
201800000065,ST0187,PCF SPARKLETOTS PRESCHOOL @ MACPHERSON BLK 54 (CC),CC,Childcare Centre,54.0,PIPIT ROAD,1.0,52.0,,370054,67461524.0,Suzana.Pragash@pcf.org.sg,
201800000081,PT9453,MAPLEBEAR ELITE PRESCHOOL PTE LTD,CC,Childcare Centre,50.0,YUNNAN DRIVE 1,,,,638270,85110339.0,jurongwest@maplebear.sg,
201800000082,PT9438,SAFARI HOUSE PRESCHOOL BISHAN,CC,Childcare Centre,37.0,JALAN PEMIMPIN,2.0,3.0,MAPEX,577177,62501283.0,MAPEX@SAFARIHOUSE.COM,
201600000570,SS20177959,Vision Optik,OS,Optical Shop,303.0,WOODLANDS STREET 31,1.0,169.0,,730303,63657775.0,visionoptik1708@gmail.com,
201700000155,PT9363,JUNIOR CHAMPS EDUCAMPUS PTE LTD,CC,Childcare Centre,18.0,TAI SENG STREET,2.0,2.0,18 TAI SENG,539775,63866200.0,ENQUIRY.TS@JUNIORCHAMPS.COM.SG,
201700000156,PT9375,STAR LEARNERS @ HOUGANG CENTRAL PTE LTD,CC,Childcare Centre,434.0,HOUGANG AVENUE 8,1.0,904.0,,530434,62500173.0,MENGWEI.TAN@STARLEARNERS.COM.SG,
201700000157,PT9374,STAR LEARNERS @ UBI PTE LTD,CC,Childcare Centre,315.0,UBI AVENUE 1,1.0,409.0,,400315,62500173.0,mengwei.tan@starlearners.com.sg,
201700000176,17M0111,KENSINGTON SQUARE MEDICAL CLINIC AND SURGERY,HC,Healthcare Institution,2.0,JALAN LOKAM,1.0,57.0,KENSINGTON SQUARE,537846,69084391.0,ksqclinic@singnet.com.sg,
201700000182,PT9373,ALORA CHILDCARE (LENG KEE) PTE LTD,CC,Childcare Centre,400.0,LENGKOK BAHRU,,,LENG KEE COMMUNITY CENTRE,159049,62503807.0,INFO@ALORA.COM.SG,
201700000206,PT9379,CARPE DIEM CHILDCARE PTE LTD,CC,Childcare Centre,1.0,MARINE PARADE CENTRAL,5.0,1.0,PARKWAY CENTRE,449408,63459928.0,mp@carpediem.com.sg,
201700000280,17D0174,Q & M DENTAL SURGERY (YEW TEE),HC,Healthcare Institution,21.0,CHOA CHU KANG NORTH 6,1.0,32.0,YEW TEE POINT,689578,67945263.0,,
201700000284,17D0176,NEO SMILES DENTAL STUDIO KOVAN,HC,Healthcare Institution,210.0,HOUGANG STREET 21,1.0,273.0,,530210,63860700.0,hello@neosmiles.com.sg,
201700000434,EP16128,BRAINY JUNIOR GYM,EI,Early Intervention Programmes,80.0,PUNGGOL FIELD,3.0,1.0,,828815,63847909.0,enquiry.bjg@gmail.com,
201700000435,SS20177990,THE POINT OPTICAL PTE LTD,OS,Optical Shop,703.0,ANG MO KIO AVENUE 8,1.0,2533.0,,560703,62590115.0,thepointoptical@hotmail.com,
201500000614,RC1775,CHOW & CHOWS CHILDCARE & EARLY LEARNING CENTRE (CCK 542) LTD.,CC,Childcare Centre,542.0,CHOA CHU KANG STREET 52,1.0,66.0,,680542,64629973.0,ELIZABETH.CHOW@RUBYGROUP.COM.SG,
201500000622,PT9186,CARPE DIEM ACE LEARNERS PTE. LTD.,CC,Childcare Centre,2.0,BUKIT BATOK STREET 23,1.0,12.0,BUKIT BATOK CONNECTION,659554,62505919.0,BB3@CARPEDIEM.COM.SG,
201500000623,YM0163,MY WORLD PRESCHOOL LTD.,CC,Childcare Centre,462.0,SEMBAWANG DRIVE,1.0,223.0,,750462,64812905.0,ccsemb.drv@myworld.org.sg,
201500000626,PT9691,ACES MONTESSORI KIDZ KINDERGARTEN,KN,Kindergarten,1.0,PASIR RIS DRIVE 4,4.0,5.0,PASIR RIS EAST COMMUNITY CLUB,519457,98252289.0,aceskidz@yahoo.com.sg,
201500000627,RC1836,BEDOK METHODIST CHURCH KINDERGARTEN,KN,Kindergarten,86.0,86 BEDOK ROAD,,,BEDOK METHODIST CHURCH,469371,64458048.0,patsywee@bmc.org.sg,
201500000628,PT9626,BLUE HOUSE INTERNATIONAL,KN,Kindergarten,,TURF CLUB ROAD,,,BLUE HOUSE NURSERY & INTERNATION,287988,92245248.0,sarah.woon@bluehouseinternational.com,
201500000633,PT9685,JENIUS KINDERGARTEN,KN,Kindergarten,915.0,HOUGANG STREET 91,1.0,10.0,,530915,97229027.0,kenneth_tan@jeniustotshouse.com,
201500000634,PT9694,JOSIAH MONTESSORI KINDERGARTEN,KN,Kindergarten,5.0,TAMPINES STREET 32,2.0,1.0,TAMPINES MART,529284,94894578.0,lena.lim@josiah.com.sg,
201500000635,RC1816,KAMPUNG SIGLAP MOSQUE KINDERGARTEN,KN,Kindergarten,451.0,MARINE PARADE ROAD,3.0,,MASJID KAMPUNG SIGLAP,449283,62437060.0,hadijah@mks.org.sg,
201500000636,KG1131,KIDS4KIDS KINDERGARTEN,KN,Kindergarten,107.0,LORONG L TELOK KURAU,,,,425542,63458812.0,jessicawang@kits4kids.org,
201500000637,PT9643,KIZROO KINDERGARTEN PTE LTD,KN,Kindergarten,200.0,TURF CLUB ROAD,6.0,3.0,THE GRANDSTAND,287994,98161063.0,cradleacct@gmail.com,
201500000639,PT9683,D'LEARNING SPARKS MONTESSORI,KN,Kindergarten,103.0,103 JALAN KEMBANGAN,,,,419141,97365789.0,sharon88sg@hotmail.com,
201500000642,PT9637,MY PREP SCHOOL PTE. LTD.,KN,Kindergarten,9.0,SIGLAP ROAD,,,MANDARIN GARDENS,448910,96971937.0,nooranisaad@yahoo.com.sg,
201500000643,RC1882,NANYANG KINDERGARTEN,KN,Kindergarten,118.0,KING'S ROAD,,,NANYANG KINDERGARTEN,268155,64663375.0,pengmag@nanyangkindergarten.com,
201500000645,PT9641,PUTRA-PUTRI KINDERGARTEN,KN,Kindergarten,408.0,WOODLANDS STREET 41,1.0,9.0,,730408,63625424.0,PUTRAPUTRIKINDY@YAHOO.COM.SG,
201500000646,PT9645,RIPPLES MONTESSORI KINDERGARTEN,KN,Kindergarten,10.0,PARI BURONG,,,PICARDY GARDEN,488676,97571081.0,rinhogk@gmail.com,
201500000648,RC1853,SRI SATHYA SAI KINDERGARTEN,KN,Kindergarten,716.0,PASIR RIS STREET 72,1.0,9.0,,510716,93677934.0,jaikparikh@yahoo.com.sg,
201500000844,PT9220,RAINBOW COVE @ SIGLAP PTE. LTD.,CC,Childcare Centre,10.0,PALM AVENUE,2.0,1.0,SIGLAP POST OFFICE,456532,62413887.0,siglap@rainbowcove.com.sg,
201600000058,ST0162,PCF SPARKLETOTS PRESCHOOL@BEDOK RESERVOIR-PUNGGOL BLK 508 (CC),CC,Childcare Centre,508.0,HOUGANG AVENUE 10,1.0,93.0,BEDOK RESERVOIR-PUNGGOL VALE,530508,63869844.0,nuzurul.ashikin.shafiai@pcf.org.sg,
201800000214,PT9457,LITTLE PADDINGTON PRESCHOOL TANGLIN PARK PTE LTD,CC,Childcare Centre,314.0,TANGLIN ROAD,1.0,17.0,,247977,67322290.0,admin.tanglinpark@littlepaddington.com,
201800000223,18M0124,MY FAMILY CLINIC (ST GEORGE),HC,Healthcare Institution,2.0,ST. GEORGE'S ROAD,,,,328023,62922128.0,mfc.stg@alliance.md,
201800000225,PT9473,PEGASUS INTERNATIONAL PRESCHOOL PTE LTD,CC,Childcare Centre,72.0,KENG LEE ROAD,2.0,1.0,,219248,62918286.0,SGPEGASUS@GMAIL.COM,
201800000255,YM0174,MY WORLD PRESCHOOL LTD,CC,Childcare Centre,,SUMANG LANE,1.0,385.0,MATILDA COURT,821232,69001052.0,ccmtd.court@myworld.org.sg,
201800000257,SS20188029,EYESMILE OPTICAL,OS,Optical Shop,10.0,SENGKANG SQUARE,1.0,114.0,KOPITIAM SQUARE,544829,,eyesmileoptics@gmail.com,
201800000260,18D0143,CLEMENT DENTAL,HC,Healthcare Institution,4.0,EVERTON PARK,1.0,44.0,,80004,91432082.0,den90023@gmail.com,
201800000262,18M0144,PINNACLE FAMILY CLINIC (WOODLANDS),HC,Healthcare Institution,573.0,WOODLANDS DRIVE 16,1.0,6.0,,730573,67601623.0,WENRUI_1@HOTMAIL.COM,
201800000286,EB0016,E-BRIDGE PRE-SCHOOL PTE LTD,CC,Childcare Centre,92.0,TELOK BLANGAH STREET 31,2.0,257.0,,100092,62565965.0,TELOKBLANGAH@E-BRIDGE.EDU.SG,
201800000288,18M0157,DAYSPRING MEDICAL CLINIC (TAMPINES),HC,Healthcare Institution,2.0,TAMPINES CENTRAL 5,4.0,9.0,CENTURY SQUARE,529509,67890123.0,TP@DAYSPRING.SG,
201800000296,PT9471,CARPE DIEM @ NORDCOM PTE LTD,CC,Childcare Centre,3.0,GAMBAS CRESCENT,1.0,4.0,NORDCOM ONE,757088,68167731.0,KIAHHUI@CARPEDIEM.COM.SG,
201800000298,PT9469,MINDCHAMPS PRESCHOOL@BOON KENG PTE LTD,CC,Childcare Centre,,KALLANG PLACE,1.0,1.0,,339213,62913068.0,PEIYINCHEW@MINDCHAMPS.ORG,
201500000665,15D0283,SMILEARTS DENTAL STUDIO (TIONG BAHRU),HC,Healthcare Institution,,BOON TIONG ROAD,1.0,3.0,MULTI STOREY CAR PARK,161011,62711236.0,smileartstiongbahru@gmail.com,
201500000883,PT9221,WHIZ KIDS MONTESSORI @HOUGANG PTE LTD,CC,Childcare Centre,539.0,HOUGANG STREET 52,1.0,54.0,,530539,62838689.0,WHIZKIDSMONTESSORI@GMAIL.COM,
201500000887,15D0408,DENTAL @ UNI,HC,Healthcare Institution,70.0,STAMFORD ROAD,,27.0,SINGAPORE MANAGEMENT UNIVERSITY,178901,68370730.0,,
201500000888,MCPHA1500063,GUARDIAN PHARMACY (DEPARTURE/TRANSIT LOUNGE SOUTH),PH,Pharmacy,60.0,AIRPORT BOULEVARD,26.0,,CHANGI AIRPORT TERMINAL 2,819643,62431050.0,gds2@guardian.com.sg,
201500000897,15M0413,PLATINUM MEDICAL CENTRE PTE LTD,HC,Healthcare Institution,504.0,YISHUN STREET 51,1.0,2.0,MULTI STOREY CAR PARK,760504,62571134.0,,
201600000050,SS20167899,Your Eyevision Pte Ltd,OS,Optical Shop,505.0,TAMPINES CENTRAL 1,1.0,357.0,,520505,67817708.0,youreyevision@singnet.com.sg,
201600000320,SS20167929,Starlite optics and merchandise,OS,Optical Shop,636.0,BUKIT BATOK CENTRAL,1.0,6.0,,650636,65645633.0,crystalitework@gmail.com,
201600000431,PT9311,NASHWA CHILDCARE CENTRE,CC,Childcare Centre,406.0,JURONG WEST STREET 42,1.0,591.0,HONG KAH COURT,640406,97971261.0,ENQUIRIES@NASHWA.SG,
201600000546,PT9329,BRILLIANT TOTS ACADEMY PTE. LTD.,CC,Childcare Centre,26.0,SERANGOON AVENUE 1,,,,556141,62875535.0,BTOTS@ASIA.COM,
201600000571,16C0343,FAITH HEALTHCARE (RIVERVALE),HC,Healthcare Institution,11.0,RIVERVALE CRESCENT,2.0,15.0,RIVERVALE MALL,545082,63157879.0,FMG_ADMIN@HOTMAIL.COM,
201700000436,SS20177988,MIRAMAR OPTICAL CO,OS,Optical Shop,,TAMPINES STREET 23,1.0,90.0,,527201,67883387.0,moc_1981@yahoo.com.sg,
201800000130,SS20188019,W OPTICS,OS,Optical Shop,163.0,TANGLIN ROAD,3.0,,TANGLIN MALL,247933,69048160.0,tanglinmall@woptics.sg,
201800000202,SS20188023,W OPTICS,OS,Optical Shop,1.0,KIM SENG PROMENADE,2.0,20.0,GREAT WORLD CITY,237994,67335665.0,greatworldcity@woptics.sg,
201800000218,YM0173,MY WORLD PRESCHOOL LTD,CC,Childcare Centre,338.0,ANCHORVALE CRESCENT,1.0,12.0,MULTI STOREY CAR PARK,540338,62827059.0,CCACV.PARKVIEW@MYWORLD.ORG.SG,
201800000487,PT9501,SUNFLOWER PRESCHOOL @ BEDOK SOUTH PTE LTD,CC,Childcare Centre,159.0,BEDOK SOUTH AVE 3,1.0,1555.0,,460159,64451215.0,DORIS-STAR@HOTMAIL.COM,
201800000496,PT9511,THE LITTLE SKOOL-HOUSE INTERNATIONAL PTE LTD,CC,Childcare Centre,21.0,TAMPINES AVENUE 1,1.0,87.0,TEMASEK POLYTECHNIC,529757,69081239.0,IVYCHAI@LITTLESKOOLHOUSE.COM,
201800000497,PT9522,THE LITTLE SKOOL-HOUSE INTERNATIONAL PTE LTD,CC,Childcare Centre,5.0,TAMPINES CENTRAL 1,4.0,3.0,TAMPINES PLAZA,529541,92288036.0,alicia.lmj@littleskoolhouse.com,
201800000528,SS20188054,OPTOMETRIST@WORK,OS,Optical Shop,727.0,CLEMENTI WEST STREET 2,1.0,254.0,,120727,67736909.0,Muberg.llp@gmail.com,
201800000541,WP1113,LITTLE SEEDS PRESCHOOL @ GILSTEAD,CC,Childcare Centre,25.0,GILSTEAD ROAD,,,,309070,62546725.0,gilstead@sjck.org.sg,
201800000544,18M0318,I-HEALTH MEDICAL CLINIC,HC,Healthcare Institution,30.0,BENDEMEER ROAD,1.0,883.0,BENDEMEER VILLE,330030,62911371.0,manager@i-healthmedical.com,
201800000547,18C0316,MEENARA CLINIC,HC,Healthcare Institution,422.0,ANG MO KIO AVE 3,1.0,2536.0,,560422,64541003.0,meenaraclinic@gmail.com,
201800000550,MCPH1800807,UNITY BY FAIRPRICE (111S) TRIPLEONE SOMERSET,PH,Pharmacy,111.0,SOMERSET ROAD,1.0,,TRIPLEONE SOMERSET,238164,68881978.0,kauifong.chee@fairprice.com.sg,
201800000551,PT9518,STAR LEARNERS @ YISHUN PTE LTD,CC,Childcare Centre,2.0,YISHUN INDUSTRIAL STREET 1,1.0,18.0,NORTH POINT BIZHUB,768159,62500173.0,mengwei.tan@starlearners.com.sg,
201500000650,PT9592,WHITE LODGE BUKIT TIMAH PTE LTD,KN,Kindergarten,39.0,LINDEN DRIVE,,,RAFFLES PARK,288712,64688846.0,bt@whitelodge.edu.sg,
201500000651,PT9591,WHITE LODGE KINDERGARTEN EAST COAST PTE LTD,KN,Kindergarten,102.0,GUILLEMARD ROAD,2.0,1.0,SINGAPORE BADMINTON ASSOCIATION,399719,62554230.0,ganesh@whitelodge.edu.sg,
201500000654,RC1844,ZION KINDERGARTEN,KN,Kindergarten,,TAVISTOCK AVENUE,,,,555108,62861681.0,zionkinder@zionserangoon.org.sg,
201500000667,PT9189,STAR LEARNERS @ TAMPINES PTE. LTD.,CC,Childcare Centre,241.0,TAMPINES STREET 21,1.0,435.0,,520241,62500173.0,mengwei.tan@starlearners.com.sg,
201500000669,EP15105,DYSLEXIA ASSOCIATION OF SINGAPORE (DAS),EI,Early Intervention Programmes,17.0,TECK WHYE LANE,1.0,167.0,,680017,64648609.0,info@das.org.sg,
201500000677,PT9213,CHERRYBROOK PRESCHOOL THOMSON PTE. LTD.,CC,Childcare Centre,,MARIGOLD DRIVE,,,ADELPHI PARK ESTATE,576416,64514561.0,SERVICE@CHERRYBROOK.EDU.SG,
201500000813,SS20157882,Everfaith Optics,OS,Optical Shop,264.0,SERANGOON CENTRAL,1.0,223.0,BRADDELL HEIGHTS COMMUNITY HUB,550264,62840041.0,Everfaithoptics@yahoo.com.sg,
201500000875,PT9223,RAINBOW COVE @ BUTTERFLY PTE. LTD.,CC,Childcare Centre,110.0,BUTTERFLY AVENUE,,,SENNETT ESTATE,349844,62819302.0,butterfly@rainbowcove.com.sg,
201500000891,NT0563,MY FIRST SKOOL,CC,Childcare Centre,83.0,PUNGGOL CENTRAL,2.0,12.0,WATERWAY POINT,828761,66349989.0,INFO@MYFIRSTSKOOL.COM,
201500000899,ST0156,PCF SPARKLETOTS PRESCHOOL@KEAT HONG BLK 489B (CC),CC,Childcare Centre,,CHOA CHU KANG AVENUE 5,1.0,201.0,,682489,68910464.0,Hazel.Lim@pcf.org.sg,
201600000353,CPE437128,Canadian International School Pte Ltd,KP,CPE Kindergarten,371.0,TANJONG KATONG ROAD,,,,437128,,joocheng.tan@cis.edu.sg,
201600000371,SS20167925,Designer Eyewear LLP,OS,Optical Shop,180.0,Bencoolen Street,,41.0,The Bencoolen,189646,,carolleang96@gmail.com,
201600000408,PT9300,MAPLEBEAR HEADSTART PTE. LTD.,CC,Childcare Centre,,JALAN LOYANG BESAR,,,,509397,63850898.0,PRINCIPAL-LOYANG@MAPLEBEAR.SG,
201600000410,16D0245,SHANG DENTAL,HC,Healthcare Institution,154.0,SERANGOON NORTH AVENUE 1,1.0,390.0,,550154,62822345.0,,
201600000411,PT9302,SUNFLOWER PRESCHOOL @ BEDOK PTE LTD,CC,Childcare Centre,215.0,BEDOK NORTH STREET 1,1.0,83.0,,460215,62418785.0,juliechew723@gmail.com,
201800000313,MCPHA1800590,GUARDIAN PHARMACY (OASIS TERRACE),PH,Pharmacy,681.0,PUNGGOL DRIVE,1.0,,,820681,62444091.0,goat@guardian.com.sg,
201800000314,MCPHA1800604,GUARDIAN PHARMACY (TIONG BAHRU MRT),PH,Pharmacy,300.0,TIONG BAHRU ROAD,,1.0,TIONG BAHRU MRT STATION,168731,62513728.0,gtbm@guardian.com.sg,
201800000315,MCPH1800591,UNITY BY FAIRPRICE (ZSHP) ZHONG SHAN PARK,PH,Pharmacy,20.0,AH HOOD ROAD,2.0,1.0,ZHONGSHAN MALL,329984,,muzshp@fairprice.com.sg,
201800000316,MCPH1800589,WATSON'S PERSONAL CARE STORES PTE LTD (PARAGON),PH,Pharmacy,290.0,ORCHARD ROAD,,,THE PARAGON,238859,,sh.tan@watsons.com.sg,
201800000317,ST0374,PCF SPARKLETOTS PRESCHOOL @ HONG KAH NORTH BLK 446 (DS),KN,Kindergarten,446.0,BUKIT BATOK WEST AVE 8,2.0,1.0,,650446,65737822.0,Lim.Yen.Lee@pcf.org.sg,
201800000318,18D0172,ELEMENTS DENTAL,HC,Healthcare Institution,895.0,BUKIT TIMAH ROAD,,,,589616,64632830.0,matthew@elementsdental.com.sg,
201800000325,SS20188037,WECARE OPTICAL LLP,OS,Optical Shop,829.0,TAMPINES STREET 81,1.0,280.0,,520829,62608007.0,weopticalllp@gmail.com,
201800000340,PT9488,ACES CHAMPION ENTERPRISE (SINGAPORE) LLP,CC,Childcare Centre,10.0,LORONG SARINA,,,,416672,67496908.0,contact@aceschampion.com,
201800000351,18D0196,1728 DENTAL PRACTICE (JURONG),HC,Healthcare Institution,135.0,JURONG GATEWAY ROAD,1.0,319.0,,600135,97701728.0,info@1728dental.com.sg,
201800000359,18M0201,K2 MEDICAL CLINIC TPY,HC,Healthcare Institution,177.0,TOA PAYOH CENTRAL,1.0,154.0,,310177,65881322.0,guorui@k2medicalgroup.com,
201800000360,18M0202,MAYSPRINGS FAMILY CLINIC,HC,Healthcare Institution,2.0,PETIR ROAD,1.0,14.0,MAYSPRINGS,678265,66124336.0,mayspringsclinic@gmail.com,
201800000361,SS20188040,EYE CARE CENTRAL LLP,OS,Optical Shop,598.0,YISHUN RING ROAD,1.0,5.0,WISTERIA MALL,768698,63391179.0,eyecarecentral18@gmail.com,
201800000362,SS20188039,LOGOS EYECARE PTE LTD,OS,Optical Shop,726.0,ANG MO KIO AVE 6,1.0,4162.0,,560726,64563867.0,chuswong@yahoo.com,
201800000398,18M0227,MWH MEDICAL SPECIALISTS CENTRE,HC,Healthcare Institution,101.0,IRRAWADDY ROAD,7.0,1.0,ROYAL SQUARE AT NOVENA,329565,69318000.0,enquiry@sgmsc.com,
201800000399,PT9486,RAFFLES KIDZ @ JURONG WEST PTE LTD,CC,Childcare Centre,1.0,YUAN CHING ROAD,2.0,1.0,SUPERBOWL JURONG,618640,62564968.0,ECDA_JW@raffleskidz.com,
201800000401,ST0198,PCF SPARKLETOTS PRESCHOOL @ SENGKANG WEST BLK 303A (EY),CC,Childcare Centre,,ANCHORVALE LINK,1.0,82.0,ANCHORVALE COURT,541303,62810839.0,Suffi.Leonardi@pcf.org.sg,
201800000402,ST0197,PCF SPARKLETOTS PRESCHOOL @ SENGKANG WEST BLK 436D (EY),CC,Childcare Centre,,FERNVALE ROAD,1.0,156.0,FERNVALE GROVE,794436,62420807.0,Suhaila.Binte.Mohamed.Idris@pcf.org.sg,
201500000800,SS20157880,OPTIC POINT BISHAN,OS,Optical Shop,510.0,BISHAN STREET 13,1.0,5.0,,570510,63399950.0,info.sg@mog.com.my,
201500000808,SS20167889,EYEZVISION LLP,OS,Optical Shop,476.0,UPPER SERANGOON VIEW,2.0,10.0,MULTI STOREY CAR PARK,530476,,CHRIZTOPHERTAN@GMAIL.COM,
201600000011,SS20167928,VISIOR OPTICAL,OS,Optical Shop,463.0,JURONG WEST STREET 41,1.0,562.0,,640463,65622796.0,visioroptical@gmail.com,
201600000012,SS20167897,EYE-DO-OPTIC,OS,Optical Shop,449.0,ANG MO KIO AVENUE 10,1.0,1725.0,,560449,64510366.0,eyedooptic2015@GMAIL.COM,
201600000013,ST0364,PCF SPARKLETOTS PRESCHOOL @ SENGKANG WEST BLK 416A (DS),KN,Kindergarten,,FERNVALE LINK,1.0,106.0,,791416,62444780.0,Suffi.Leonardi@PCF.org.sg,
201600000368,SS20167922,EYE CARE @ DUXTON,OS,Optical Shop,,CANTONMENT ROAD,1.0,4.0,,85701,,eyecare.duxton@gmail.com,
201600000369,SS20167926,H2 HUB TIMEPIECE & EYEWEAR,OS,Optical Shop,2.0,TAMPINES CENTRAL 5,1.0,,CENTURY SQUARE,529509,64487858.0,enyiwoo@h2hub.com.sg,
201600000576,YM0167,MY WORLD PRESCHOOL LTD,CC,Childcare Centre,121.0,EDGEDALE PLAINS,1.0,1.0,MULTI STOREY CAR PARK,820121,63863002.0,CCPGL.EDGE@MYWORLD.ORG.SG,
201600000577,ST0170,PCF SPARKLETOTS PRESCHOOL@KOLAM AYER BLK 8 (DS),CC,Childcare Centre,8.0,UPPER BOON KENG ROAD,1.0,3.0,MULTI STOREY CAR PARK,380008,67421497.0,TAN.AH.GEK@PCF.ORG.SG,
201600000578,PT9326,STAR LEARNERS @ GAMBAS PTE LTD,CC,Childcare Centre,7.0,GAMBAS CRESCENT,1.0,18.0,ARK@GAMBAS,757087,62500173.0,MENGWEI.TAN@STARLEARNERS.COM.SG,
201600000579,PT9324,STAR LEARNERS @ HOUGANG PTE LTD,CC,Childcare Centre,8.0,ST. XAVIER'S LANE,,,,535736,62500173.0,MENGWEI.TAN@STARLEARNERS.COM.SG,
201600000580,PT9322,STAR LEARNERS @ JURONG WEST PTE LTD,CC,Childcare Centre,862.0,JURONG WEST STREET 81,1.0,624.0,,640862,62500173.0,MENGWEI.TAN@STARLEARNERS.COM.SG,
201600000581,PT9323,STAR LEARNERS @ SIGLAP PTE. LTD.,CC,Childcare Centre,94.0,DIDO STREET,,,OPERA ESTATE,459509,62500173.0,MENGWEI.TAN@STARLEARNERS.COM.SG,
201600000582,PT9325,STAR LEARNERS @ YUNG HO PTE LTD,CC,Childcare Centre,21.0,YUNG HO ROAD,1.0,1.0,THE AGAPE,618593,62500173.0,MENGWEI.TAN@STARLEARNERS.COM.SG,
201600000598,ST0172,PCF SPARKLETOTS PRESCHOOL@TAMPINES NORTH BLK 443 (CC),CC,Childcare Centre,443.0,TAMPINES STREET 43,1.0,51.0,,520443,67826788.0,Chin.Mee.Foong@pcf.org.sg,
201600000665,EP16117,BUILDING BRIDGES EIPIC CENTRE (BEDOK),EI,Early Intervention Programmes,522.0,BEDOK NORTH AVENUE 1,1.0,312.0,,460522,64350251.0,kunal_ghosh@spd.org.sg,
201600000525,KM0012,MOE KINDERGARTEN @ NORTHOAKS,KN,Kindergarten,61.0,SEMBAWANG DRIVE,,,NORTHOAKS PRIMARY SCHOOL,757622,67538835.0,mk_northoaks@moe.edu.sg,
201600000526,KM0013,MOE KINDERGARTEN @ RIVERSIDE,KN,Kindergarten,110.0,WOODLANDS CRESCENT,,,RIVERSIDE PRIMARY SCHOOL,737803,63654490.0,mk_riverside@moe.edu.sg,
201600000527,KM0015,MOE KINDERGARTEN @ WESTWOOD,KN,Kindergarten,1.0,JURONG WEST STREET 73,,,WESTWOOD PRIMARY SCHOOL,649188,63160211.0,mk_westwood@moe.edu.sg,
201600000528,KM0014,MOE KINDERGARTEN @ SPRINGDALE,KN,Kindergarten,71.0,ANCHORVALE LINK,,,SPRINGDALE PRIMARY SCHOOL,544799,63846707.0,Salinah_Salleh@schools.gov.sg,
201600000529,KM0011,MOE KINDERGARTEN @ FERNVALE LINK,KN,Kindergarten,,FERNVALE LINK,,,,791470,68380540.0,Lee_Kim_Leng@schools.gov.sg,
201600000046,SS20167912,SPECTACLE HUT PTE LTD,OS,Optical Shop,290.0,ORCHARD ROAD,3.0,,THE PARAGON,238859,67342117.0,shopa@singnet.com.sg,
201600000096,PT9247,BRIGHT JUNIORS PTE LTD,CC,Childcare Centre,877.0,WOODLANDS AVENUE 9,1.0,278.0,,730877,63621088.0,woodlands9@brightjuniors.com.sg,
201600000118,16M0055,CHUA MEDICAL CLINIC AND SURGERY PTE. LTD.,HC,Healthcare Institution,642.0,BUKIT BATOK CENTRAL,1.0,52.0,,650642,64251935.0,cguankiat@gmail.com,
201600000119,PT9261,SUNFLOWER KIDDY STAR PRESCHOOL PTE LTD,CC,Childcare Centre,896.0,TAMPINES STREET 81,1.0,876.0,,520896,67891033.0,PATN@SUNFLOWERKIDDYSTAR.COM,
201800000580,SS20188057,PERCEPTION,OS,Optical Shop,221.0,BOON LAY PLACE,1.0,218.0,BOON LAY SHOPPING CENTRE,640221,62641507.0,Muberg.llp@gmail.com,
201800000585,PT9510,SUNFLOWER @ YUNNAN PTE LTD,CC,Childcare Centre,98.0,YUNNAN CRESCENT,,,,638310,62516028.0,sfyn.cm@gmail.com,
201800000587,18M0338,ISLAND FAMILY CLINIC (BUKIT BATOK),HC,Healthcare Institution,447.0,BUKIT BATOK WEST AVENUE 9,1.0,5.0,,650447,62501530.0,bukitbatok@islandfamilyclinic.com,
201800000590,18M0340,SOG - CHRISTINA ONG CLINIC FOR CHILDREN AND GASTROENTEROLOGY,HC,Healthcare Institution,38.0,IRRAWADDY ROAD,7.0,53.0,MOUNT ELIZABETH NOVENA SPECIALIS,329563,62532253.0,PAEDSGASTRO123@GMAIL.COM,
201800000595,MKC0022019,NASCANS PTE. LTD.,KN,Kindergarten,35.0,BUKIT BATOK STREET 31,,,DAZHONG PRIMARY SCHOOL,659441,65505070.0,info@nascans.com,
201800000596,MKC0032019,NTUC FIRST CAMPUS STUDENT CARE PTE LTD,KN,Kindergarten,2.0,FARRER PARK RD,,,,217567,92319423.0,afterschool-K_FPP@ntucafterschool.com,
201800000601,PT9668,GATE JUNIOR PRESCHOOL,KN,Kindergarten,46.0,LIMAU GARDEN,,,,467905,90908866.0,hockhuat_chng@gifted-school.com,
201800000611,YM0175,MY WORLD PRESCHOOL LTD,CC,Childcare Centre,,WOODLANDS STREET 13,2.0,635.0,MARSILING GREENVIEW,731183,68398188.0,ccmsl.greenview@myworld.org.sg,
201800000612,YM0176,MY WORLD PRESCHOOL LTD,CC,Childcare Centre,,SEMBAWANG CRESCENT,,,SUN NATURA,751362,66556853.0,ccsun.natura@myworld.org.sg,
201800000626,PT9529,STAR LEARNERS @ ONE-NORTH PTE LTD,CC,Childcare Centre,10.0,AYER RAJAH CRESCENT,,,,139940,62500173.0,mengwei.tan@starlearners.com.sg,
201800000627,PT9528,CHERRYBROOK PRESCHOOL EAST COAST PTE. LTD.,CC,Childcare Centre,6.0,JALAN ULU SIGLAP,,,,457127,62458930.0,CLAREYEO@CHERRYBROOK.EDU.SG,
201500000731,SK0007,SKOOL4KIDZ CENTRE,CC,Childcare Centre,,EDGEFIELD PLAINS,1.0,593.0,,821673,67025608.0,PUNGGOLCC@SKOOL4KIDZ.COM.SG,
201500000809,SS20157885,Spectacular-icare,OS,Optical Shop,214.0,SERANGOON AVENUE 4,1.0,102.0,,550214,,Spectacular-icare@outlook.com,
201600000073,16M0037,DAWSON MEDICAL CLINIC,HC,Healthcare Institution,85.0,DAWSON ROAD,1.0,5.0,,141085,62502022.0,sgmedicalpractice@gmail.com,
201600000128,SS20167904,Legend Eyewear & Contact Lens Centre,OS,Optical Shop,539.0,BEDOK NORTH STREET 3,,,,460539,,legend.eyewear@yahoo.com.sg,
201600000452,PT9320,CREATIVELAND CHILDCARE AND DEVELOPMENT CENTRE@CRESCENT PTE LTD,CC,Childcare Centre,,CHOA CHU KANG CRESCENT,1.0,260.0,,684686,62192827.0,FREESIA14@GMAIL.COM,
201600000509,PT9332,THE GARDEN HOUSE PRESCHOOL PTE. LTD.,CC,Childcare Centre,20.0,JALAN LAYANG LAYANG,,,JURONG PARK,598486,64699556.0,ana@thegardenhouse.com.sg,
201600000574,16M0345,RAFFLESMEDICAL,HC,Healthcare Institution,1.0,TAMPINES WALK,,,OUR TAMPINES HUB,528523,63858515.0,tamphub@rafflesmedical.com,
201600000648,SS20167957,eye and I group,OS,Optical Shop,18.0,YISHUN AVENUE 9,1.0,12.0,JUNCTION NINE,768897,62545964.0,strayallday@yahoo.com,
201700000332,SS20177976,EYEBEST OPTICS,OS,Optical Shop,119.0,ALJUNIED AVENUE 2,1.0,46.0,,380119,,Eyebestoptics@hotmail.com,
201700000333,AT20177873,PAEDIATRIC SEATING SOLUTIONS PTE LTD,AT,Assistive Technology Device Providers,33.0,UBI AVENUE 3,2.0,1.0,VERTEX,408868,69080036.0,sam@paediatricss.com,
201700000552,PT9407,STAR LEARNERS @ TOA PAYOH PTE LTD,CC,Childcare Centre,259.0,KIM KEAT AVENUE,1.0,4.0,,310259,62500173.0,MENGWEI.TAN@STARLEARNERS.COM.SG,
201700000610,EP16135,COMMUNIKIDZ THERAPY PTE. LTD.,EI,Early Intervention Programmes,371.0,BEACH ROAD,2.0,52.0,CITY GATE,199597,81891636.0,eugenia@communikidztherapy.com,
201700000611,SS20178000,PRELECTOR EYECARE CENTRE,OS,Optical Shop,351.0,JURONG EAST STREET 31,1.0,81.0,,600351,65613983.0,prelectoricare@yahoo.com,
201800000034,PT9434,BRIGHT PATH INCLUSIVE PRESCHOOL,CC,Childcare Centre,55.0,FAIRWAYS DRIVE,,,,286846,69371374.0,nuriqlimahzain@brightpath.com.sg,
201800000403,PT9487,MAPLEBEAR DISCOVERY LAND PTE. LTD.,CC,Childcare Centre,17.0,JALAN BINCHANG,,,THOMSON RISE ESTATE,578527,86178717.0,binchang@maplebear.sg,
201800000404,PT9494,POSSO PRESCHOOL @ TAMPINES POINT PTE. LTD.,CC,Childcare Centre,2.0,TAMPINES CENTRAL 6,5.0,3.0,INCOME AT TAMPINES POINT,529483,67894131.0,CONTACT.TP@POSSOPRESCHOOL.COM,
201800000405,18M0231,DA CLINIC @ ANSON,HC,Healthcare Institution,10.0,ANSON ROAD,1.0,12.0,INTERNATIONAL PLAZA,79903,69541012.0,anson@daclinicgroup.com,
201800000407,18M0233,JASON LIM ENDOSCOPY & SURGERY (NOVENA),HC,Healthcare Institution,38.0,IRRAWADDY ROAD,5.0,49.0,MOUNT ELIZABETH NOVENA SPECIALIS,329563,67790115.0,jason@drjasonlim.com,
201800000442,PT9514,AGAPE LITTLE UNI. @ GAMBAS PTE LTD,CC,Childcare Centre,2.0,GAMBAS CRESCENT,1.0,15.0,NORDCOM TWO,757044,63530115.0,GAMBAS@AGAPELITTLEUNI.COM,
201800000449,PT9492,INJENIUS PRESCHOOL PTE. LTD.,CC,Childcare Centre,54.0,DA SILVA LANE,,,FORTUNA GARDEN,549783,62884791.0,INEZ_CHEN@INJENIUS.COM.SG,
201800000450,ST0201,PCF SPARKLETOTS PRESCHOOL @ GAMBAS BLK 115B (CC),CC,Childcare Centre,,CANBERRA WALK,1.0,137.0,EASTLACE @ CANBERRA,752115,69639843.0,peck.hiah.lim@pcf.org.sg,
201800000454,18M0267,CALROSE MEDICAL FAMILY CLINIC,HC,Healthcare Institution,,SUMANG LANE,1.0,5.0,MATILDA COURT,821231,69571750.0,enquiries@calrosemedical.com,
201800000461,PT9507,MY KIDZ COTTAGE PTE LTD,CC,Childcare Centre,107.0,LORONG L TELOK KURAU,,,,425542,63458812.0,JESSICAWANG1966@GMAIL.COM,
201800000470,SS20188046,VISION LAB EYEWEAR PREMIUM PTE LTD,OS,Optical Shop,5.0,STRAITS VIEW,,,THE HEART,18935,62852988.0,carieong@visionlabeyewear.com.sg,
201600000316,PT9285,THE ORANGE ACADEMY PTE. LTD.,CC,Childcare Centre,298.0,TIONG BAHRU ROAD,3.0,1.0,CENTRAL PLAZA,168730,62557877.0,christina@orangeacademy.com.sg,
201600000384,RC1795,ST. JAMES' CHURCH KINDERGARTEN (GILSTEAD),KN,Kindergarten,25.0,GILSTEAD ROAD,,,,309070,98716741.0,alicia@sjck.org.sg,
201600000446,PT9310,CREATIVELAND CHILDCARE AND DEVELOPMENT CENTRE@ADMIRALTY PTE LTD,CC,Childcare Centre,715.0,WOODLANDS DRIVE 70,1.0,144.0,,730715,63653877.0,FREESIA14@GMAIL.COM,
201600000456,YM0166,MY WORLD PRESCHOOL LTD,CC,Childcare Centre,,HOUGANG STREET 32,1.0,6.0,HOUGANG DEWCOURT,531376,62800827.0,cchgg.dewcourt@myworld.org.sg,
201700000409,SS20177992,SPEXTACULAR OPTICS,OS,Optical Shop,71.0,KALLANG BAHRU,1.0,,,330071,63925343.0,spextacular@singnet.com.sg,
201700000410,SS20177991,THE POINT OPTICAL PTE LTD,OS,Optical Shop,624.0,CHOA CHU KANG STREET 62,1.0,,YEW TEE SHOPPING CENTRE,680624,62590115.0,thepointoptical@hotmail.com,
201700000623,PT9423,CHARIS MONTESSORI PTE. LTD.,CC,Childcare Centre,242.0,YIO CHU KANG ROAD,1.0,0.0,YIO CHU KANG CHAPEL,545671,67089327.0,YCK@CHARIS.SG,
201800000083,PT9443,SUPERLAND PRE-SCHOOL @ KACC,CC,Childcare Centre,,KRETA AYER ROAD,1.0,4.0,KRETA AYER COMMUNITY CLUB,88995,62241776.0,kacc@superland.sg,
201800000150,MCPH1800302,THE DENTAL PHARM,PH,Pharmacy,1.0,TANJONG PAGAR PLAZA,2.0,3.0,,82001,62444028.0,thedentalpharm@yahoo.com.sg,
201800000151,MCPH1800283,WATSON'S PERSONAL CARE STORES PTE LTD (ROYAL SQUARE),PH,Pharmacy,103.0,IRRAWADDY ROAD,,,,329566,,jiafeng.yap@watsons.com.sg,
201800000187,18C0112,HEALTHMATTERS - THE FAMILY PRACTICE,HC,Healthcare Institution,1.0,"PASIR RIS CLOSE,",2.0,,DOWNTOWN EAST,519599,6555755.0,mathias.deubel@teldico.com,
201800000188,18M0113,KIDS CLINIC @ BEDOK,HC,Healthcare Institution,799.0,NEW UPPER CHANGI ROAD,2.0,23.0,BEDOK POINT,467351,68178883.0,bedok@kidsclinic.sg,
201500000764,PT9198,MAPLEBEAR SCHOOLHOUSE PTE. LTD.,CC,Childcare Centre,115.0,EUNOS AVENUE 3,2.0,6.0,EUNOS INDUSTRIAL ESTATE,409839,68100371.0,PAYALEBAR@MAPLEBEAR.SG,
201500000765,PT9222,SUNNY BUNNY MONTESSORI PTE. LTD.,CC,Childcare Centre,680.0,UPPER THOMSON ROAD,1.0,1.0,NTUC FAIRPRICE CO-OPERATIVE,787103,64551803.0,angela3755@hotmail.com,
201500000769,ST0363,PCF SPARKLETOTS PRESCHOOL @ SENGKANG WEST  BLK 330A (DS),KN,Kindergarten,,ANCHORVALE STREET,1.0,519.0,,541330,62444780.0,Suffi.Leonardi@PCF.org.sg,
201500000775,SS20157875,EYE ESSENTIALS,OS,Optical Shop,1.0,QUEENSWAY,2.0,,QUEENSWAY SHOPPING CENTRE,149053,64727646.0,ask.eye.essentials@gmail.com,
201700000212,PT9368,SUPERLAND PRE-SCHOOL (100 AM),CC,Childcare Centre,100.0,TRAS STREET,5.0,2.0,100 AM,79027,64432595.0,superland100am@gmail.com,
201900000014,NT0583,MY FIRST SKOOL,CC,Childcare Centre,187.0,BEDOK NORTH STREET 4,1.0,1.0,,460187,66349989.0,INFO@MYFIRSTSKOOL.COM,
201900000018,PT9525,MY LEARNING HAVEN (SUNTEC),CC,Childcare Centre,3.0,TEMASEK BOULEVARD,3.0,374.0,SUNTEC CITY MALL,38983,94894578.0,LENA.LIM@MYLEARNINGHAVEN.COM,
201900000021,19D0013,ROYCE DENTAL SURGERY,HC,Healthcare Institution,361.0,SEMBAWANG CRESCENT,1.0,8.0,,750361,67743586.0,JANICE@ROYCEDENTAL.COM.SG,
201900000022,19M0012,UNIHEALTH CLINIC (BEDOK),HC,Healthcare Institution,214.0,BEDOK NORTH STREET 1,1.0,171.0,,460214,69043488.0,bedok@unihealthclinic.com,
201900000038,SS20198065,ZENITH OPTICS PTE. LTD.,OS,Optical Shop,1.0,MAJU AVENUE,1.0,3.0,MYVILLAGE AT SERANGOON GARDEN,556679,,zenithoptics0103@gmail.com,
201900000042,19M0030,CK KHOO CLINIC FOR WOMEN & LAPAROSCOPY,HC,Healthcare Institution,38.0,IRRAWADDY ROAD,4.0,,MOUNT ELIZABETH NOVENA SPECIALIS,329563,,royalclinicsog@gmail.com,
201900000043,19M0028,PROCROSS MEDICAL CENTER,HC,Healthcare Institution,51.0,UPPER SERANGOON ROAD,1.0,29.0,THE POIZ CENTRE,347697,69696546.0,admin@procross.com.sg,
201900000044,19D0029,Q & M DENTAL SURGERY (POTONG PASIR),HC,Healthcare Institution,51.0,UPPER SERANGOON ROAD,3.0,,THE POIZ CENTRE,347697,69685131.0,helen@qandm.com.sg,
201500000850,15D0384,T32 DENTAL PEARL AT CLEMENTI,HC,Healthcare Institution,447.0,CLEMENTI AVENUE 3,1.0,199.0,,120447,68730036.0,,
201600000171,PT9260,LITTLE FOOTPRINTS PRESCHOOL PTE. LTD.,CC,Childcare Centre,6.0,JUBILEE ROAD,,,,128531,67736029.0,shihlan.fan@littlefootprints.com.sg,
201600000173,NT0564,MY FIRST SKOOL,CC,Childcare Centre,119.0,EDGEFIELD PLAINS,5.0,1.0,MULTI STOREY CAR PARK,820119,66349989.0,INFO@MYFIRSTSKOOL.COM,
201600000186,16D0103,ENHANCE DENTAL CENTRE,HC,Healthcare Institution,417.0,YISHUN AVENUE 11,1.0,333.0,,760417,64818908.0,enhancedentalsg@gmail.com,
201600000187,16M0104,L&G MEDICAL CLINIC,HC,Healthcare Institution,51.0,CHIN SWEE ROAD,1.0,75.0,,160051,62508438.0,,
201600000189,PT9266,URBAN KIDS CHILDCARE PTE LTD,CC,Childcare Centre,7.0,GAMBAS CRESCENT,1.0,39.0,ARK@GAMBAS,757087,83994903.0,aisyah@urbankids.edu.sg,
201600000206,16M0117,ACCESS MEDICAL (MARINE TERRACE),HC,Healthcare Institution,58.0,MARINE TERRACE,1.0,61.0,,440058,67478180.0,,
201600000219,MCPH1600284,VIVAHEALTH PHARMACY,PH,Pharmacy,34.0,JALAN BUKIT HO SWEE,1.0,850.0,THE BEO CRESCENT,160034,,vivahealthsg@gmail.com,
201600000236,PT9282,SPRING BUDS LEARNING CAMPUS PTE LTD,CC,Childcare Centre,,SEMBAWANG ROAD,,,SEMBAWANG SQUARE ESTATE,758467,62052139.0,springbudskids@gmail.com,
201600000429,PT9316,AMAR KIDZ @ HOUGANG CENTRAL PTE. LTD.,CC,Childcare Centre,406.0,HOUGANG AVENUE 10,1.0,1124.0,,530406,63852518.0,KAIFANGYU@HOTMAIL.COM,
201600000430,MCPHA1600067,GUARDIAN PHARMACY (COMPASS ONE),PH,Pharmacy,1.0,SENGKANG SQUARE,,11.0,COMPASS ONE,545078,63862764.0,gco1@guardian.com.sg,
201600000660,16C0391,YSL ALJUNIED CLINIC & SURGERY,HC,Healthcare Institution,5.0,UPPER ALJUNIED LANE,1.0,42.0,,360005,63430626.0,lilian@qualitashealth.com.sg,
201600000664,PT9437,CREATIVE THINKERS PRESCHOOL PTE. LTD.,CC,Childcare Centre,110.0,JALAN JURONG KECHIL,1.0,3.0,SWEEBIE HOUSE,598606,64620678.0,sakinah@creativethinkers.sg,
201800000481,18D0280,MY DENTAL TEAM,HC,Healthcare Institution,43.0,JALAN MERAH SAGA,1.0,80.0,CHIP BEE GARDENS,278115,67379797.0,behindthescenes@mybracesclinic.com,
201800000489,18D0288,WEETY ORTHODONTICS SPECIALIST CARE,HC,Healthcare Institution,111.0,SOMERSET ROAD,4.0,15.0,TRIPLEONE SOMERSET,238164,67323722.0,drweetengyau@gmail.com,
201800000514,SS20188048,ZOFF ION ORCHARD,OS,Optical Shop,2.0,ORCHARD TURN,,11.0,ION ORCHARD,238801,63651346.0,cs.sg@zoff.com,
201800000515,SS20188055,SPECTALK,OS,Optical Shop,30.0,TAI SENG ST,2.0,11.0,BREADTALK IHQ,534013,63543022.0,miketay.op@gmail.com,
201800000516,SS20188049,ONE OPTIQUE,OS,Optical Shop,293.0,YISHUN ST 22,1.0,235.0,,760293,62845117.0,oneoptique@gmail.com,
201800000531,SS20188053,FACE OPTICS,OS,Optical Shop,417.0,FERNVALE LINK,1.0,8.0,,790417,,whatjerom@hotmail.com,
201800000534,PT9504,SUPERLAND PRE-SCHOOL (RMCC) PTE LTD,CC,Childcare Centre,51.0,TELOK BLANGAH CRESCENT,2.0,2.0,RADIN MAS COMMUNITY CLUB,98917,62785886.0,SUPERLAND@PACIFIC.NET.SG,
201800000535,18M0313,DERMATOLOGY & CO,HC,Healthcare Institution,6.0,NAPIER ROAD,9.0,7.0,GLENEAGLES MEDICAL CENTRE,258499,67750907.0,sgskinspecialists@gmail.com,
201800000542,PT9500,ODYSSEY THE GLOBAL PRESCHOOL PTE. LTD.,CC,Childcare Centre,,LLOYD ROAD,,,,239128,65737848.0,LayHoonTeo@theodyssey.sg,
201800000543,PT9515,WHITE LODGE PRESCHOOL RIVER VALLEY PTE LTD,CC,Childcare Centre,262.0,RIVER VALLEY ROAD,,,,238308,69026906.0,RV@WHITELODGE.EDU.SG,
201800000552,PT9513,SDM CHILDCARE CENTRE PTE. LTD.,CC,Childcare Centre,505.0,BISHAN STREET 11,1.0,438.0,,570505,62585823.0,joscelin_yzh@sdmgroup.sg,
201800000553,PT9526,SDM CHILDCARE CENTRE PTE. LTD.,CC,Childcare Centre,186.0,CHOA CHU KANG AVENUE 1,1.0,,COMFORT GARDEN,689464,67694633.0,norhijah_bteharon@sdmgroup.sg,
201800000561,SS20188059,UNITED OPTOMETRIST (NOVENA) LLP,OS,Optical Shop,10.0,SINARAN DRIVE,3.0,108.0,SQUARE 2,307506,63976885.0,unitedeyecare.sg@gmail.com,
201800000581,SS20188058,EYE CARE OPTIC PTE LTD,OS,Optical Shop,1.0,QUEENSWAY,1.0,53.0,QUEENSWAY SHOPPING CENTRE,149053,,EYECAREOPTICSG@GMAIL.COM,
201800000607,PT9530,PRIMROSE PRESCHOOL,CC,Childcare Centre,39.0,WOODLANDS CLOSE,1.0,59.0,MEGA@WOODLANDS,737856,69022991.0,wdl.mega@primroseps.com,
201800000610,PT9512,THE LITTLE SKOOL-HOUSE INTERNATIONAL PTE LTD,CC,Childcare Centre,1.0,NORTH BUONA VISTA DRIVE,4.0,1.0,MOE BUILDING,138675,69081232.0,lshmoe01@littleskoolhouse.com,
201800000615,MCPHA1800851,GUARDIAN PHARMACY (THE POIZ CENTRE),PH,Pharmacy,51.0,UPPER SERANGOON ROAD,1.0,,THE POIZ CENTRE,347697,65131803.0,gpoi@guardian.com.sg,
201600000152,16M0076,APTUS SURGERY CENTRE,HC,Healthcare Institution,290.0,ORCHARD ROAD,7.0,16.0,THE PARAGON,238859,62388049.0,,
201600000155,16M0079,SUNBEAM MEDICAL CLINIC,HC,Healthcare Institution,,FAJAR ROAD,1.0,76.0,,673443,66100968.0,,
201600000165,16M0087,ONECARE CLINIC TAMPINES,HC,Healthcare Institution,827.0,TAMPINES STREET 81,1.0,142.0,,520827,64435938.0,,
201600000179,16D0097,SYNERGY DENTAL SPECIALISTS,HC,Healthcare Institution,13.0,STAMFORD ROAD,,,CAPITOL PIAZZA,178905,64309213.0,CAPITOL@SMILESDFI.COM,
201600000180,16D0096,DENTAL FOCUS PEOPLE'S PARK CLINIC,HC,Healthcare Institution,101.0,UPPER CROSS STREET,2.0,69.0,PEOPLE'S PARK CENTRE,58357,65320477.0,,
201700000672,SK0014,SKOOL4KIDZ CENTRE,CC,Childcare Centre,3.0,ANCHORVALE CRESCENT,,,,544618,68173430.0,SKC@SKOOL4KIDZ.COM.SG,
201800000258,SS20188034,CAPITOL OPTICAL COMPANY (PRIVATE) LIMITED,OS,Optical Shop,3.0,TEMASEK BOULEVARD #,2.0,418.0,"SUNTEC CITY MALL, TOWER 5",38983,63369161.0,XIAOYUN@CAPITOL.COM.SG,
201800000263,MCPHA1800574,GUARDIAN PHARMACY (CENTURY SQUARE),PH,Pharmacy,2.0,TAMPINES CENTRAL 5,,1.0,CENTURY SQUARE,529509,62602862.0,gces@guardian.com.sg,
201800000265,MCPH1800556,NATIONAL HEALTHCARE GROUP PHARMACY (YISHUN),PH,Pharmacy,2.0,YISHUN AVENUE 9,2.0,0.0,YISHUN POLYCLINIC,768898,,Siti_Ainon_MD_HUSSEIN@pharmacy.nhg.com.sg,
201800000267,PT9465,LEARNING VISION @ WORK PTE LTD,CC,Childcare Centre,1.0,JURONG EAST STREET 21,,,,609606,62563101.0,JEANNETANG@LEARNINGVISION.COM,
201800000268,18M0147,HEALTHLIFE FAMILY CLINIC,HC,Healthcare Institution,,BUKIT BATOK STREET 22,1.0,64.0,SKYLINE II @ BUKIT BATOK,651296,69048680.0,healthlifefc@gmail.com,
201800000269,18D0146,Q & M DENTAL SURGERY (WOODLANDS),HC,Healthcare Institution,573.0,WOODLANDS DRIVE 16,1.0,7.0,,730573,63690047.0,helen@qnm.sg,
201800000273,PT9468,MINDCHAMPS PRESCHOOL @ BUONA VISTA PTE LTD,CC,Childcare Centre,3.0,BIOPOLIS DRIVE,1.0,11.0,SYNAPSE,138623,66845568.0,sharonwon.bnv@mindchamps.org,
201500000902,EB0007,E-BRIDGE PRE-SCHOOL,CC,Childcare Centre,670.0,EDGEFIELD PLAINS,,,MULTI STOREY CAR PARK,820670,64447545.0,edgefield670@e-bridge.edu.sg,
201600000422,SS20167940,Designer Eyewear LLP,OS,Optical Shop,231.0,Bain St,1.0,47.0,Bras Basah Complex,180231,63394662.0,carolleang96@gmail.com,
201600000613,PT9333,DAYSPRING CHILD CARE CENTRE LLP,CC,Childcare Centre,11.0,NORTHSHORE DRIVE,1.0,,,828670,64893489.0,dsccc_principal@dayspring.edu.sg,
201600000614,SK0011,SKOOL4KIDZ CENTRE,CC,Childcare Centre,512.0,YISHUN STREET 51,1.0,1.0,MULTI STOREY CAR PARK,760512,62575404.0,YISHUNYOBCC@SKOOL4KIDZ.COM.SG,
201600000615,PT9335,STAR LEARNERS @ SENGKANG WEST PTE LTD,CC,Childcare Centre,38.0,DEDAP ROAD,,,TUAN SING PARK,809442,62500173.0,mengwei.tan@starlearners.com.sg,
201600000622,16M0365,FAITH CLINIC (BEDOK),HC,Healthcare Institution,746.0,BEDOK RESERVOIR ROAD,1.0,3013.0,,470746,67020820.0,FMG_ADMIN@HOTMAIL.COM,
201600000627,ST0173,PCF SPARKLETOTS PRESCHOOL @ KEAT HONG BLK 484 (CC),CC,Childcare Centre,484.0,CHOA CHU KANG AVENUE 5,1.0,10.0,,680484,67632302.0,Zaleha.Mohd@pcf.org.sg,
201600000636,PT9339,AMAR KIDZ @ CHOA CHU KANG PTE. LTD.,CC,Childcare Centre,617.0,CHOA CHU KANG NORTH 7,1.0,437.0,,680617,67664819.0,care@amarkidz.com.sg,
201600000670,16C0397,ANTEH DISPENSARY PTE LTD,HC,Healthcare Institution,1.0,LORONG 22 GEYLANG,1.0,2.0,GRANDVIEW SUITES,398664,67440040.0,c4chai@gmail.com,
201700000198,MCPHA1700076,GUARDIAN PHARMACY (INTERNATIONAL BUILDING),PH,Pharmacy,360.0,ORCHARD ROAD,1.0,18.0,INTERNATIONAL BUILDING,238869,62623364.0,gint@guardian.com.sg,
201700000199,MCPHA1700075,GUARDIAN PHARMACY (JURONG WEST BLK 503),PH,Pharmacy,503.0,JURONG WEST AVENUE 1,1.0,845.0,HONG KAH COURT,640503,64252931.0,gjw2@guardian.com.sg,
201700000200,MCPH1700113,SUMANG FAMILY PHARMACY,PH,Pharmacy,218.0,SUMANG WALK,1.0,6.0,,820218,,ourclinic780@gmail.com,
201700000390,PT9388,"INNO MONTESSORI PTE. LTD,",CC,Childcare Centre,217.0,EAST COAST ROAD,4.0,1.0,TIDES,428915,66340922.0,CONTACT@INNOMONTESSORI.COM,
201800000014,SS20188013,ZOFF I SINGAPORE PTE LTD,OS,Optical Shop,3.0,TEMASEK BOULEVARD,1.0,305.0,SUNTEC CITY MALL,38983,62649293.0,cs.sg@zoff.com,
201800000350,PT9479,BUSY BEES SINGAPORE PTE LTD,CC,Childcare Centre,2.0,GAMBAS CRESCENT,1.0,3.0,NORDCOM II,757044,62581183.0,SalinaSamsu@smallwonder.com.sg,
201800000356,PT9503,IMAN CHILDCARE (TAMPINES) PTE LTD,CC,Childcare Centre,136.0,TAMPINES STREET 11,1.0,156.0,,521136,67884911.0,nurhazwani@iman.edu.sg,
201800000629,PT9524,MAPLEBEAR EARLY YEARS PTE LTD,CC,Childcare Centre,202.0,BEDOK SOUTH AVENUE 1,3.0,12.0,,469332,64635733.0,BEDOK@MAPLEBEAR.SG,
201800000630,PT9537,MAPLEBEAR JUNIORS PTE. LTD.,CC,Childcare Centre,726.0,UPPER CHANGI ROAD EAST,,,,486046,64635733.0,SIASPORTSCLUB@MAPLEBEAR.SG,
201800000635,18M0364,FORUM MEDICAL CLINIC,HC,Healthcare Institution,583.0,ORCHARD ROAD,11.0,4.0,FORUM,238884,65898686.0,info@forumclinicsg.com,
201900000006,19M0002,KIDS CLINIC @ PUNGGOL,HC,Healthcare Institution,681.0,PUNGGOL DRIVE,3.0,11.0,,820681,68178885.0,REGULATORY@SMG.SG,
201900000007,19M0003,ONECARE CLINIC PUNGGOL PLAZA,HC,Healthcare Institution,168.0,PUNGGOL FIELD,2.0,,PUNGGOL PLAZA,820168,69043511.0,punggolplaza@onecaremedical.com.sg,
201900000009,19M0006,THE ENT CLINIC,HC,Healthcare Institution,,NAPIER ROAD,3.0,,GLENEAGLES HOSPITAL ANNEX BLOCK,258500,62516332.0,admin@entclinic.sg,
201900000012,NT0584,MY FIRST SKOOL,CC,Childcare Centre,1.0,ENGKU AMAN TURN,4.0,1.0,,408528,66349989.0,INFO@MYFIRSTSKOOL.COM,
201900000033,19D0027,HEALTHWAY DENTAL,HC,Healthcare Institution,,SHENTON WAY,2.0,15.0,DOWNTOWN GALLERY,68815,63232365.0,110@healthwaydentalgroup.com,
201900000035,19M0024,UNITED MEDICAL PRACTITIONERS,HC,Healthcare Institution,139.0,TAMPINES STREET 11,1.0,16.0,,521139,67812281.0,hmgumtp@healthwaymedical.com,
201900000036,19D0026,UNITY DENTICARE,HC,Healthcare Institution,30.0,WOODLANDS AVENUE 1,2.0,5.0,THE WOODGROVE,739065,65904300.0,vivien.yap@ntuchealth.sg,
201900000037,19M0023,VITACARE FAMILY CLINIC @ CANBERRA PTE. LTD.,HC,Healthcare Institution,361.0,SEMBAWANG CRESCENT,1.0,6.0,,750361,63666088.0,vitacare44@gmail.com,
201500000784,SS20167956,VISUAL ART'S OPTICS & CONTACT LENS CENTER PTE LTD,OS,Optical Shop,30.0,SEMBAWANG DRIVE,1.0,20.0,SUN PLAZA,757713,68521611.0,va183183@yahoo.sg,
201600000337,SS20167941,Trendy Eyes Pte Ltd,OS,Optical Shop,799.0,NEW UPPER CHANGI ROAD,,15.0,BEDOK POINT,467351,62412191.0,trendyeyes@hotmail.com,
201600000633,ST0175,PCF SPARKLETOTS PRESCHOOL @ CASHEW (CC),CC,Childcare Centre,17.0,PETIR ROAD,2.0,33.0,HILLION MALL,678278,67672848.0,Majorie.SoonGS@pcf.org.sg,
201600000666,EP16118,BUILDING BRIDGES EIPIC CENTRE (TAMPINES),EI,Early Intervention Programmes,867.0,TAMPINES STREET 83,1.0,247.0,,520867,65877600.0,zunaidah_sh@spd.org.sg,
201700000145,PT9362,SCHOOLHOUSE BY THE BAY,CC,Childcare Centre,1.0,HILLVIEW RISE,1.0,2.0,,667970,62690195.0,joan.ong@schoolhouse.com.sg,
201700000452,EB0011,E-BRIDGE PRE-SCHOOL PTE LTD,CC,Childcare Centre,,UPPER SERANGOON ROAD,2.0,1056.0,HOUGANG MEADOW,532365,63363322.0,HOUGANGMEADOW@E-BRIDGE.EDU.SG,
201700000457,RC1785,LUTHER PRESCHOOL,CC,Childcare Centre,709.0,COMMONWEALTH DRIVE,,,QUEENSTOWN LUTHERAN CHURCH,149601,64757458.0,PRINCIPAL@QLC.ORG.SG,
201700000617,SS20178003,OPTIC POINT - THE EYECARE CENTRE PTE LTD,OS,Optical Shop,360.0,ORCHARD ROAD,1.0,2.0,INTERNATIONAL BUILDING,238869,67378888.0,opticpointib@gmail.com,
201800000172,SS20188021,FRAMEWERKS OPTICAL PTE LTD,OS,Optical Shop,301.0,UPPER THOMSON ROAD,1.0,,THOMSON PLAZA,574408,67893273.0,gveyoon@singnet.com.sg,
201800000238,PT9478,KIDSCAMPUS WEST COAST PTE LTD,CC,Childcare Centre,509.0,WEST COAST DRIVE,1.0,283.0,WEST COAST VISTA,120509,67743868.0,INFO@KIDSCAMPUS.SG,
201800000239,PT9463,STAR LEARNERS @ TAMPINES EAST PTE LTD,CC,Childcare Centre,297.0,TAMPINES STREET 22,1.0,576.0,,520297,62500173.0,mengwei.tan@starlearners.com.sg,
201800000284,SS20188030,ACE OPTICAL GROUP PTE LTD,OS,Optical Shop,449.0,ANG MO KIO AVENUE 10,1.0,1731.0,,560449,64596808.0,aceopti@gamil.com,
201800000285,PT9472,THE ORANGE ACADEMY (TAMPINES) PTE LTD,CC,Childcare Centre,2.0,TAMPINES CENTRAL 5,4.0,8.0,CENTURY SQUARE,529509,62607877.0,angela_lin@orangeacademy.com.sg,
201800000349,18D0195,1728 DENTAL PRACTICE (TAMPINES),HC,Healthcare Institution,,TAMPINES STREET 23,1.0,60.0,,527201,97251728.0,info@1728dental.com.sg,
201800000353,SS20188038,JADE OPTICAL CENTRE,OS,Optical Shop,7.0,JALAN BUKIT MERAH,1.0,4432.0,,150007,,optics_jade@yahoo.com.sg,
201800000068,PT9439,CAELUM JUNIOR @ DOWNTOWN EAST PTE LTD,CC,Childcare Centre,1.0,PASIR RIS CLOSE,2.0,314.0,E!HUB@DOWNTOWN EAST,519599,63529290.0,DEBORAH@CAELUMJUNIOR.COM,
201500000728,SS20167888,HSA,OS,Optical Shop,205.0,BEDOK NORTH STREET 1,1.0,377.0,,460205,,ern_1989@hotmail.com,
201600000076,EP15112,PHYSIO AND SOLE CLINIC (BUKIT TIMAH) PTE LTD,EI,Early Intervention Programmes,170.0,UPPER BUKIT TIMAH ROAD,9.0,2.0,BUKIT TIMAH SHOPPING CENTRE,588179,64639110.0,fiona@physioandsole.com,
201600000123,SS20167909,CERMIN MATA,OS,Optical Shop,1.0,GEYLANG SERAI,1.0,204.0,,402001,,JAEREMI@OUTLOOK.SG,
201700000455,PT9387,MINDCHAMPS CHINESE PRESCHOOL @ CECIL ST PTE LTD,CC,Childcare Centre,105.0,CECIL STREET,4.0,1.0,THE OCTAGON,69534,69247057.0,Isabelletan@MINDCHAMPS.ORG,
201700000456,PT9386,MINDCHAMPS CHINESE PRESCHOOL@THOMSON PTE. LIMITED,CC,Childcare Centre,,THOMSON ROAD,2.0,1.0,SLF PODIUM,298137,62508484.0,GAILLIM.PS@MINDCHAMPS.ORG,
201700000504,EP16129,AWWA FERNVALE EIC,EI,Early Intervention Programmes,47.0,FERNVALE LINK,,,,797537,65115620.0,registry_ds@awwa.org.sg,
201700000512,17D0289,ROYCE DENTAL SURGERY,HC,Healthcare Institution,80.0,MARINE PARADE ROAD,5.0,23.0,PARKWAY PARADE,449269,63448861.0,JANICE@ROYCEDENTAL.COM.SG,
201700000554,PT9413,KIDSCAMPUS BUKIT MERAH PTE LTD,CC,Childcare Centre,4000.0,JALAN BUKIT MERAH,2.0,7.0,BUKIT MERAH COMMUNITY CENTRE,159465,64736008.0,BUKITMERAH@KIDSCAMPUS.SG,
201700000555,PT9405,MAPLEBEAR EARLY ACHIEVERS PTE LTD,CC,Childcare Centre,,PASIR PANJANG ROAD,2.0,1.0,OC@PASIR PANJANG,118524,69283263.0,labrador@maplebear.sg,
201700000556,PT9425,RAINBOW COVE @ ALEXANDRA PTE LTD,CC,Childcare Centre,460.0,ALEXANDRA ROAD,3.0,4.0,PSA BUILDING,119963,62740304.0,ALEXANDRA@RAINBOWCOVE.COM.SG,
201700000557,PT9408,SUNFLOWER PRESCHOOL @ TECK GHEE PTE LTD,CC,Childcare Centre,,ANG MO KIO STREET 44,1.0,21.0,TECK GHEE PARKVIEW,562455,69027334.0,priscillia@SUNFLOWERPRESCHOOLTECKGHEE.COM.SG,
201700000558,PT9414,TOTSVILLE MONTESSORI PRESCHOOL LLP,CC,Childcare Centre,340.0,ANG MO KIO AVENUE 1,1.0,1681.0,TECK GHEE COURT,560340,96854316.0,totsville.amk@gmail.com,
201700000590,SS20177997,OUR EYES OPTICAL,OS,Optical Shop,21.0,HOUGANG STREET 51,1.0,,HOUGANG GREEN SHOPPING MALL,538719,62420602.0,Oureyesoptical@gmail.com,
201700000608,WP1112,THE LITTLE SKOOL-HOUSE INTERNATIONAL PTE. LTD.,CC,Childcare Centre,9.0,WOODLANDS AVENUE 9,1.0,1.0,REPUBLIC POLYTECHNIC,738964,62198136.0,chujun.tan@littleskoolhouse.com,
201800000080,EP16138,SINGAPORE BRAIN DEVELOPMENT CENTRE PTE. LTD.,EI,Early Intervention Programmes,1.0,GOLDHILL PLAZA,1.0,11.0,GOLDHILL PLAZA,308899,62884123.0,info@brain.com.sg,
201800000126,18M0069,NORWOOD MEDICAL CLINIC,HC,Healthcare Institution,,WOODLANDS RISE,1.0,2.0,,735785,69373576.0,norwoodmedicalclinic@gmail.com,
201600000093,SS20167900,OPTICAL BOUTIQUE PTE LTD,OS,Optical Shop,,WOODLANDS AVENUE 6,1.0,42.0,MULTI STOREY CAR PARK,731678,,OPTICALBOUTIQUEADMIRALTY@GMAIL.COM,
201900000045,19D0031,SMILES R US DENTAL (PUNGGOL),HC,Healthcare Institution,658.0,PUNGGOL EAST,1.0,2.0,,820658,69042212.0,smilesrus_dental@hotmail.sg,
201900000079,19M0053,TRUCARE MEDICAL AND SURGERY,HC,Healthcare Institution,,ANG MO KIO AVENUE 1,1.0,631.0,KEBUN BARU MALL,561226,62558849.0,trucarem@gmail.com,
201900000080,PT9532,CAMBRIDGE@KINGSFORD WATERBAY PTE LTD,CC,Childcare Centre,50.0,UPPER SERANGOON VIEW,1.0,1.0,KINGSFORD WATERBAY,533893,69043961.0,KINGSFORD@CAMBRIDGE.SCHOOL,
201900000081,SK0016,SKOOL4KIDZ CENTRE,CC,Childcare Centre,365.0,SEMBAWANG CRESCENT,1.0,11.0,MULTI STOREY CAR PARK,750365,69500309.0,SBSB@SKOOL4KIDZ.COM.SG,
201900000109,19M0073,BARRIE TAN ENT HEAD & NECK SURGERY,HC,Healthcare Institution,,NAPIER ROAD,3.0,,GLENEAGLES HOSPITAL,258500,67380055.0,info@drbarrietan.com,
201900000141,MCPH1900132,WATSON'S PERSONAL CARE STORES PTE LTD (JEWEL CHANGI AIRPORT),PH,Pharmacy,78.0,AIRPORT BOULEVARD,,,,819666,,siti.rahil@watsons.com.sg,
201900000154,19M0110,DR JOYCE & PARTNERS FAMILY CLINIC (TOA PAYOH BRANCH),HC,Healthcare Institution,177.0,TOA PAYOH CENTRAL,1.0,146.0,,310177,69267607.0,admin@drjoycepartners.com,
201800000365,18M0204,FAITH CLINIC (YISHUN),HC,Healthcare Institution,598.0,YISHUN RING ROAD,1.0,11.0,WISTERIA MALL,768698,63391129.0,FAITHMEDICALGROUP@HOTMAIL.COM,
201800000389,18M0224,CANA MEDICAL CLINIC & SURGERY,HC,Healthcare Institution,,COMPASSVALE CRESCENT,1.0,151.0,COMPASSVALE CAPE,541287,68168203.0,drbellewong@canamedicalclinic.com,
201800000392,18M0220,"MWH HEART, STROKE & CANCER CENTRE",HC,Healthcare Institution,101.0,IRRAWADDY ROAD,7.0,1.0,ROYAL SQUARE AT NOVENA,329565,68818000.0,enquiry@shsccentre.com,
201800000393,18M0223,KENNETH TAN MEDICAL CLINIC,HC,Healthcare Institution,658.0,PUNGGOL EAST,1.0,7.0,,820658,63124589.0,kenneth@kennethtanmedicalclinic.com,
201800000394,18D0217,RAFFLESDENTAL,HC,Healthcare Institution,585.0,NORTH BRIDGE ROAD,,,RAFFLES HOSPITAL,188770,63112360.0,siek_michelle@rafflesmedical.com,
201800000431,18M0250,FRONTIER MEDICAL ASSOCIATES,HC,Healthcare Institution,440.0,BUKIT BATOK WEST AVENUE 8,1.0,5.0,,650440,63370061.0,admin@frontierhealthcare.com.sg,
201800000432,18M0248,MEDICO CLINIC & SURGERY,HC,Healthcare Institution,249.0,JURONG EAST STREET 24,1.0,88.0,,600249,65610934.0,hmgjmco@healthwaymedical.com,
201800000447,18M0261,VICTORY CLINIC AND SURGERY,HC,Healthcare Institution,21.0,GHIM MOH ROAD,1.0,205.0,,270021,64671641.0,vicghimmoh@hotmail.com,
201800000453,18M0262,THE CHEERY CHILD CLINIC,HC,Healthcare Institution,1187.0,UPPER SERANGOON ROAD,2.0,20.0,THE MIDTOWN,533971,68753927.0,Z_MUTTAKIN@HOTMAIL.COM,
201800000463,PT9490,SMALL WONDER PRESCHOOL,CC,Childcare Centre,5.0,TAMPINES NORTH DRIVE 5,3.0,0.0,REEBONZ BUILDING,528548,67810270.0,WEISIANTAN@SMALLWONDER.COM.SG,
201900000053,MCPH1900019,UNITY BY FAIRPRICE (UBSQ) BUANGKOK LINK,PH,Pharmacy,991.0,BUANGKOK LINK,2.0,,MULTI STOREY CAR PARK,530991,68881888.0,mubsq@fairprice.com.sg,
201900000063,19M0042,GLOBAL CARE MEDICAL,HC,Healthcare Institution,21.0,PASIR RIS GROVE,1.0,32.0,COCO PALMS,518070,62800277.0,contact@gcmedical.com.sg,
201900000065,19M0045,PINNACLE FAMILY CLINIC (BUANGKOK SQUARE),HC,Healthcare Institution,991.0,BUANGKOK LINK,2.0,5.0,BUANGKOK SQUARE,530991,69099203.0,wenrui_1@hotmail.com,
201900000069,PT9539,GUG PRESCHOOL @ THOMSON PTE LTD,CC,Childcare Centre,2.0,DERBYSHIRE ROAD,,,,309458,62584722.0,ADMIN.THOMSON@GUGIFTED.COM,
201900000083,PT9535,SUNFLOWER PRESCHOOL @ HOUGANG CC (PRIVATE LIMITED),CC,Childcare Centre,35.0,HOUGANG AVENUE 3,3.0,2.0,HOUGANG COMMUNITY CLUB,538840,62431936.0,sfhcc.cm@GMAIL.COM,
201900000093,SS20198066,MY OPTICS,OS,Optical Shop,,190 MIDDLE ROAD #01-27,,,FORTUNE CENTER,188979,63381686.0,IRISSIM141@HOTMAIL.COM,
201600000116,SS20167902,Better Vision,OS,Optical Shop,3.0,GATEWAY DRIVE,,32.0,WESTGATE,608532,64659661.0,btvs029@bettervision.com.sg,
201700000498,PT9391,HARMONI PRESKOOL @ BUANGKOK PTE LTD,CC,Childcare Centre,,COMPASSVALE BOW,1.0,561.0,COMPASSVALE HELM,542278,69254715.0,ENQUIRIES.HARMONIPRESKOOL@GMAIL.COM,
201800000012,PT9433,MAPLEBEAR DISCOVERY PTE LTD,CC,Childcare Centre,134.0,JURONG GATEWAY ROAD,1.0,311.0,,600134,62521488.0,JURONGGATEWAY@MAPLEBEAR.SG,
201800000128,PT9452,SAFARI HOUSE PRESCHOOL JW,CC,Childcare Centre,20.0,JURONG WEST STREET 93,1.0,3.0,JURONG WEST SPORTS & RECREATION,648965,62516196.0,jurong@safarihouse.com,
201800000129,PT9449,LEARNING VISION @ WORK PTE LTD,CC,Childcare Centre,1.0,ANCHORVALE STREET,4.0,21.0,SENGKANG COMMUNITY HOSPITAL,544835,62824261.0,Emilychoo@learningvision.com,
201800000136,18M0076,CROSS STREET MEDICAL CLINIC,HC,Healthcare Institution,531.0,UPPER CROSS STREET,1.0,35.0,HONG LIM COMPLEX,50531,65350608.0,Doctor@crossstreetmedical.com.sg,
201800000142,18M0084,ACCESS MEDICAL (TECK GHEE),HC,Healthcare Institution,410.0,ANG MO KIO AVENUE 10,1.0,837.0,TECK GHEE SQUARE,560410,62517030.0,LIM.YONG.CHIN@GMAIL.COM,
201800000146,18D0086,ROYCE DENTAL SURGERY,HC,Healthcare Institution,,TAMPINES AVENUE 9,1.0,7.0,TAMPINES GREENRIDGES,522601,69096358.0,JANICE@ROYCEDENTAL.COM.SG,
201800000154,18M0092,EH MEDICAL,HC,Healthcare Institution,,WOODLANDS RISE,1.0,12.0,,735785,62511526.0,eh.medical.sg@gmail.com,
201800000157,18M0093,MEDIVALE MEDICAL CLINIC,HC,Healthcare Institution,236.0,YISHUN RING ROAD,1.0,1012.0,YISHUN HEARTS,760236,62570141.0,medivalemc@outlook.com,
201800000160,18M0095,PRECIOUS MEDICAL CLINIC,HC,Healthcare Institution,,PUNGGOL WAY,1.0,306.0,PUNGGOL EMERALD,821264,62517166.0,ANN.HO@PRECIOUSMEDICALCLINIC.COM,
201900000176,SS20198084,HIROCON PTE LTD,OS,Optical Shop,277.0,ORCHARD ROAD,,28.0,ORCHARD GATEWAY,238858,67023777.0,tradition@hirocon-net.com,
201900000181,SS20198081,SPECTACLE HUT PTE LTD,OS,Optical Shop,1.0,WOODLANDS SQUARE,1.0,11.0,CAUSEWAY POINT,738099,,gary@spectaclehut.com,
201900000182,MCPHA1900172,GUARDIAN PHARMACY (BISHAN BLK 512),PH,Pharmacy,512.0,BISHAN STREET 13,1.0,524.0,,570512,62625714.0,gbis@guardian.com.sg,
201900000187,SS20198078,HIROCON,OS,Optical Shop,11.0,TANJONG KATONG ROAD,1.0,,ONE KM,437157,,kinex@hirocon-net.com,
201900000188,SS20198080,EYE THEORY TWO PTE LTD,OS,Optical Shop,20.0,AH HOOD ROAD,1.0,7.0,ZHONGSHAN MALL,329984,63391565.0,eyetheory2@gmail.com,
201900000203,SS20198085,OPTICS CONNECTION PTE LTD,OS,Optical Shop,53.0,ANG MO KIO AVENUE 3,1.0,4.0,AMK HUB,569933,,RACHEL@OPTICSCONNECTION.BIZ,
201900000262,PT9670,SUNFLOWER PRESCHOOL @ WEST TERRA PTE LTD,CC,Childcare Centre,,BUKIT BATOK WEST AVENUE 6,,,WEST TERRA @ BUKIT BATOK,652451,91549660.0,dp-kamy@sunflowerkid.com,
201900000266,ST0331,PCF SPARKLETOTS PRESCHOOL @ YEW TEE BLK 608 (DS),CC,Childcare Centre,608.0,CHOA CHU KANG STREET 62,1.0,103.0,,680608,67609233.0,Neo.Chiew.Wan@pcf.org.sg,
201900000268,19M0185,A1 MEDICAL CLINIC,HC,Healthcare Institution,418.0,BEDOK NORTH AVENUE 2,1.0,63.0,LINEAR GREEN @ BEDOK,460418,64930198.0,a1medicalbedok@gmail.com,
201900000278,19M0187,ONECARE CLINIC HOUGANG AVE 8,HC,Healthcare Institution,681.0,HOUGANG AVENUE 8,1.0,835.0,,530681,69700811.0,hougang8@onecaremedical.com.sg,
201900000288,19M0193,TRUE MEDICAL CLINIC PAYA LEBAR QUARTER,HC,Healthcare Institution,10.0,PAYA LEBAR ROAD,4.0,26.0,PAYA LEBAR QUARTER,409057,69701933.0,hello@truemedical.sg,
201900000312,SS20198092,W OPTICS,OS,Optical Shop,78.0,AIRPORT BOULEVARD,,201.0,JEWEL CHANGI AIRPORT,819666,62143516.0,jewel@woptics.sg,
201900000320,19M0213,A MEDICAL CLINIC,HC,Healthcare Institution,1.0,EVERTON PARK,1.0,27.0,EVERTON PARK,81001,62262066.0,amedclinicsg@gmail.com,
201700000047,SS20177958,Spectacle Hut,OS,Optical Shop,17.0,PETIR ROAD,,33.0,HILLION MALL,678278,66439689.0,doreen@spectaclehut.com.sg,
201700000583,17D0335,ASHFORD DENTAL CENTRE,HC,Healthcare Institution,215.0,UPPER THOMSON ROAD,1.0,215.0,THOMSON RIDGE,574349,62659146.0,hanisha@ashforddental.com.sg,
201700000585,17M0336,SINGHEALTH POLYCLINICS,HC,Healthcare Institution,681.0,PUNGGOL DRIVE,2.0,1.0,OASIS TERRACES,820681,66436969.0,PUNGGOLPOLYCLINIC@SINGHEALTH.COM.SG,
201700000616,PT9421,LITTLE FOOTPRINTS PRESCHOOL @ BOON KENG PTE LTD,CC,Childcare Centre,998.0,BENDEMEER ROAD,1.0,1.0,,339945,92322135.0,shanmuga.malar@littlefootprints.com.sg,
201700000620,PT9698,HEARTFIELD KINDERGARTEN PTE LTD,KN,Kindergarten,31.0,BALMORAL ROAD,,,,259810,93683902.0,VALERIELEE@HEARTFIELDKINDERGARTEN.COM,
201700000638,17D0366,SHANG DENTAL (KALLANG),HC,Healthcare Institution,71.0,KALLANG BAHRU,1.0,,,330071,64433443.0,shangdentalclinic@gmail.com,
201700000652,PT9419,MINDCHAMPS PRESCHOOL@RAFFLES TOWN CLUB PTE.LTD,CC,Childcare Centre,1.0,PLYMOUTH AVENUE,3.0,0.0,,297753,88093816.0,ZHENJUNSUN@MINDCHAMPS.ORG,
201700000654,PT9424,BRIGHTON MONTESSORI CENTRES PTE LTD,CC,Childcare Centre,456.0,RIVER VALLEY ROAD,1.0,1.0,CRYSTAL COURT,248342,67321303.0,rv@brightonmontessori.com.sg,
201700000655,PT9422,LEARNING VISION @ WORK PTE LTD,CC,Childcare Centre,7.0,CHANGI BUSINESS PARK VISTA,2.0,1.0,SOOKEE HQ,486042,62827880.0,MarieLian@learningvision.com,
201700000656,NT0577,MY FIRST SKOOL,CC,Childcare Centre,6.0,SEGAR ROAD,,,,677725,66349989.0,INFO@MYFIRSTSKOOL.COM,
201700000658,PT9429,SUPERLAND PRE-SCHOOL (PL) PTE. LTD.,CC,Childcare Centre,10.0,EUNOS ROAD 8,1.0,208.0,SINGAPORE POST CENTRE,408600,67471191.0,SUPERLANDSINGPOSTCAMPUS@GMAIL.COM,
201900000128,PT9544,APPLE TREE PLAYHOUSE PTE LTD,CC,Childcare Centre,1.0,NORTHPOINT DRIVE,2.0,201.0,NORTHPOINT CITY,768019,62716388.0,ADMIN@APPLETREEPLAYHOUSE.COM,
201900000183,SS20198073,HIROCON,OS,Optical Shop,1.0,RAFFLES PLACE,3.0,26.0,ONE RAFFLES PLACE,48616,,onerafflesplace@hirocon-net.com,
201900000185,SS20198077,MORRISON OPTICAL (INTERNATIONAL) PTE LTD,OS,Optical Shop,166.0,WOODLANDS STREET 13,1.0,533.0,,730166,,ELLISELIMHS@GMAIL.COM,
201900000186,EP16148,AUTISM RECOVERY NETWORK,EI,Early Intervention Programmes,,JOO CHIAT ROAD,,,,427671,63488005.0,admin@autismrecovery.sg,
201900000190,MCPHA1900274,GUARDIAN PHARMACY (FUNAN),PH,Pharmacy,107.0,NORTH BRIDGE ROAD,,16.0,,179105,69687825.0,gfun@guardian.com.sg,
201900000191,MCPHA1900273,GUARDIAN PHARMACY (PAYA LEBAR QUARTER),PH,Pharmacy,10.0,PAYA LEBAR ROAD,,,,409057,69687816.0,gplq@guardian.com.sg,
201900000193,MCPH1900253,UNITY BY FAIRPRICE (UVVO) VIVO CITY,PH,Pharmacy,1.0,HARBOURFRONT WALK,1.0,23.0,VIVO CITY,98585,,general.feedback@fairprice.com.sg,
201900000196,ST0375,PCF SPARKLETOTS PRESCHOOL @ JALAN KAYU BLK 999 (DS),CC,Childcare Centre,999.0,BUANGKOK CRESCENT,2.0,1.0,,530999,69685760.0,Goh.Lay.Woon@PCF.org.sg,
201900000197,ST0379,PCF SPARKLETOTS PRESCHOOL @ TOA PAYOH EAST-NOVENA BLK 261A (EY),CC,Childcare Centre,,TOA PAYOH EAST,1.0,2.0,TOA PAYOH APEX,311261,62641961.0,daphne.wongPM@pcf.org.sg,
201900000202,NT0590,MY FIRST SKOOL,CC,Childcare Centre,,SUMANG WALK,1.0,857.0,PUNGGOL BAYVIEW,824322,66349989.0,leemm@myfirstskool.com,
201900000307,19M0205,ONECARE CLINIC CLEMENTI,HC,Healthcare Institution,449.0,CLEMENTI AVENUE 3,1.0,241.0,,120449,69709300.0,clementi@onecaremedical.com.sg,
201600000129,SS20167903,VivaEyes,OS,Optical Shop,16.0,UPPER BOON KENG ROAD,1.0,1107.0,,380016,67471192.0,vivamodaeyes@gmail.com,
201600000130,SS20167905,Better Vision,OS,Optical Shop,83.0,PUNGGOL CENTRAL,,2.0,WATERTOWN,828761,63849177.0,btvs008@bettervision.com.sg,
201700000592,17M0341,PRECIOUS MEDICAL CLINIC,HC,Healthcare Institution,,YISHUN STREET 31,1.0,183.0,YISHUN RIVERWALK,762333,66028166.0,ANN.HO@PRECIOUSMEDICALCLINIC.COM,
201700000604,SS20177998,VISION PLUS+ PTE LTD,OS,Optical Shop,1.0,QUEENSWAY,1.0,40.0,,149053,65924470.0,visionplus.queensway@gmail.com,
201700000614,17M0352,SLK FAMILY CLINIC & SURGERY PTE. LTD.,HC,Healthcare Institution,115.0,JALAN BUKIT MERAH,1.0,1615.0,TIONG BAHRU ORCHID,160115,92981981.0,tristanex@gmail.com,
201700000615,17M0353,SOG CLINIC FOR CHILDREN,HC,Healthcare Institution,,BOON TIONG ROAD,1.0,11.0,TIONG BAHRU VIEW,161011,62500600.0,INFO@SOG.COM.SG,
201700000630,17D0364,TOOFDOCTOR DENTAL SURGEONS (PELIKAT),HC,Healthcare Institution,183.0,JALAN PELIKAT,1.0,39.0,THE PROMENADE@PELIKAT,537643,63853855.0,pelikat@toofdoctor.com.sg,
201700000691,SS20178004,OPTICS CONNECTION PTE LTD,OS,Optical Shop,530.0,LORONG 6 TOA PAYOH,1.0,10.0,HDB HUB,310530,62663638.0,opticsconnection@gmail.com,
201800000168,PT9459,ELFA CHINESE KINDERGARTEN,CC,Childcare Centre,3.0,PANDAN VALLEY,1.0,316.0,CHEMPAKA COURT,597627,68176460.0,ELFAPV@ELFA.EDU.SG,
201800000169,PT9461,PUEDO PRESCHOOL @ JG PTE. LTD.,CC,Childcare Centre,6.0,JALAN GELANGGANG,,,SEMBAWANG HILLS ESTATE,578189,64525592.0,HRTUTOR@GMAIL.COM,
201800000170,PT9466,MAPLEBEAR WHIZ KIDS PTE. LTD.,CC,Childcare Centre,90.0,WILKIE ROAD,,,,228085,67890500.0,principal-mountemily@maplebear.sg,
201800000171,EP16141,MINDCHAMPS ALLIED CARE @ SERANGOON GARDENS,EI,Early Intervention Programmes,7.0,LICHFIELD ROAD,,,SERANGOON GARDEN ESTATE,556827,65810885.0,feliciaong@mindchamps.org,
201800000182,PT9602,MASTERMINDS KINDERGARTEN,KN,Kindergarten,204.0,BUKIT TIMAH ROAD,,0.0,BOON LIEW BUILDING,229863,62350983.0,carol@masterminds.sg,
201800000191,PT9474,PLAY@THOMSON HILLS PTE. LTD.,CC,Childcare Centre,2.0,THOMSON HILLS DRIVE,,,THOMSON HILLS ESTATE,574747,64594228.0,ADMIN@PLAYTHOMSON.COM,
201500000721,SS20167898,SHIRLEY OPTICAL,OS,Optical Shop,50.0,EAST COAST ROAD,2.0,,ROXY SQUARE,428769,63468822.0,SHIRLEYOPTICAL71@GMAIL.COM,
201900000198,SS20198083,SPECS SMITH,OS,Optical Shop,146.0,POTONG PASIR AVENUE 1,1.0,103.0,,350146,62828555.0,specs.smith.sg@gmail.com,
201900000300,19D0201,ONE-NORTH DENTAL,HC,Healthcare Institution,1.0,FUSIONOPOLIS PLACE,1.0,3.0,GALAXIS,138522,87180706.0,hello@onenorthdental.com,
201900000325,19M0217,ONECARE CLINIC BEDOK MRT,HC,Healthcare Institution,315.0,NEW UPPER CHANGI ROAD,1.0,1.0,BEDOK MRT STATION,467347,69700813.0,bedokmrt@onecaremedical.com.sg,
201900000334,PT9701,LITTLE FOOTPRINTS PRESCHOOL PTE LTD,CC,Childcare Centre,976.0,JURONG WEST STREET 93,1.0,381.0,,640976,67927978.0,cecilia.kong@littlefootprints.com.sg,
201900000345,PT9705,MINDCHAMPS PRESCHOOL@THE BROOKS II PTE LIMITED,CC,Childcare Centre,25.0,SPRINGSIDE GREEN,1.0,8.0,THE BROOKS II,786015,93838458.0,linnaannawoon@mindchamps.org,
201900000358,19M0246,PAEDIATRIC ALLERGY IMMUNOLOGY RHEUMATOLOGY CENTRE,HC,Healthcare Institution,38.0,IRRAWADDY ROAD,11.0,52.0,,329563,,dr@pairc.sg,
201900000365,SS20198094,VIZION OPTICS PTE LTD,OS,Optical Shop,720.0,ANG MO KIO AVENUE 6,1.0,4112.0,,560720,62610520.0,ask.vizion@gmail.com,
201900000367,RC1896,LITTLE SEEDS PRESCHOOL @ CAPSTONE,CC,Childcare Centre,63.0,WISHART ROAD,,,,98717,69746134.0,kendes@littleseeds.edu.sg,
201900000368,RC1897,LITTLE SEEDS PRESCHOOL @ CALVARY BAPTIST CHURCH,CC,Childcare Centre,48.0,WAN THO AVENUE,,,,347592,69745573.0,pamela.chan@littleseeds.edu.sg,
201500000837,SS20157883,Tiong Bahru Eyecare Pte Ltd,OS,Optical Shop,,BOON TIONG ROAD,1.0,10.0,MULTI STOREY CAR PARK,161011,62742726.0,tiongbahrueyecare@gmail.com,
201600000203,SS20167918,PERCEPTION PTE LTD,OS,Optical Shop,60.0,PAYA LEBAR ROAD,1.0,59.0,PAYA LEBAR SQUARE,409051,67027229.0,SOONPEOW@GMAIL.COM,
201600000254,SS20167911,Spectacle Hut Pte Ltd,OS,Optical Shop,302.0,TIONG BAHRU ROAD,1.0,144.0,TIONG BAHRU PLAZA,168732,65667717.0,doreen@spectaclehut.com.sg,
201600000352,SS20167921,Yang Yang Optical Trading,OS,Optical Shop,261.0,WATERLOO STREET,1.0,9.0,WATERLOO CENTRE,180261,63361130.0,hsyang_118@hotmail.com,
201600000385,16M0230,PARKWAY SHENTON MEDICAL GROUP,HC,Healthcare Institution,1.0,JELEBU ROAD,3.0,2.0,BUKIT PANJANG PLAZA,677743,67697863.0,pspl.fm@parkwaypantai.com,
201600000387,ST0169,PCF SPARKLETOTS PRESCHOOL @ MARSILING (CC),CC,Childcare Centre,9.0,WOODLANDS STREET 12,,,,738621,63622501.0,Yin.Rhoo.Jeannette.Ling@pcf.org.sg,
201600000600,PT9331,ETONHOUSE PRE-SCHOOL PTE LTD,CC,Childcare Centre,681.0,BUKIT TIMAH ROAD,,,,269782,64673322.0,HCEH@ETONHOUSE.EDU.SG,
201600000611,PT9338,ECOKIDD CHILDCARE PTE LTD,CC,Childcare Centre,1.0,SPRINGSIDE AVENUE,,,,787013,64515355.0,HQ@EDUVENTUREGROUP.COM,
201700000245,SS20177972,THE POINT OPTICAL PTE LTD,OS,Optical Shop,183.0,TOA PAYOH CENTRAL,1.0,310.0,,310183,63584540.0,thepointoptical@hotmail.com,
201800000043,PT9436,NANYANG KINDERCARE CENTRE PTE LTD,CC,Childcare Centre,537.0,BUKIT PANJANG RING ROAD,1.0,835.0,,670537,68934515.0,NANYANGKINDERCARE@YAHOO.COM.SG,
201800000117,NT0582,MY FIRST SKOOL,CC,Childcare Centre,997.0,BUANGKOK CRESCENT,1.0,1.0,MULTI STOREY CAR PARK,530997,66349989.0,INFO@MYFIRSTSKOOL.COM,
201800000118,NT0581,MY FIRST SKOOL,CC,Childcare Centre,,PUNGGOL EAST,1.0,771.0,WATERWAY SUNRAY,821659,66349989.0,INFO@MYFIRSTSKOOL.COM,
201800000119,PT9451,KIDSCAMPUS JW PTE LTD,CC,Childcare Centre,837.0,JURONG WEST STREET 81,1.0,75.0,,640837,63968569.0,INFO@ALORA.COM.SG,
201800000226,EP16142,MELBOURNE SPECIALIST INTERNATIONAL SCHOOL PTE LTD,EI,Early Intervention Programmes,,LOEWEN ROAD,,,,248853,,finance@msis.edu.sg,
201800000249,EP16143,DOWN SYNDROME ASSOCIATION (SINGAPORE),EI,Early Intervention Programmes,9.0,BISHAN PLACE,9.0,1.0,JUNCTION 8 SHOPPING CENTRE,579837,65009307.0,viemala@downsyndrome-singapore.org,
201800000469,PT9495,NAFA ARTS PRESCHOOL,CC,Childcare Centre,80.0,BENCOOLEN STREET,3.0,,NAFA CAMPUS 1 (WING B),189655,62590048.0,apsbencoolen@nafa.edu.sg,
201800000478,ST0205,PCF SPARKLETOTS PRESCHOOL @ LIMBANG BLK 543 (EY),CC,Childcare Centre,543.0,CHOA CHU KANG STREET 52,1.0,70.0,,680543,67663379.0,Quek.Chew.Buay@pcf.org.sg,
201800000483,PT9502,STAR LEARNERS @ BUKIT MERAH PTE. LTD.,CC,Childcare Centre,134.0,JALAN BUKIT MERAH,1.0,1420.0,,160134,62500173.0,mengwei.tan@starlearners.com.sg,
201500000680,PT9190,BRILLIANT KIDS LEARNING COVE,CC,Childcare Centre,91.0,BUKIT BATOK WEST AVENUE 2,2.0,2.0,CLUB CSC @ BUKIT BATOK,659206,63166606.0,BRILLIANTKIDS.BIZ@GMAIL.COM,
201500000706,PT9226,SUNFLOWER PRESCHOOL PTE. LTD.,CC,Childcare Centre,745.0,BEDOK RESERVOIR ROAD,2.0,3015.0,,470745,62429581.0,lakshmi1408@gmail.com,
201600000113,SS20167916,WONDERLENS OPTICAL,OS,Optical Shop,925.0,YISHUN CENTRAL 1,1.0,221.0,,760925,67541008.0,CAPRIFANGZ@HOTMAIL.COM,
201900000201,SS20198096,AEROV X UNITED EYECARE PTE LTD,OS,Optical Shop,146.0,POTONG PASIR AVENUE 1,1.0,131.0,,350146,,brianchungcp@gmail.com,
201900000316,PT9675,THE KIDS' INN,CC,Childcare Centre,11.0,LORONG 37 GEYLANG,2.0,0.0,,387908,94522117.0,kamissitihawa@gmail.com,
201900000326,19D0219,Q & M DENTAL SURGERY (PAYA LEBAR),HC,Healthcare Institution,10.0,PAYA LEBAR ROAD,4.0,27.0,PAYA LEBAR QUARTER,409057,69687802.0,helen@qnm.sg,
201900000327,19D0218,ROYCE DENTAL SURGERY,HC,Healthcare Institution,501.0,BISHAN STREET 11,1.0,372.0,,570501,67743586.0,JANICE@ROYCEDENTAL.COM.SG,
201900000333,19M0226,HEALTHWAY MEDICAL,HC,Healthcare Institution,461.0,YISHUN AVENUE 6,1.0,5.0,,760461,62354824.0,hmgyip@healthwaymedical.com,
201900000363,PT9706,SAFARI HOUSE PRESCHOOL LAKESIDE,CC,Childcare Centre,10.0,JURONG LAKE LINK,1.0,33.0,LAKE GRANDE,648131,68968771.0,vincent@safarihouse.com,
201900000364,PT9707,TREHAUS PTE LTD,CC,Childcare Centre,109.0,NORTH BRIDGE ROAD,7.0,21.0,FUNAN,179097,81572537.0,elizabeth@trehaus.co,
201500000663,EP15106,DYSLEXIA ASSOCIATION OF SINGAPORE (DAS),EI,Early Intervention Programmes,73.0,BUKIT TIMAH ROAD,5.0,1.0,REX HOUSE,229832,,info@das.org.sg,
201600000114,SS20167901,METRO OPTICS,OS,Optical Shop,735.0,PASIR RIS STREET 72,1.0,334.0,PASIR RIS WEST PLAZA,510735,,WHATJEROM@HOTMAIL.COM,
201600000359,SS20167924,Visionfly,OS,Optical Shop,19.0,LORONG 7 TOA PAYOH,1.0,274.0,,310019,62583352.0,francis@visionfly.com.sg,
201600000621,SS20167954,Studio 56,OS,Optical Shop,259.0,PASIR RIS STREET 21,2.0,45.0,LOYANG POINT,510259,65847185.0,azpecgroup@gmail.com,
201700000153,SS20177965,SUNSHINE OPTIC,OS,Optical Shop,475.0,CHOA CHU KANG AVENUE 3,1.0,27.0,SUNSHINE PLACE,680475,,Jjasonntan@gmail.com,
201700000330,SS20177993,J.K OPTICAL,OS,Optical Shop,253.0,CHOA CHU KANG AVE 1,1.0,7.0,KEAT HONG SHOPPING CENTRE,680253,67692432.0,JKOPTICAL253@GMAIL.COM,
201700000331,SS20177987,OJO OPTOMETRIST,OS,Optical Shop,80.0,MARINE PARADE ROAD,,,PARKWAY PARADE,449269,64401398.0,ojoparkway@gmail.com,
201700000335,EP16126,FEI YUE COMMUNITY SERVICES,EI,Early Intervention Programmes,508.0,WELLINGTON CIRCLE,1.0,1.0,MULTI STOREY CAR PARK,750508,,admin@fycs.org,
201700000673,SS20178002,QQ OPTOMETRIST PTE LTD,OS,Optical Shop,,JURONG WEST,1.0,286.0,GEK POH SHOPPING CENTRE,640762,62581204.0,qiqi_123456789@hotmail.com,
201800000021,SS20188016,SPECTACLE HUT,OS,Optical Shop,21.0,CHOA CHU KANG AVENUE 4,,18.0,"LOT ONE, SHOPPERS' MALL",689812,67607717.0,shsl1@spectaclehut.com.sg,
201800000217,SS20188027,W OPTICS,OS,Optical Shop,1.0,HARBOURFRONT WALK,1.0,143.0,VIVO CITY,98585,62705665.0,vivocity@woptics.sg,
201800000228,18M0126,HEALTHCARE AMK MEDICAL CLINIC,HC,Healthcare Institution,157.0,ANG MO KIO AVENUE 4,1.0,578.0,,560157,64511528.0,healthcareamk@gmail.com,
201800000229,18M0127,MY FAMILY CLINIC (WOODLANDS GLEN),HC,Healthcare Institution,573.0,WOODLANDS DRIVE 16,1.0,9.0,,730573,67321520.0,mfc.wdg@alliance.md,
201800000230,18D0130,NOBLE DENTAL SURGERY,HC,Healthcare Institution,,WOODLANDS RISE,1.0,4.0,,735785,63531933.0,nobledentalsurgery@gmail.com,
201800000245,18M0138,MINT MEDICAL CENTRE (FUNAN),HC,Healthcare Institution,107.0,NORTH BRIDGE ROAD,4.0,,FUNAN,179105,62729372.0,admin@mintmed.com.sg,
201800000246,18M0137,POTONG PASIR MEDICAL CLINIC,HC,Healthcare Institution,148.0,POTONG PASIR AVENUE 1,1.0,55.0,,350148,62624384.0,contact@potongpasirmedical.com,
201800000250,SS20188032,CAPITOL OPTICAL COMPANY (PRIVATE) LIMITED,OS,Optical Shop,9.0,BISHAN PLACE,1.0,16.0,JUNCTION 8 SHOPPING CENTRE,579837,63544520.0,XIAOYUN@CAPITOL.COM.SG,
201500000738,PT9208,THE GLITTER RAINBOW SKOOL PTE. LTD.,CC,Childcare Centre,2.0,YISHUN INDUSTRIAL STREET 1,1.0,8.0,NORTH POINT BIZHUB,768159,66943261.0,ADELINELIM@THEGLITTERRAINBOWSKOOL.COM,
201900000283,SS20198090,CAPITOL OPTICAL CO PTE LTD,OS,Optical Shop,1.0,SENGKANG SQUARE,2.0,25.0,COMPASS POINT,545078,62436691.0,compassone@capitol.com.sg,
201900000297,SS20198093,VIDERE,OS,Optical Shop,176.0,ORCHARD ROAD,1.0,34.0,THE CENTREPOINT,238843,,centrepoint@videre-eyecare.com.sg,
201900000337,19M0227,DR KEVIN CHUA MEDICAL & AESTHETICS,HC,Healthcare Institution,360.0,ORCHARD ROAD,3.0,5.0,INTERNATIONAL BUILDING,238869,66946700.0,dr@kevinchua.com.sg,
201900000417,ST0253,PCF SPARKLETOTS PRESCHOOL @ PASIR RIS EAST BLK 426 (DS),CC,Childcare Centre,426.0,PASIR RIS DRIVE 6,1.0,73.0,,510426,65810356.0,Peh.Say.Ling@pcf.org.sg,
201900000420,19M0275,CROSSROADS FAMILY CLINIC,HC,Healthcare Institution,,TAMPINES AVENUE 9,1.0,10.0,TAMPINES GREENRIDGES,522601,65927080.0,crossroadsfamilyclinic@gmail.com,
201900000425,19D0278,SHANG DENTAL (SERANGOON NORTH),HC,Healthcare Institution,153.0,SERANGOON NORTH AVENUE 1,1.0,508.0,,550153,62822345.0,DR.NGSIHAO@GMAIL.COM,
201900000435,19C0284,SPECIALIST ORAL SURGEONS,HC,Healthcare Institution,10.0,SINARAN DRIVE,9.0,25.0,NOVENA MEDICAL CENTRE,307506,62353688.0,helen@qnm.sg,
201900000447,SS20198099,I-CONNECT OPTICS,OS,Optical Shop,301.0,UBI AVENUE 1,1.0,303.0,,400301,67410997.0,doris.kwek.hl@gmail.com,
201900000451,SS20198097,ZOFF,OS,Optical Shop,133.0,NEW BRIDGE ROAD,,39.0,CHINATOWN POINT,59413,66947090.0,CS.SG@ZOFF.COM,
201500000682,NT0561,MY FIRST SKOOL,CC,Childcare Centre,,BOON LAY DRIVE,1.0,113.0,,644197,66349989.0,INFO@MYFIRSTSKOOL.COM,
201500000683,RC1774,WESLEY VINEYARD CHILDCARE LTD.,CC,Childcare Centre,29.0,TELOK BLANGAH RISE,,,,90029,62711216.0,principal_TB@wvc.org.sg,
201500000816,PT9212,KENT RIDGE BABY COVE PTE. LTD,CC,Childcare Centre,,RUSSELS ROAD,,,,118283,87267572.0,enquiry@krpreschool.com,
201500000824,ST0157,PCF SPARKLETOTS PRESCHOOL @ ANG MO KIO-HOUGANG BLK 937 (CC),CC,Childcare Centre,937.0,HOUGANG STREET 92,1.0,77.0,,530937,63860296.0,LEE.HUM.CHIAU@PCF.ORG.SG,
201500000825,ST0159,PCF SPARKLETOTS PRESCHOOL @ BUKIT PANJANG BLK 254 (CC),CC,Childcare Centre,254.0,BANGKIT ROAD,1.0,204.0,,670254,67696688.0,Veejayakumari.DO.Thiagaraja@pcf.org.sg,
201500000857,EB0006,E-BRIDGE PRE-SCHOOL PTE. LTD.,CC,Childcare Centre,1.0,JELEBU ROAD,4.0,5.0,BUKIT PANJANG PLAZA,677743,67691163.0,bukitpanjang@e-bridge.edu.sg,
201500000864,ST0160,PCF SPARKLETOTS PRESCHOOL @ SEMBAWANG BLK 755 (CC),CC,Childcare Centre,755.0,WOODLANDS AVENUE 4,1.0,299.0,,730755,63687021.0,Buvaneswari.RGaneson@pcf.org.sg,
201500000872,PT9218,ACTIVE LEARNERS CHILD CARE PRIVATE LIMITED,CC,Childcare Centre,,WOODLANDS STREET 31,3.0,3.0,,731306,63630631.0,activelearners1994@gmail.com,
201500000924,PT9231,MAPLE BEAR PLAYHOUSE PTE. LTD.,CC,Childcare Centre,354.0,ALEXANDRA ROAD,1.0,19.0,ALEXIS,159948,66556777.0,ALEXANDRA@MAPLEBEAR.SG,
201500000929,15D0435,NOFRILLS DENTAL,HC,Healthcare Institution,3.0,TEMASEK BOULEVARD,3.0,317.0,SUNTEC CITY MALL,38983,63377319.0,SUNTEC@NOFRILLSDENTAL.COM.SG,
201600000003,PT9233,HUNDRED THOUGHTS PTE LTD,CC,Childcare Centre,456.0,ALEXANDRA ROAD,4.0,1.0,,119962,62550246.0,ADMIN@HUNDREDTHOUGHTSPRESCHOOL.COM,
201500000658,15M0277,THOMSON PAEDIATRIC CENTRE,HC,Healthcare Institution,253.0,SERANGOON CENTRAL DRIVE,1.0,235.0,,550253,62801000.0,tpc_serangoon@thomsonmedical.com,
201500000725,15M0314,RAFFLESMEDICAL,HC,Healthcare Institution,11.0,RIVERVALE CRESCENT,2.0,17.0,RIVERVALE MALL,545082,63852154.0,rivervalemall@rafflesmedical.com,
201500000801,15M0364,ACACIA MEDICAL CLINIC,HC,Healthcare Institution,180.0,DEPOT ROAD,1.0,7.0,"INTERLACE, THE",109684,98164823.0,,
201500000802,15M0363,DR JEREMY CHAN MEDICAL CLINIC,HC,Healthcare Institution,123.0,LORONG 1 TOA PAYOH,1.0,493.0,,310123,62504191.0,,
201500000803,15C0362,MINMED HEALTH SCREENERS,HC,Healthcare Institution,290.0,ORCHARD ROAD,16.0,,PARAGON,238859,68380123.0,mhs@minmed.sg,
201500000804,15M0360,ROYAL CARE MEDICAL YISHUN JUNCTION 9,HC,Healthcare Institution,317.0,YISHUN AVENUE 9,1.0,3.0,MULTI STOREY CAR PARK,760317,67107338.0,yishunroyal@gmail.com,
201500000807,RC1776,AWWA LTD.,CC,Childcare Centre,20.0,LENGKOK BAHRU,2.0,5.0,,159053,65117389.0,sandy_koh@awwa.org.sg,
201500000938,ST0164,PCF SPARKLETOTS PRESCHOOL@ANG MO KIO-HOUGANG BLK 642 (CC),CC,Childcare Centre,642.0,HOUGANG AVENUE 8,1.0,195.0,,530642,63860793.0,Nayagam.Josephine.Stella.Mary@pcf.org.sg,
201600000099,16D0048,NEWPORT DENTAL,HC,Healthcare Institution,1.0,STADIUM PLACE,1.0,8.0,KALLANG WAVE MALL,397628,63867578.0,divya@newportdental.sg,
201500000617,15M0269,MEDIVENE CLINIC & SURGERY,HC,Healthcare Institution,330.0,ANCHORVALE STREET,1.0,5.0,,540330,63850441.0,,
201500000758,15M0345,ACCESS MEDICAL (EAST COAST),HC,Healthcare Institution,18.0,BEDOK SOUTH ROAD,1.0,69.0,,460018,62418812.0,,
201500000760,15D0342,DENTAL FOCUS PIONEER CLINIC,HC,Healthcare Institution,638.0,JURONG WEST STREET 61,2.0,5.0,PIONEER MALL,640638,68610148.0,,
201500000761,15M0340,EON MEDICAL CLINIC,HC,Healthcare Institution,475.0,UPPER SERANGOON CRESCENT,1.0,4.0,MULTI STOREY CAR PARK,530475,63840904.0,EONMEDICALCLINIC@YAHOO.COM.SG,
201500000679,15M0291,THE ENT CLINIC,HC,Healthcare Institution,38.0,IRRAWADDY ROAD,7.0,,MOUNT ELIZABETH NOVENA SPECIALIS,329563,67107522.0,admin@entclinic.sg,
201500000696,15D0296,TAMPINES DENTAL ON 81,HC,Healthcare Institution,822.0,TAMPINES STREET 81,1.0,200.0,,520822,67825266.0,,
201500000697,15D0300,TEETH @ TIONG BAHRU DENTAL CLINIC,HC,Healthcare Institution,,BOON TIONG ROAD,1.0,12.0,TIONG BAHRU VIEW,161011,62710818.0,,
201500000732,SS20157881,Feng yang eyecare,OS,Optical Shop,475.0,CHOA CHU KANG AVENUE 3,1.0,30.0,SUNSHINE PLACE,680475,,wantengang@gmail.com,
201500000812,PT9214,PARIPOSA PTE LTD,CC,Childcare Centre,31.0,TOH TUCK ROAD,,,,596709,64622701.0,sonia@pariposapreschool.com,
201500000822,15M0374,KIDS FIRST CLINIC,HC,Healthcare Institution,722.0,ANG MO KIO AVENUE 8,1.0,2831.0,,560722,64521048.0,,
201500000859,15M0392,APAX MEDICAL & AESTHETICS CLINIC,HC,Healthcare Institution,1.0,WOODLANDS ROAD,2.0,11.0,JUNCTION 10,677899,67696007.0,,
201500000923,15D0430,WHITE CLOUD DENTAL,HC,Healthcare Institution,1.0,MARITIME SQUARE,2.0,,HARBOURFRONT CENTRE,99253,62522708.0,,
201500000925,15D0434,AA DENTAL SURGERY,HC,Healthcare Institution,240.0,RIVER VALLEY ROAD,,,,238297,62352629.0,,
201500000927,15M0432,MISSION CROSS FAMILY CLINIC,HC,Healthcare Institution,348.0,YISHUN AVENUE 11,1.0,3.0,,760348,66358579.0,mcfclinic@gmail.com,
201800000646,18M0372,NOVAPTUS SURGERY CENTRE,HC,Healthcare Institution,1.0,ORCHARD BOULEVARD,4.0,6.0,CAMDEN MEDICAL CENTRE,248649,62388049.0,contactus@novaptussurgery.com,
201900000194,PT9644,SAFARI HOUSE PRESCHOOL SENGKANG,CC,Childcare Centre,21.0,FERNVALE ROAD,1.0,1.0,HIGH PARK RESIDENCES,797637,98176342.0,VINCENT@ZOO-PHONICS.COM.SG,
201900000195,SK0021,SKOOL4KIDZ CENTRE,CC,Childcare Centre,,BUANGKOK LINK,1.0,181.0,BUANGKOK SQUARE,532992,69500305.0,hgbs@skool4kidz.com.sg,
201500000703,15M0301,DTAP @ SOMERSET,HC,Healthcare Institution,1.0,GRANGE ROAD,10.0,8.0,ORCHARD BUILDING,239693,62620762.0,,
201600000004,PT9239,SMI BERRIIS PRESCHOOL PTE. LTD.,CC,Childcare Centre,620.0,CHOA CHU KANG STREET 62,1.0,18.0,,680620,62665917.0,CHUAWS@SMARTTEAM.COM.SG,
201600000006,PT9232,INNATE MONTESSORI @ CP PTE LTD,CC,Childcare Centre,2.0,CORPORATION ROAD,1.0,13.0,CORPORATION PLACE,618494,62655407.0,INNATE2010@YAHOO.COM.SG,
201600000019,16M0008,WAHEEDA'S CLINIC & SURGERY,HC,Healthcare Institution,16.0,KERBAU ROAD,1.0,1.0,,219155,62919155.0,,
201600000020,PT9238,INSPIRE KIDS INTERNATIONAL (WOODLANDS) LLP,CC,Childcare Centre,851.0,WOODLANDS STREET 83,1.0,18.0,,730851,86842002.0,inspirekidsintl@gmail.com,
201600000021,PT9243,LITTLE FOOTPRINTS PRESCHOOL @ BALESTIER PTE LTD,CC,Childcare Centre,530.0,BALESTIER ROAD,,1.0,MONVILLE MANSION,329857,63564882.0,shamira@littlefootprints.com.sg,
201600000026,PT9657,CHENGZHU MANDARIN KINDERGARTEN,KN,Kindergarten,35.0,ROCHESTER DRIVE,3.0,1.0,ROCHESTER MALL,138639,94242667.0,gongchongwen@chengzhu.edu.sg,
201600000027,PT9622,3HOUSE KINDERGARTEN (TAMPINES),KN,Kindergarten,891.0,TAMPINES AVENUE 8,1.0,,,520891,98227713.0,VALSO@SINGNET.COM.SG,
201600000034,16C0021,DR ALICIA EYE SPECIALIST,HC,Healthcare Institution,6.0,NAPIER ROAD,10.0,6.0,GLENEAGLES MEDICAL CENTRE,258499,64798887.0,eyedralicia@gmail.com,
201600000036,16M0013,MINMED CLINIC (PUNGGOL),HC,Healthcare Institution,83.0,PUNGGOL CENTRAL,2.0,15.0,WATERWAY POINT,828761,63880123.0,,
201600000038,16M0019,ONEDOCTORS FAMILY CLINIC,HC,Healthcare Institution,83.0,PUNGGOL CENTRAL,2.0,17.0,WATERWAY POINT,828761,63858018.0,,
201600000039,16M0015,RAFFLESMEDICAL,HC,Healthcare Institution,83.0,PUNGGOL CENTRAL,2.0,29.0,WATERWAY POINT,828761,63845655.0,waterwaypoint@rafflesmedical.com,
201600000042,16D0017,SMILE DOCTOR DENTALCARE @ PUNGGOL WATERWAY,HC,Healthcare Institution,83.0,PUNGGOL CENTRAL,2.0,14.0,,828761,63867880.0,,
201500000916,PT9230,LEAP SCHOOLHOUSE @ CITY SQUARE MALL PTE LTD,CC,Childcare Centre,180.0,KITCHENER ROAD,,19.0,CITY SQUARE MALL,208539,66340828.0,esther@leapschoolhouse.com.sg,
201600000111,MCPH1600133,WATSON'S PERSONAL CARE STORES PTE LTD (WATERWAY POINT),PH,Pharmacy,83.0,PUNGGOL CENTRAL,,,WATERTOWN,828761,63843406.0,jx.yang@watsons.com.sg,
201600000112,PT9258,LITTLE FOOTPRINTS PRESCHOOL PTE LTD,CC,Childcare Centre,24.0,CEDARWOOD GROVE,,,,738375,63620010.0,cynthia@littlefootprints.com.sg,
201600000257,PT9621,"BRAINY BUNCH INTERNATIONAL MONTESSORI, PASIR RIS BRANCH",KN,Kindergarten,273.0,PASIR RIS STREET 21,1.0,498.0,,510237,97415166.0,murni@brainybunch.com,
201600000319,ST0167,PCF SPARKLETOTS PRESCHOOL@YIO CHU KANG BLK 611 (CC),CC,Childcare Centre,611.0,ANG MO KIO AVENUE 5,1.0,2795.0,,560611,64575055.0,Lee.Lia.Cheng@pcf.org.sg,
201700000013,PT9345,SPRING BRAINY KIDZ (SIMS) PTE LTD,CC,Childcare Centre,110.0,LORONG 23 GEYLANG,1.0,5.0,VICTORY CENTRE,388410,65471368.0,SPRINGBRAINYKIDZ@GMAIL.COM,
201700000233,ST0370,PCF SPARKLETOTS PRESCHOOL @ BUKIT TIMAH BLK 312B (DS),KN,Kindergarten,,CLEMENTI AVENUE 4,1.0,181.0,,122312,62642678.0,Koh.Shu.Hui.Kelin@pcf.org.sg,
201700000239,ST0178,PCF SPARKLETOTS PRESCHOOL@BUKIT TIMAH BLK 207 (CC),CC,Childcare Centre,207.0,CLEMENTI AVENUE 6,1.0,1.0,,120207,62649356.0,Emelyn.Undik.Durias@pcf.org.sg,
201900000281,PT9682,SUNFLOWER PRESCHOOL @ WEST ROCK PTE LTD,CC,Childcare Centre,461.0,BUKIT BATOK WEST AVENUE 8,,,MULTI STOREY CAR PARK,650461,69700240.0,bwr-pamela@sunflowerkid.com,
201900000284,ST0220,PCF SPARKLETOTS PRESCHOOL @ KAMPONG GLAM BLK 462 (DS),CC,Childcare Centre,462.0,CRAWFORD LANE,3.0,33.0,,190462,62984206.0,Suan.Yi.Karen.Tay@pcf.org.sg,
201900000298,19M0199,CITYGP FAMILY CLINIC,HC,Healthcare Institution,122.0,BEDOK NORTH STREET 2,1.0,106.0,,460122,62414702.0,citygpsg@gmail.com,
201600000564,PT9334,BRILLIANT TOTS PTE. LTD.,CC,Childcare Centre,610.0,JURONG WEST STREET 65,1.0,534.0,,640610,97360035.0,fadillah.brillianttots@gmail.com,
201600000566,PT9319,PRIME EDUCATION INVESTMENTS HOLDINGS PTE. LTD.,CC,Childcare Centre,808.0,FRENCH ROAD,3.0,1.0,KITCHENER COMPLEX,200808,62911915.0,PRESCHOOL@MAHOTA.SG,
201600000567,NT0567,MY FIRST SKOOL,CC,Childcare Centre,10.0,JURONG WEST STREET 65,,,,648135,66349989.0,INFO@MYFIRSTSKOOL.COM,
201600000604,SS20167948,MIMEO THE OPTICAL SHOP,OS,Optical Shop,80.0,STAMFORD ROAD,,,SINGAPORE MANAGEMENT UNIVERSITY,178902,,HELLO@MIMEO.SG,
201600000630,SS20167951,KAI JOO OPTICAL,OS,Optical Shop,90.0,HOUGANG AVENUE 10,2.0,16.0,HOUGANG MALL,538766,63852014.0,kaihlee@hotmail.com,
201600000651,16D0386,GENTLE DENTAL GROUP @ TANJONG KATONG PTE. LTD.,HC,Healthcare Institution,354.0,TANJONG KATONG ROAD,,,,437118,63440148.0,ask@gentledental.com.sg,
201600000655,PT9353,SMI BERRIIS PRESCHOOL @JURONG WEST PTE LTD,CC,Childcare Centre,917.0,JURONG WEST STREET 91,1.0,142.0,NANYANG EMERALD,640917,62665917.0,supervisor_jw@smartmontessori.com.sg,
201700000036,17M0018,ATLAS PACIFIC MEDICAL,HC,Healthcare Institution,428.0,RIVER VALLEY ROAD,1.0,10.0,LOFT @ NATHAN,248327,63869098.0,atlaspacificmedical@gmail.com,
201700000038,MCPHA1700072,GUARDIAN PHARMACY (THOMSON PLAZA 2),PH,Pharmacy,301.0,UPPER THOMSON ROAD,3.0,48.0,THOMSON PLAZA,574408,62653042.0,guth@guardian.com.sg,
201700000039,RC1779,HOPE CHILDCARE CENTRE,CC,Childcare Centre,3501.0,JALAN BUKIT MERAH,4.0,0.0,RUBIKON,159460,62650743.0,HOPECHILDCARECENTRE@GMAIL.COM,
201700000040,EP16119,THE ASHER SOLOMON CENTRE FOR DEVELOPMENT PTE LTD,EI,Early Intervention Programmes,10.0,WINSTEDT ROAD,3.0,17.0,BLOCK A,227977,68380584.0,therapy@ascd.sg,
201700000080,17M0049,RAFFLESMEDICAL,HC,Healthcare Institution,17.0,PETIR ROAD,2.0,,HILLION MALL,678278,67690571.0,hillion@rafflesmedical.com,
201800000152,PT9731,BRAINFIT SCHOOL HOUSE PTE LTD,KN,Kindergarten,18.0,AH HOOD ROAD,4.0,51.0,HIAP HOE BUILDING AT ZHONGSHAN P,329983,67373511.0,cheryl.chia@brainfit.com.sg,
201800000153,PT9721,CAMELOT AT RIVER VALLEY,KN,Kindergarten,80.0,KIM SENG ROAD,1.0,8.0,MIRAGE TOWER,239426,93398851.0,vani_girl85@yahoo.com.sg,
201800000220,YM0172,MY WORLD PRESCHOOL LTD,CC,Childcare Centre,675.0,YISHUN AVENUE 4,2.0,1.0,,760675,67536883.0,ccyis.ferngrove@myworld.org.sg,
201600000437,16C0265,TEMASEK MEDICAL CENTRE,HC,Healthcare Institution,883.0,WOODLANDS ST 82,2.0,466.0,,730883,63668366.0,tmc_woodlands@yahoo.com.sg,
201600000438,16C0266,TEMASEK MEDICAL CENTRE,HC,Healthcare Institution,624.0,CHOA CHU KANG ST 62,1.0,226.0,,680624,67665766.0,tmc_yewtee@yahoo.com.sg,
201600000439,16D0263,THE DENTAL GALLERY CHOA CHU KANG,HC,Healthcare Institution,810.0,CHOA CHU KANG AVENUE 7,1.0,8.0,,680810,67600010.0,,
201600000512,16M0317,ACCESS MEDICAL (KIM KEAT),HC,Healthcare Institution,19.0,LORONG 7 TOA PAYOH,1.0,272.0,KIM KEAT PALM,310019,62523858.0,BETTERHEALTH@ACCESSMEDICAL.COM.SG,
201600000538,16D0328,LEE DENTAL SURGERY,HC,Healthcare Institution,164.0,TAMPINES STREET 12,1.0,293.0,,521164,67866003.0,,
201600000539,16M0326,LIFE FAMILY CLINIC,HC,Healthcare Institution,10.0,CHOA CHU KANG AVENUE 4,1.0,,CHOA CHU KANG MRT STATION,689810,67669119.0,drlimks@lifefamilyclinic.com,
201600000586,SS20167947,Spextacular Optics 3 LLP,OS,Optical Shop,100.0,BUKIT TIMAH ROAD,1.0,30.0,KK WOMEN'S & CHILDREN'S HOSPITAL,229899,62525935.0,spextacular@singnet.com.sg,
201600000601,NT0568,MY FIRST SKOOL,CC,Childcare Centre,164.0,RIVERVALE CRESCENT,1.0,3.0,RIVERVALE DELTA,540164,66349989.0,INFO@MYFIRSTSKOOL.COM,
201700000034,SK0013,SKOOL4KIDZ CENTRE,CC,Childcare Centre,,TAMPINES AVENUE 8,2.0,65.0,TAMPINES GREEN FOREST,523878,68173895.0,TPGFCC@SKOOL4KIDZ.COM.SG,
201700000096,17D0061,C.T. DENTAL SURGEONS,HC,Healthcare Institution,16.0,COLLYER QUAY,36.0,,INCOME AT RAFFLES,49318,68359647.0,catherinethlee@yahoo.com,
201700000098,17D0060,DR. CATHERINE LEE ORTHODONTICS @ RAFFLES,HC,Healthcare Institution,16.0,COLLYER QUAY,36.0,,INCOME AT RAFFLES,49318,68359571.0,catherinethlee@yahoo.com,
201700000100,17D0062,RAFFLESDENTAL,HC,Healthcare Institution,17.0,PETIR ROAD,2.0,,HILLION MALL,678278,67690641.0,siek_michelle@rafflesmedical.com,
201700000101,17D0056,VICTORIA DENTALCARE (HOUGANG CAPEVIEW),HC,Healthcare Institution,,UPPER SERANGOON VIEW,2.0,3.0,HOUGANG CAPEVIEW,537476,66358499.0,,
201700000102,17D0055,VICTORIA DENTALCARE (MARINE PARADE),HC,Healthcare Institution,85.0,MARINE PARADE CENTRAL,1.0,668.0,MARINE PARADE PROMENADE,440085,64400718.0,,
201700000103,17D0054,VICTORIA DENTALCARE (PUNGGOL),HC,Healthcare Institution,168.0,PUNGGOL FIELD,2.0,6.0,PUNGGOL PLAZA,820168,68860905.0,,
201700000104,17D0057,VICTORIA DENTALCARE (RIVERVALE),HC,Healthcare Institution,11.0,RIVERVALE CRESCENT,1.0,28.0,RIVERVALE MALL,545082,63887332.0,,
201700000114,17M0075,THOMSON PAEDIATRIC CENTRE,HC,Healthcare Institution,17.0,PETIR ROAD,2.0,5.0,HILLION MALL,678278,62662288.0,tpc_bukitpanjang@thomsonmedical.com,
201700000116,17M0074,TRUCARE MEDICAL AND SURGERY,HC,Healthcare Institution,1187.0,UPPER SERANGOON ROAD,1.0,53.0,THE MIDTOWN,533971,63853525.0,trucarem@gmail.com,
201700000371,PT9406,AAYTOZEE LEARNING COVE PTE LTD,CC,Childcare Centre,21.0,CHU LIN ROAD,,,BAMBOO GROVE PARK,669915,91912636.0,lilin.peh@aaytozee.com,
201700000397,YM0171,MY WORLD PRESCHOOL LTD,CC,Childcare Centre,113.0,MCNAIR ROAD,1.0,2.0,MULTI STOREY CAR PARK,321113,62913166.0,CCMNR.TOWERS@MYWORLD.ORG.SG,
201700000715,ST0372,PCF SPARKLETOTS PRESCHOOL @ TOA PAYOH WEST-BALESTIER BLK 131 (DS),KN,Kindergarten,131.0,LORONG 1 TOA PAYOH,3.0,1.0,,310131,62589065.0,Chia.See.Choo@pcf.org.sg,
201700000125,PT9360,AMERICA MONTESSORI INTERNATIONAL PRESCHOOL PTE. LTD.,CC,Childcare Centre,,JALAN HOCK CHYE,,,,538202,66850338.0,isabellaiss77@gmail.com,
201700000126,NT0573,MY FIRST SKOOL,CC,Childcare Centre,706.0,HOUGANG AVENUE 2,1.0,181.0,,530706,66349989.0,info@myfirstskool.com,
201700000130,PT9358,CARPE DIEM CHILDCARE PTE LTD,CC,Childcare Centre,78.0,YIO CHU KANG ROAD,1.0,2.0,,545571,63866579.0,VIVIANAZW@CARPEDIEM.COM.SG,
201700000221,ST0177,PCF SPARKLETOTS PRESCHOOL@KEBUN BARU BLK 260B (CC),CC,Childcare Centre,,ANG MO KIO STREET 21,1.0,151.0,KEBUN BARU COURT,562260,62509885.0,Sheila.Poopalan@pcf.org.sg,
201700000240,17D0148,Q & M DENTAL SURGERY (PUNGGOL MRT),HC,Healthcare Institution,70.0,PUNGGOL CENTRAL,1.0,7.0,PUNGGOL MRT STATION,828868,65840478.0,,
201700000241,17M0149,Q & M MUTUAL HEALTHCARE MEDICAL CLINIC,HC,Healthcare Institution,70.0,PUNGGOL CENTRAL,1.0,7.0,PUNGGOL MRT STATION,828868,63846605.0,mutualacc@gmail.com,
201700000242,17M0150,QUEK & MARCOU DEVELOPMENTAL AND BEHAVIOURAL PAEDIATRICS CLINIC,HC,Healthcare Institution,10.0,SINARAN DRIVE,10.0,12.0,NOVENA MEDICAL CENTER,307506,63976637.0,drtammi@quek-marcou.com.sg,
201700000249,EP16124,BRAINY MOVES PTD LTD,EI,Early Intervention Programmes,80.0,CHANGI ROAD,3.0,18.0,CENTROPOD @ CHANGI,419715,64400468.0,info@brainymoves.org,
201700000250,17M0155,PHYSICIANS PRACTICE FAMILY MEDICAL CENTER,HC,Healthcare Institution,101.0,THOMSON ROAD,1.0,17.0,UNITED SQUARE,307591,62548182.0,physicianspracticeclinic@gmail.com,
201700000283,PT9380,EILEEN'S EDUCATION HUB PTE LTD,CC,Childcare Centre,258.0,PASIR RIS STREET 21,2.0,23.0,LOYANG POINT,510258,63847747.0,KINDERLANDLOYANG@SINGNET.COM.SG,
201700000285,MCPH1700197,UNITY BY FAIRPRICE (UBMC),PH,Pharmacy,166.0,BUKIT MERAH CENTRAL,1.0,3531.0,BUKIT MERAH AREA OFFICE,150166,62763407.0,general.feedback@fairprice.com.sg,
201700000286,MCPH1700210,UNITY BY FAIRPRICE (BN(A)),PH,Pharmacy,212.0,BEDOK NORTH STREET 1,2.0,147.0,,460212,64459551.0,general.feedback@fairprice.com.sg,
201700000287,MCPH1700184,UNITY BY FAIRPRICE (UBPP),PH,Pharmacy,1.0,JELEBU ROAD,1.0,6.0,BUKIT PANJANG PLAZA,677743,67602363.0,general.feedback@fairprice.com.sg,
201700000288,MCPH1700231,UNITY BY FAIRPRICE (BTPZ),PH,Pharmacy,1.0,JALAN ANAK BUKIT,,1.0,BUKIT TIMAH PLAZA,588996,64662957.0,general.feedback@fairprice.com.sg,
201700000289,MCPH1700198,UNITY BY FAIRPRICE (EPT),PH,Pharmacy,3.0,SIMEI STREET 6,5.0,1.0,EASTPOINT MALL,528833,67882415.0,general.feedback@fairprice.com.sg,
201600000014,PT9229,MINDCHAMPS CHINESE PRESCHOOL@TAMPINES CENTRAL PRIVATE LIMITED,CC,Childcare Centre,3.0,TAMPINES CENTRAL 1,3.0,1.0,ABACUS PLAZA,529540,64932259.0,waimuntoh@mindchamps.org,
201600000015,PT9244,YOUNG MINDS CHILDCARE CENTRE PTE. LTD.,CC,Childcare Centre,316.0,WOODLANDS STREET 31,1.0,112.0,,730316,63632269.0,enquiries@youngmindschildcare.com,
201600000023,PT9265,GENESIS CHILD CARE (TJ) PTE LTD,CC,Childcare Centre,153.0,YUNG HO ROAD,1.0,41.0,,610153,62621109.0,JOSEPH@NURTUREEDUCATION.COM,
201600000628,SS20167950,Crystal Optics (2001) Pte Ltd,OS,Optical Shop,90.0,HOUGANG AVENUE 10,2.0,7.0,HOUGANG MALL,538766,63851636.0,crystaloptics2001@gmail.com,
201800000266,PT9470,THE ORANGE ACADEMY (YISHUN) PTE LTD,CC,Childcare Centre,1.0,NORTHPOINT DRIVE,2.0,186.0,NORTHPOINT CITY,768019,96485777.0,SARINANOOR@ORANGEACADEMY.COM.SG,
201900000378,SS20198095,ZOFF,OS,Optical Shop,10.0,PAYA LEBAR ROAD,1.0,16.0,PAYA LEBAR QUARTER,409057,69681047.0,CS.SG@ZOFF.COM,
201700000087,PT9352,MAPLEBEAR EARLY LEARNING PTE LTD,CC,Childcare Centre,4.0,JALAN HAJIJAH,,,,468699,69085851.0,UPPEREASTCOAST@MAPLEBEAR.SG,
201700000106,17M0063,MEDI HEALTHCARE CLINIC (PUNGGOL),HC,Healthcare Institution,218.0,SUMANG WALK,1.0,2.0,,820218,64448748.0,medihc.punggol@gmail.com,
201700000107,17D0064,TEETH. Q DENTAL SURGEONS @ MATILDA PORTICO,HC,Healthcare Institution,218.0,SUMANG WALK,1.0,2.0,,820218,65382260.0,lifequintessential@gmail.com,
201700000152,SS20177964,Y2K OPTICS,OS,Optical Shop,,TAMPINES STREET 86,1.0,4.0,,523872,,WHATJEROM@HOTMAIL.COM,
201700000154,NT0572,MY FIRST SKOOL,CC,Childcare Centre,,YISHUN AVENUE 4,1.0,20.0,ANGSANA BREEZE @ YISHUN,762509,81006769.0,ctanmf@myfirstskool.com,
201700000174,PT9364,MAPLEBEAR LITTLE LIGHTHOUSE PTE LTD,CC,Childcare Centre,29.0,JALAN LENGKOK SEMBAWANG,,,SEMBAWANG PARK,759218,97307010.0,sembawang@maplebear.sg,
201700000185,17M0116,INTEMEDICAL 24 HOUR CLINIC,HC,Healthcare Institution,525.0,ANG MO KIO AVENUE 10,1.0,2407.0,CHENG SAN CENTRE,560525,69192998.0,amk@unihealthclinic.com,
201700000186,PT9369,BRILLIANT TOTS PRESCHOOL PTE LTD,CC,Childcare Centre,50.0,ANG MO KIO STREET 61,3.0,1.0,YIO CHU KANG COMMUNITY CENTRE,569163,69662028.0,yckcc@brillianttots.com.sg,
201700000207,17M0134,CANBERRA CARE MEDICAL CLINIC,HC,Healthcare Institution,120.0,CANBERRA CRESCENT,1.0,4.0,MULTI STOREY CAR PARK,750120,64831128.0,canberracareclinic@gmail.com,
201700000218,SS20177969,PRO-VISION 88 LLP,OS,Optical Shop,88.0,WHAMPOA DRIVE,1.0,855.0,,320088,69090576.0,PROVISION88LLP@GMAIL.COM,
201700000229,PT9366,PAT'S SCHOOLHOUSE PTE. LTD.,CC,Childcare Centre,21.0,WEST COAST ROAD,,,,127309,86682572.0,JaniceWong@patschoolhouse.com,
201700000230,17D0145,GLORY DENTAL SURGERY (ROXY SQUARE) PTE.LTD.,HC,Healthcare Institution,50.0,EAST COAST ROAD,1.0,59.0,ROXY SQUARE,428769,64400428.0,wee@glory.sg,
201700000231,17M0146,SENGKANG FAMILY CLINIC,HC,Healthcare Institution,,COMPASSVALE BOW,1.0,1.0,,544274,63867781.0,sengkangfamilyclinic@gmail.com,
201700000232,PT9377,EMILE PRESCHOOL PTE. LTD.,CC,Childcare Centre,12.0,NEW INDUSTRIAL ROAD,1.0,2.0,MORNINGSTAR CENTRE,536202,65843668.0,admin@emilepreschool.com,
201700000243,PT9634,MOSAIC KINDERGARTEN,KN,Kindergarten,896.0,DUNEARN ROAD,1.0,,896 DUNEARN,589472,90034236.0,crystal.tww@gmail.com,
201700000244,ST0371,PCF SPARKLETOTS PRESCHOOL @ NEE SOON EAST BLK 671 (DS),KN,Kindergarten,671.0,YISHUN AVENUE 4,1.0,1.0,,760671,64813512.0,Esther.AwYongBL@pcf.org.sg,
201600000416,16M0249,MINMED CLINIC (SENGKANG),HC,Healthcare Institution,1.0,SENGKANG SQUARE,4.0,13.0,COMPASS ONE,545078,63860123.0,sk@minmed.sg,
201600000418,16D0253,RAFFLESDENTAL,HC,Healthcare Institution,1.0,SENGKANG SQUARE,4.0,9.0,COMPASS ONE,545078,63855067.0,d_compassone@rafflesmedical.com,
201600000419,16M0252,RAFFLESMEDICAL,HC,Healthcare Institution,1.0,SENGKANG SQUARE,4.0,9.0,COMPASS ONE,545078,63855057.0,compassone@rafflesmedical.com,
201700000128,EP16120,MINDCHAMPS ALLIED CARE @ MARINA SQUARE PTE LIMITED,EI,Early Intervention Programmes,6.0,RAFFLES BOULEVARD,4.0,100.0,MARINA SQUARE,39594,62550064.0,alliedcare.tbp@mindchamps.org,
201800000251,SS20188031,CAPITOL OPTICAL COMPANY (PRIVATE) LIMITED,OS,Optical Shop,17.0,PETIR ROAD,,60.0,HILLION MALL,678278,62661271.0,xiaoyun@capitol.com.sg,
201800000252,SS20188028,CHOICE OPTICAL,OS,Optical Shop,682.0,HOUGANG AVENUE 4,1.0,320.0,,530682,,choiceoptical@yahoo.com.sg,
201800000253,SS20188042,THE CRAFTERS OPTICAL,OS,Optical Shop,112.0,EAST COAST ROAD,2.0,,112 KATONG,428802,66363885.0,hello@thecraftersoptical.com,
201800000357,EP16145,BRAINWELLNESS EARLY INTERVENTION PROGRAMME,EI,Early Intervention Programmes,308.0,TELOK KURAU ROAD,1.0,24.0,VIBES @ EAST COAST,423858,94557836.0,brainwellness.sg@gmail.com,
201900000189,SS20198079,CAPITOL OPTICAL CO PTE LTD,OS,Optical Shop,1.0,KIM SENG PROMENADE,2.0,110.0,GREAT WORLD CITY,237994,69042885.0,greatworldcity@capitol.com.sg,
201700000292,MCPH1700216,UNITY BY FAIRPRICE (UHBF),PH,Pharmacy,1.0,MARITIME SQUARE,2.0,,HARBOURFRONT CENTRE,99253,62715100.0,general.feedback@fairprice.com.sg,
201700000293,MCPH1700228,UNITY BY FAIRPRICE (UHLC),PH,Pharmacy,90.0,HOUGANG AVENUE 10,,,HOUGANG MALL,538766,63858606.0,general.feedback@fairprice.com.sg,
201700000294,MCPH1700200,UNITY BY FAIRPRICE (HGPT),PH,Pharmacy,1.0,HOUGANG STREET 91,2.0,1.0,HOUGANG 1,538692,63840952.0,general.feedback@fairprice.com.sg,
201700000295,MCPH1700225,UNITY BY FAIRPRICE (UHLM),PH,Pharmacy,17.0,PETIR ROAD,,,HILLION MALL,678278,62661396.0,general.feedback@fairprice.com.sg,
201700000297,MCPH1700205,UNITY BY FAIRPRICE (HNEX),PH,Pharmacy,23.0,SERANGOON CENTRAL,3.0,,NEX,556083,65090316.0,general.feedback@fairprice.com.sg,
201700000298,MCPH1700185,UNITY BY FAIRPRICE (UJX8),PH,Pharmacy,9.0,BISHAN PLACE,,16.0,JUNCTION 8 SHOPPING CENTRE,579837,62625302.0,general.feedback@fairprice.com.sg,
201700000299,MCPH1700201,UNITY BY FAIRPRICE (JPT),PH,Pharmacy,1.0,JURONG WEST CENTRAL 2,,9.0,JURONG POINT,648886,67935712.0,general.feedback@fairprice.com.sg,
201700000300,MCPH1700213,UNITY BY FAIRPRICE (KTIB),PH,Pharmacy,849.0,YISHUN RING ROAD,1.0,3703.0,KHATIB CENTRAL,760849,67591070.0,general.feedback@fairprice.com.sg,
201700000301,MCPH1700202,UNITY BY FAIRPRICE (LOT1),PH,Pharmacy,21.0,CHOA CHU KANG AVENUE 4,,,"LOT ONE, SHOPPERS' MALL",689812,67637678.0,general.feedback@fairprice.com.sg,
201700000302,MCPH1700203,UNITY BY FAIRPRICE (MP),PH,Pharmacy,6.0,MARINE PARADE CENTRAL,1.0,0.0,MARINE PARADE BRANCH LIBRARY,449411,63451548.0,general.feedback@fairprice.com.sg,
201700000305,MCPH1700215,UNITY BY FAIRPRICE (UWWP),PH,Pharmacy,83.0,PUNGGOL CENTRAL,,26.0,WATERTOWN,828761,63858290.0,general.feedback@fairprice.com.sg,
201700000306,MCPH1700195,UNITY BY FAIRPRICE (UARC),PH,Pharmacy,460.0,ALEXANDRA ROAD,2.0,,PSA BUILDING,119963,62788791.0,general.feedback@fairprice.com.sg,
201700000307,MCPH1700232,UNITY BY FAIRPRICE (UPSG),PH,Pharmacy,68.0,ORCHARD ROAD,,,PLAZA SINGAPURA,238839,62380230.0,general.feedback@fairprice.com.sg,
201700000308,MCPH1700212,UNITY BY FAIRPRICE (RVAL),PH,Pharmacy,118.0,RIVERVALE DRIVE,1.0,16.0,RIVERVALE PLAZA,540118,63864183.0,general.feedback@fairprice.com.sg,
201700000309,MCPH1700206,UNITY BY FAIRPRICE (USMA),PH,Pharmacy,33.0,SENGKANG WEST AVENUE,,,THE SELETAR MALL,797653,67023203.0,general.feedback@fairprice.com.sg,
201700000312,MCPH1700186,UNITY BY FAIRPRICE (TGP),PH,Pharmacy,1.0,TANJONG PAGAR PLAZA,1.0,1.0,,82001,63231281.0,general.feedback@fairprice.com.sg,
201700000313,MCPH1700207,UNITY BY FAIRPRICE (UTP2),PH,Pharmacy,510.0,LORONG 6 TOA PAYOH,,2.0,TOA PAYOH MRT STATION,319398,62582810.0,general.feedback@fairprice.com.sg,
201700000315,MCPH1700209,UNITY BY FAIRPRICE (UTMA),PH,Pharmacy,163.0,TANGLIN ROAD,,13.0,TANGLIN MALL,247933,67321380.0,general.feedback@fairprice.com.sg,
201700000316,MCPH1700227,UNITY BY FAIRPRICE (TPO),PH,Pharmacy,10.0,TAMPINES CENTRAL 1,,,TAMPINES ONE,529536,67846055.0,general.feedback@fairprice.com.sg,
201700000317,MCPH1700230,UNITY BY FAIRPRICE (UWGA),PH,Pharmacy,3.0,GATEWAY DRIVE,,21.0,WESTGATE,608532,64659161.0,general.feedback@fairprice.com.sg,
201700000318,MCPH1700187,UNITY BY FAIRPRICE (UWSA),PH,Pharmacy,1.0,PASIR RIS CENTRAL STREET 3,,2.0,,518457,65817736.0,general.feedback@fairprice.com.sg,
201700000319,MCPH1700196,UNITY BY FAIRPRICE (CIA3),PH,Pharmacy,65.0,AIRPORT BOULEVARD,,57.0,CHANGI AIRPORT TERMINAL 3,819663,62140895.0,general.feedback@fairprice.com.sg,
201700000320,MCPH1700199,UNITY BY FAIRPRICE (CLML),PH,Pharmacy,3155.0,COMMONWEALTH AVENUE WEST,,11.0,THE CLEMENTI MALL,129588,66594719.0,general.feedback@fairprice.com.sg,
201700000321,MCPH1700226,UNITY BY FAIRPRICE (YTP),PH,Pharmacy,21.0,CHOA CHU KANG NORTH 6,,,YEWTEE POINT,689578,67626549.0,general.feedback@fairprice.com.sg,
201700000324,17D0180,ADVANCED DENTAL ANG MO KIO,HC,Healthcare Institution,449.0,ANG MO KIO AVENUE 10,1.0,1719.0,,560449,69049909.0,hq@advanceddental.com.sg,
201600000057,SS20167895,Vision Lab Eyewear Premium Pte Ltd,OS,Optical Shop,83.0,PUNGGOL CENTRAL,,5.0,WATERTOWN,828761,63855398.0,jingyi@visionlabeyewear.com.sg,
201800000518,PT9506,MAPLEBEAR LEARNING SCHOOLHOUSE PTE LTD,CC,Childcare Centre,5.0,HARPER ROAD,1.0,2.0,HARPER,369673,65845658.0,PRINCIPAL-HARPER@MAPLEBEAR.SG,
201800000519,PT9508,SMART BERRIIS @ WEST COAST PTE LTD,CC,Childcare Centre,,JUBILEE ROAD,,,,128524,67776662.0,CHUAWS@SMARTTEAM.COM.SG,
201700000246,SS20208114,JL EYECARE ZONE,OS,Optical Shop,526.0,ANG MO KIO AVENUE 10,1.0,2417.0,CHENG SAN CENTRE,560526,64526286.0,julia_leow_bin@yahoo.com.sg,
201700000247,EP16123,PHYSIO AND SOLE CLINIC (KOVAN) PTE LTD,EI,Early Intervention Programmes,208.0,HOUGANG STREET 21,3.0,223.0,,530208,62888280.0,fiona@physioandsole.com,
201700000326,17M0182,GREENFOREST FAMILY CLINIC,HC,Healthcare Institution,,TAMPINES AVENUE 8,1.0,71.0,,523878,67850157.0,wendynpk70@gmail.com,
201700000327,17D0181,ROYCE DENTAL SURGERY,HC,Healthcare Institution,951.0,UPPER SERANGOON ROAD,,,,534714,62810456.0,JANICE@ROYCEDENTAL.COM.SG,
201700000345,17M0190,PINNACLE FAMILY CLINIC (COMPASSVALE),HC,Healthcare Institution,,COMPASSVALE CRESCENT,1.0,4.0,,543289,63861089.0,WENRUI_1@HOTMAIL.COM,
201700000348,17D0194,W DENTAL,HC,Healthcare Institution,416.0,ANG MO KIO AVENUE 10,1.0,973.0,TECK GHEE HEARTLANDS,560416,64548603.0,,
201700000359,17M0203,CARE4LIFE MEDICAL CLINIC,HC,Healthcare Institution,136.0,MARSILING ROAD,1.0,2170.0,,730136,69092259.0,care4lifemedicalgroup@yahoo.com,
201700000360,17M0204,MY FAMILY CLINIC (ANGSANA BREEZE @ YISHUN),HC,Healthcare Institution,507.0,YISHUN AVENUE 4,1.0,5.0,,760507,67530178.0,mfc.ysa@alliance.md,
201700000437,17D0246,FDC DENTAL BEDOK CENTRAL,HC,Healthcare Institution,214.0,BEDOK NORTH STREET 1,1.0,179.0,,460214,65846829.0,,
201600000047,SS20167913,SPECTACLE HUT,OS,Optical Shop,83.0,PUNGGOL CENTRAL,,34.0,WATERWAY POINT,828761,,doreen@spectaclehut.com.sg,
201600000054,EP16113,HEADSTART FOR LIFE PTE LTD,EI,Early Intervention Programmes,46.0,EAST COAST ROAD,9.0,,EASTGATE,428766,68933171.0,admin@headstartforlife.com.sg,
201600000055,EP16114,TRAIN KIDS EARLY INTERVENTION AND EDUCARE CENTRE LLP,EI,Early Intervention Programmes,11.0,WOODLANDS CLOSE,3.0,44.0,WOODLANDS 11,737853,,train_kids@yahoo.com.sg,
201700000328,RC1781,GLOBAL CHILD DEVELOPMENT CENTRE @ TAMPINES,CC,Childcare Centre,,TAMPINES STREET 86,1.0,30.0,TAMPINES GREENLACE,521870,69206477.0,gcdctampines_p@jamiyah.org.sg,
201700000329,PT9378,MINDCHAMPS PRESCHOOL @ CONCORDE HOTEL (ORCHARD) PTE LTD,CC,Childcare Centre,100.0,ORCHARD ROAD,1.0,3.0,CONCORDE HOTEL AND SHOPPING MALL,238840,62352358.0,lauralim@mindchamps.org,
201700000340,17M0187,ACCESS MEDICAL (BUKIT BATOK),HC,Healthcare Institution,164.0,BUKIT BATOK STREET 11,1.0,152.0,,650164,68732458.0,accessmedbb@gmail.com,
201700000341,17M0188,PROVIDENCE CLINIC @ HILLFORD,HC,Healthcare Institution,182.0,JALAN JURONG KECHIL,1.0,65.0,THE HILLFORD,596152,63140970.0,KERRYMEDICAL@GMAIL.COM,
201700000372,17M0183,PIONEER POLYCLINIC,HC,Healthcare Institution,26.0,JURONG WEST STREET 61,,,,648201,66636847.0,,
201700000395,17M0216,ONECARE CLINIC BUKIT GOMBAK MRT,HC,Healthcare Institution,802.0,BUKIT BATOK WEST AVENUE 5,1.0,16.0,BUKIT GOMBAK MRT STATION,659083,62558472.0,gombakmrt@onecaremedical.com.sg,
201700000396,17M0215,PARKWAY SHENTON MEDICAL GROUP,HC,Healthcare Institution,205.0,HOUGANG STREET 21,3.0,20.0,HEARTLAND MALL - KOVAN,530205,68449630.0,kov@parkwaypantai.com,
201700000413,PT9401,SHAWS CDLC @LORONG CHUAN PTE. LTD,CC,Childcare Centre,,MEI HWAN DRIVE,,,GOLDEN HILL ESTATE,568346,62822464.0,deborah@shaws.com.sg,
201700000419,RC1787,SUPER TALENT CHILDCARE LTD,CC,Childcare Centre,122.0,PAYA LEBAR WAY,1.0,2903.0,,381122,68443550.0,macpherson122@supertalent.com.sg,
201700000421,PT9389,CARPE DIEM STARLETS SPARKLE PTE. LTD.,CC,Childcare Centre,167.0,JALAN BUKIT MERAH,4.0,15.0,CONNECTION ONE TOWER 4,150167,62649366.0,SPARKLE@CARPEDIEM.COM.SG,
201700000426,17M0241,CHIRON MEDICAL CLINIC,HC,Healthcare Institution,3.0,ST. GEORGE'S ROAD,1.0,95.0,ST GEORGE'S WEST GARDENS,320003,62914963.0,chironclinic95@gmail.com,
201700000427,17M0238,CLEARBRIDGE MEDICAL GROUP,HC,Healthcare Institution,11.0,KEE SENG STREET,1.0,2.0,ONZE @ TANJONG PAGAR,89218,62233303.0,info@cbmgasia.com,
201500000687,RC1772,WESLEY VINEYARD CHILDCARE LTD.,CC,Childcare Centre,44.0,LORONG 5 TOA PAYOH,1.0,117.0,,310044,62580102.0,principal_TP@wvc.org.sg,
201500000688,RC1773,WESLEY VINEYARD CHILDCARE LTD.,CC,Childcare Centre,504.0,SERANGOON NORTH AVE 4,1.0,470.0,,550504,64818455.0,principal_SN@wvc.org.sg,
201600000386,SS20167931,Your Eye Guardian,OS,Optical Shop,18.0,JALAN MEMBINA,2.0,10.0,,164018,62753373.0,youreyeguardian@gmail.com,
201700000602,17M0347,E K WOMEN'S CLINIC,HC,Healthcare Institution,101.0,IRRAWADDY ROAD,13.0,14.0,ROYAL SQUARE AT NOVENA,329565,69269818.0,DR.TANENGKIEN@GMAIL.COM,
201900000455,SS20208119,EYE'S VISION & OPTICS NEW UPPER CHANGI,OS,Optical Shop,59.0,NEW UPPER CHANGI ROAD,,1236.0,,461059,64441241.0,vision_59@hotmail.com,
201900000456,SS20208120,EYE'S VISION & OPTICS,OS,Optical Shop,59.0,NEW UPPER CHANGI ROAD,1.0,1236.0,,461059,64441241.0,Vision_59@hotmail.com,
201700000440,17M0244,IDOC CLINIC,HC,Healthcare Institution,21.0,HOUGANG STREET 51,1.0,43.0,HOUGANG GREEN SHOPPING MALL,538719,69093485.0,briananthonytian@gmail.com,
201700000450,17M0254,GOODDOCTORS MEDICAL CLINIC,HC,Healthcare Institution,18.0,YISHUN AVENUE 9,2.0,55.0,JUNCTION NINE,768897,69093457.0,contact@gooddoctors.com.sg,
201700000453,17D0262,HORIZON DENTAL SURGERY,HC,Healthcare Institution,151.0,CHIN SWEE ROAD,1.0,,MANHATTAN HOUSE,169876,67335388.0,helen@qnm.sg,
201700000477,17M0273,ONECARE CLINIC TAMPINES MRT,HC,Healthcare Institution,20.0,TAMPINES CENTRAL 1,1.0,27.0,TAMPINES MRT STATION,529538,67853702.0,tampinesmrt@onecaremedical.com.sg,
201700000478,17D0271,TAG DENTAL,HC,Healthcare Institution,140.0,UPPER BUKIT TIMAH ROAD,2.0,,BEAUTY WORLD PLAZA,588176,62199874.0,info@tagdental.sg,
201700000523,17D0305,DP DENTAL,HC,Healthcare Institution,9.0,SCOTTS ROAD,7.0,1.0,PACIFIC PLAZA,228210,62820122.0,HEAL@LINGUADONTICS.COM,
201700000524,SS20177995,VISUAL ART'S OPTICS(JUNCTION 9),OS,Optical Shop,18.0,YISHUN AVENUE 9,1.0,67.0,JUNCTION NINE,768897,62551669.0,visualarts.j9@yahoo.com,
201700000682,17M0393,PANCARE MEDICAL CLINIC,HC,Healthcare Institution,133.0,ANG MO KIO AVENUE 3,1.0,1651.0,KEBUN BARU SPRING,560133,62583186.0,,
201700000695,17M0399,WISMA GEYLANG SERAI CLINIC & SURGERY,HC,Healthcare Institution,1.0,GEYLANG SERAI,1.0,208.0,SRI GEYLANG SERAI,402001,67478072.0,WISMAGSCS@GMAIL.COM,
201800000100,EP16139,IMPETUZ LLP,EI,Early Intervention Programmes,60.0,PAYA LEBAR ROAD,4.0,40.0,PAYA LEBAR SQUARE,409051,,contactus@impetuzllp.com,
201900000027,PT9531,MAPLEBEAR SHINING STARS PTE LTD,CC,Childcare Centre,77.0,PASIR RIS AVENUE,,,PASIR RIS BEACH PARK,519732,82018028.0,PASIRRIS@MAPLEBEAR.SG,
201900000085,PT9533,DEERLAND PRE-SCHOOL,CC,Childcare Centre,199.0,TOA PAYOH NORTH,1.0,1019.0,TOA PAYOH SPRING,310199,62561949.0,PAMPHUA7@SINGNET.COM.SG,
201900000286,SS20198091,HIROCON PTE LTD,OS,Optical Shop,277.0,ORCHARD ROAD,,,ORCHARD GATEWAY,238858,,tradition@hirocon-net.com,
201900000366,EP16152,DYSLEXIA ASSOCIATION OF SINGAPORE (DAS),EI,Early Intervention Programmes,80.0,MARINE PARADE ROAD,22.0,,PARKWAY PARADE,449269,,edmen@das.org.sg,
201700000430,17M0242,ESTEEMED MEDICAL CLINIC,HC,Healthcare Institution,260.0,ANG MO KIO STREET 21,1.0,1.0,MULTI STOREY CAR PARK,560260,69248215.0,ESTEEMEDMEDICAL@GMAIL.COM,
201700000482,PT9409,STAR LEARNERS @ UPPER BUKIT TIMAH PTE LTD,CC,Childcare Centre,25.0,ALMOND CRESCENT,,,,677781,62500173.0,mengwei.tan@starlearners.com.sg,
201700000484,PT9400,BLOSSOM BLISSPARKLE CENTRE PTE LTD,CC,Childcare Centre,60.0,FABER TERRACE,,,FABER HILLS,129040,67792363.0,marisato@blossom.sg,
201700000486,PT9392,AGAPE LITTLE UNI. @ UPPER SERANGOON PTE LTD,CC,Childcare Centre,,UPPER SERANGOON CRESCENT,1.0,353.0,HOUGANG PARKEDGE,538473,69209473.0,USC473D@AGAPELITTLEUNI.COM,
201700000487,17D0280,LIVERPOOL DENTAL CARE,HC,Healthcare Institution,704.0,ANG MO KIO AVENUE 8,1.0,2545.0,,560704,64560406.0,,
201700000490,17M0277,PINETREE MEDICAL CLINIC,HC,Healthcare Institution,86.0,BEDOK NORTH STREET 4,1.0,175.0,,460086,66791149.0,pinetreedoctor@gmail.com,
201700000492,17D0281,SMILES R US DENTAL (888),HC,Healthcare Institution,888.0,WOODLANDS DRIVE 50,1.0,739.0,888 PLAZA,730888,67478062.0,smilesrus_dental@hotmail.sg,
201700000667,MCPH1700441,UNITY BY FAIRPRICE (HJPT )HYPER JURONG POINT,PH,Pharmacy,63.0,JURONG WEST CENTRAL 3,3.0,1.0,JURONG POINT,648331,68881888.0,muhjpt@fairprice.com.sg,
201700000669,MCPH1700372,WATSON'S PERSONAL CARE STORES PTE LTD (CHANGI AIRPORT T4 CHECK IN HALL),PH,Pharmacy,10.0,AIRPORT BOULEVARD,2.0,7.0,CHANGI AIRPORT TERMINAL 4,819665,63857402.0,yanting.toh@watsons.com.sg,
201600000637,EP16116,AUTISM PARTNERSHIP,EI,Early Intervention Programmes,,RIVER VALLEY ROAD,5.0,,VALLEY POINT,248373,64633095.0,sherrianne@autismpartnershipsg.com,
201800000207,SS20188025,EYE GLASS,OS,Optical Shop,531.0,UPPER CROSS STREET,2.0,66.0,HONG LIM COMPLEX,50531,65350266.0,eyeglassyj@gmail.com,
201800000566,MKC0192019,NASCANS PTE. LTD.,KN,Kindergarten,31.0,ANCHORVALE DRIVE,,,ANCHOR GREEN PRIMARY SCHOOL,544969,62644623.0,info@nascans.com,
201800000567,MKC0242019,NASCANS PTE. LTD.,KN,Kindergarten,11.0,CHOA CHU KANG STREET 54,,,KRANJI PRIMARY SCHOOL,689189,62644623.0,info@nascans.com,
201800000568,MKC0232019,NASCANS PTE. LTD.,KN,Kindergarten,7.0,LORONG 8 TOA PAYOH,,,FIRST TOA PAYOH PRIMARY SCHOOL,319252,62644623.0,info@nascans.com,
201800000569,MKC0252019,RAFFLES STUDENT CARE LEARNING CENTRE LLP,KN,Kindergarten,70.0,FERNVALE LINK SINGAPORE,,,FERN GREEN PRIMARY SCHOOL,797538,65099672.0,kcfg@rafflesstudentcare.com,
201800000570,MKC0222019,THE ENABLERS II PRIVATE LIMITED,KN,Kindergarten,15.0,CLEMENTI AVENUE 5,,,PEI TONG PRIMARY SCHOOL,129857,96255918.0,te2_admin@nable2.com,
201800000571,MKC0202019,PRO - TEACH SCHOOLCARE (FERNVALE),KN,Kindergarten,1.0,FERNVALE LANE,,,FERNVALE PRIMARY SCHOOL,797701,92471090.0,fernvale@pro-teach.com,
201800000572,MKC0212019,PRO - TEACH SCHOOLCARE (WELLINGTON),KN,Kindergarten,10.0,WELLINGTON CIRCLE,,,WELLINGTON PRIMARY SCHOOL,757702,91528011.0,wellington@pro-teach.com,
201800000573,KM0019,MOE KINDERGARTEN @ ANCHOR GREEN,KN,Kindergarten,31.0,ANCHORVALE DRIVE,,,ANCHOR GREEN PRIMARY SCHOOL,544969,68861356.0,mk_anchorgreen@moe.edu.sg,
201800000574,KM0020,MOE KINDERGARTEN @ FERNVALE,KN,Kindergarten,1.0,FERNVALE LANE,,,FERNVALE PRIMARY SCHOOL,797701,63124121.0,mk_fernvale@moe.edu.sg,
201800000575,KM0021,MOE KINDERGARTEN @ WELLINGTON,KN,Kindergarten,10.0,WELLINGTON CIRCLE,,,WELLINGTON PRIMARY SCHOOL,757702,62190341.0,mk_wellington@moe.edu.sg,
201800000576,KM0022,MOE KINDERGARTEN @ PEI TONG,KN,Kindergarten,15.0,CLEMENTI AVE 5,,,PEI TONG PRIMARY SCHOOL,129857,67775458.0,mk_peitong@moe.edu.sg,
201800000577,KM0023,MOE KINDERGARTEN @ FIRST TOA PAYOH,KN,Kindergarten,7.0,LORONG 8 TOA PAYOH,,,FIRST TOA PAYOH PRIMARY SCHOOL,319252,62567822.0,ftpps@moe.edu.sg,
201800000578,KM0024,MOE KINDERGARTEN @KRANJI,KN,Kindergarten,11.0,CHUA CHU KANG STREET 54,,,KRANJI PRIMARY SCHOOL,689189,67634812.0,kranji_ps@moe.edu.sg,
201800000579,KM0025,MOE KINDERGARTEN @ FERN GREEN,KN,Kindergarten,70.0,FERNVALE LINK,,,FERN GREEN PRIMARY SCHOOL,797538,66341318.0,Josline_KOH@schools.gov.sg,
201900000013,19M0007,BRADDELL FAMILY CLINIC,HC,Healthcare Institution,124.0,LORONG 1 TOA PAYOH,1.0,489.0,,310124,62536288.0,braddellclinic@gmail.com,
201900000015,19M0008,EH MEDICAL FAMILY CLINIC (BUKIT BATOK),HC,Healthcare Institution,292.0,BUKIT BATOK EAST AVENUE 6,1.0,7.0,,650292,62551368.0,eh.medical.sg@gmail.com,
201900000273,SS20198087,VISUAL ART'S OPTICS & CONTACT LENS CENTRE(YISHUN),OS,Optical Shop,102.0,YISHUN AVENUE 5,1.0,109.0,,760102,62577669.0,va183183@yahoo.com.sg,
201700000213,SS20177974,EYEWEAR CASTLE,OS,Optical Shop,85.0,MARINE PARADE CENTRAL,1.0,666.0,,440085,,eyewearcastle@gmail.com,
201700000214,SS20177968,COLUMBIA OPTICAL & TRADING,OS,Optical Shop,159.0,BUKIT BATOK STREET 11,1.0,190.0,,650159,65675062.0,columbia@optician.com,
201700000215,EP16122,AWWA LTD,EI,Early Intervention Programmes,47.0,FERNVALE LINK,,,,797537,,Karthik@awwa.org.sg,
201700000636,EP12078,KIDS MEDICAL SPECIALIST PTE LTD,EI,Early Intervention Programmes,301.0,UPPER THOMSON ROAD,2.0,2.0,THOMSON PLAZA,574408,64510028.0,s_lam@specialkidsclinic.com.sg,
201700000637,EP14091,ZEE PLAYHOUSE PTE LTD,EI,Early Intervention Programmes,,BUKIT TIMAH ROAD,,,,259699,,gobell2000@yahoo.com.sg,
201800000026,18D0012,Q & M DENTAL SURGERY (YISHUN CENTRAL),HC,Healthcare Institution,930.0,YISHUN AVENUE 2,3.0,26.0,NORTHPOINT SHOPPING CENTRE,769098,62571548.0,foosj@qandm.com.sg,
201800000027,18M0014,THE TENTERAM CLINIC,HC,Healthcare Institution,,JALAN TENTERAM,1.0,549.0,TENTERAM PEAK,322116,62660196.0,thetenteramclinic@gmail.com,
201800000028,KM0018,MOE KINDERGARTEN @ WATERWAY,KN,Kindergarten,70.0,PUNGGOL DRIVE,,,WATERWAY PRIMARY SCHOOL,828802,63150082.0,mk_waterway@moe.edu.sg,
201800000029,KM0017,MOE KINDERGARTEN @ PUNGGOL COVE,KN,Kindergarten,52.0,SUMANG WALK,,,PUNGGOL COVE PRIMARY SCHOOL,828674,62822375.0,mk_punggolcove@moe.edu.sg,
201800000030,KM0016,MOE KINDERGARTEN @ OASIS,KN,Kindergarten,71.0,EDGEFIELD PLAINS,,,OASIS PRIMARY SCHOOL,828716,62824864.0,mk_oasis@moe.edu.sg,
201800000031,MKC0182018,KNOWLEDGE PARK EDUCARE PTE LTD,KN,Kindergarten,70.0,PUNGGOL DRIVE,,,WATERWAY PRIMARY SCHOOL,828802,81262378.0,waterwayscc@knowledgepark.com.sg,
201800000032,MKC0172018,KNOWLEDGE PARK EDUCARE PTE LTD,KN,Kindergarten,52.0,SUMANG WALK,,,PUNGGOL COVE PRIMARY SCHOOL,828674,96670637.0,punggolcove@knowledgepark.com.sg,
201800000033,MKC0162018,YOUNG MEN'S CHRISTIAN ASSOCIATION OF SINGAPORE,KN,Kindergarten,71.0,EDGEFIELD PLAINS,,,OASIS PRIMARY SCHOOL,828716,65862222.0,cdcscc@ymca.edu.sg,
201800000042,18M0020,LIM CLINIC,HC,Healthcare Institution,295.0,CHANGI ROAD,,,,419773,67426335.0,limfamilyclinic@singnet.com.sg,
201800000052,18M0024,RC'S FAMILY CLINIC PTE LTD,HC,Healthcare Institution,,SENJA ROAD,1.0,3.0,SENJA GATEWAY,673635,64688006.0,rcfamclinic@gmail.com,
201800000086,18M0043,CLARION MEDICAL,HC,Healthcare Institution,202.0,ANG MO KIO AVENUE 3,1.0,1676.0,ANG MO KIO VIEW,560202,63530818.0,clarionmedic@gmail.com,
201800000087,18M0041,ISLAND FAMILY CLINIC (ANCHORVALE),HC,Healthcare Institution,338.0,ANCHORVALE CRESCENT,1.0,2.0,,540338,62810174.0,anchorvale@islandfamilyclinic.com,
201500000670,15D0286,ADVANCED DENTAL CLINIC PASIR RIS PTE LTD,HC,Healthcare Institution,259.0,PASIR RIS STREET 21,2.0,32.0,LOYANG POINT,510259,63843384.0,,
201500000673,15D0288,HEARTLAND DENTAL PTE LTD,HC,Healthcare Institution,630.0,BUKIT BATOK CENTRAL,1.0,152.0,,650630,65645540.0,heartlanddental.bb@gmail.com,
201600000421,SS20167932,Visionlink Eyecare,OS,Optical Shop,18.0,YISHUN AVENUE 9,2.0,53.0,JUNCTION NINE,768897,62649288.0,visionlink96@gmail.com,
201600000585,PT9312,PRE-SCHOOL BY-THE-PARK (EVANS) PTE LTD,CC,Childcare Centre,26.0,EVANS ROAD,1.0,8.0,EVAN HOSTEL,259367,67346543.0,EVANS@BYTHEPARK.COM.SG,
201600000588,PT9314,KIDDY UP PTE LTD,CC,Childcare Centre,12.0,QUEEN STREET,4.0,1.0,HOTEL ROYAL @ QUEENS,188553,69091311.0,contact@vivschoolhouse.com,
201600000590,16C0357,DENTAL FOCUS JUNCTION 10 CLINIC,HC,Healthcare Institution,1.0,WOODLANDS ROAD,1.0,,TEN MILE JUNCTION,677899,67690389.0,JUNCTION10@SMILESDFI.COM,
201600000593,16M0354,KATONG FAMILY CLINIC PTE LTD,HC,Healthcare Institution,263.0,TANJONG KATONG ROAD,1.0,3.0,SUITES@ KATONG,437050,62034192.0,katongfamilyclinic@gmail.com,
201600000597,16M0352,ONECARE CLINIC MARINE PARADE,HC,Healthcare Institution,81.0,MARINE PARADE CENTRAL,1.0,644.0,,440081,63441620.0,marineparade@onecaremedical.com.sg,
201800000564,18M0332,ONG CLINIC & SURGERY (YISHUN),HC,Healthcare Institution,293.0,YISHUN STREET 22,1.0,223.0,,760293,,,
201500000700,ST0154,PCF SPARKLETOTS PRESCHOOL @ TAMPINES WEST BLK 890A (CC),CC,Childcare Centre,,TAMPINES AVENUE 1,1.0,309.0,,521890,62600316.0,Nur.Sulastri@PCF.ORG.SG,
201700000683,MKC0072018,ACE @ WORK SCHOOLCARE PTE. LTD.,KN,Kindergarten,98.0,PUNGGOL WALK,,,PUNGGOL GREEN PRIMARY SCHOOL,828772,68998622.0,pamela@aceatwork.com.sg,
201700000684,MKC0082018,YOUNG MEN'S CHRISTIAN ASSOCIATION OF SINGAPORE,KN,Kindergarten,15.0,FERNVALE ROAD,,,SENGKANG GREEN PRIMARY SCHOOL,797636,65862222.0,cdcscc@ymca.edu.sg,
201700000685,MKC0092018,NASCANS PTE. LTD.,KN,Kindergarten,60.0,BUKIT PANJANG RING ROAD,,,WEST SPRING PRIMARY SCHOOL,679946,62644623.0,info@nascans.com,
201700000686,MKC0062018,RAFFLES STUDENT CARE CENTRE LLP,KN,Kindergarten,20.0,JURONG WEST ST 61,,,FRONTIER PRIMARY SCHOOL,648200,63878308.0,admin@RafflesStudentCare.com,
201700000687,PT9430,CHERRY KIDZ MONTESSORI CHILDCARE LLP,CC,Childcare Centre,405.0,SEMBAWANG ROAD,,,PLATINA GARDENS,758385,64811316.0,SALBIAHRUMLEE@GMAIL.COM,
201700000689,17M0395,MEDIVALE MEDICAL CLINIC,HC,Healthcare Institution,236.0,YISHUN RING ROAD,1.0,1012.0,YISHUN HEARTS,760236,62570141.0,medivalemc@outlook.com,
201700000693,SS20178012,SPECTACLE HUT PTE LTD,OS,Optical Shop,1.0,KIM SENG PROMENADE,1.0,130.0,GREAT WORLD CITY,237994,,shgwc@spectaclehut.com.sg,
201800000053,18M0028,K2 MEDICAL CLINIC,HC,Healthcare Institution,248.0,SIMEI STREET 3,1.0,128.0,MULTI STOREY CAR PARK,520248,65881322.0,info@k2withyou.com,
201800000066,SS20188017,EAGLE EYE OPTICS,OS,Optical Shop,12.0,HAIG ROAD,1.0,349.0,,430012,,eagleeyeopticssg@gmail.com,
201800000110,PT9444,HARMONI PRESKOOL @ YISHUN PTE LTD,CC,Childcare Centre,676.0,YISHUN RING ROAD,1.0,1.0,MULTI STOREY CAR PARK,760676,67197933.0,adm.greenlandyishun@gmail.com,
201800000140,18M0078,CENTRAL 24-HR CLINIC ( PIONEER NORTH ),HC,Healthcare Institution,959.0,JURONG WEST STREET 92,1.0,160.0,,640959,62512775.0,CHIEWKAI@CENTRALCLINIC.COM.SG,
201800000162,18M0098,TPC MEDICAL CLINIC,HC,Healthcare Institution,7.0,WALLICH STREET,,15.0,TANJONG PAGAR CENTRE,78884,63868980.0,tpcmedical@singnet.com.sg,
201500000662,PT9193,LES PETITS GAULOIS PTE. LTD.,CC,Childcare Centre,895.0,EAST COAST ROAD,,,,459098,64435400.0,WIRDAYANA@LESPETITSGAULOIS.COM,
201600000016,SS20167894,SOONG CHOON OPTICS PTE LTD - PAYA LEBAR,OS,Optical Shop,60.0,PAYA LEBAR ROAD,,48.0,PAYA LEBAR SQUARE,409051,67023982.0,pl.soongchoon@gmail.com,
201600000056,SS20167896,EyeChamp Young,OS,Optical Shop,83.0,PUNGGOL CENTRAL,2.0,31.0,WATERTOWN,828761,63860816.0,eyechampopthq@gmail.com,
201600000629,PT9330,QUALITY CENTRES (PTE. LTD.),CC,Childcare Centre,62.0,CECIL STREET,4.0,0.0,TPI BUILDING,49710,68160001.0,CONTACT@QUALITYCENTRES.COM,
201800000300,18M0163,PARKWAY SHENTON MEDICAL GROUP,HC,Healthcare Institution,681.0,PUNGGOL DRIVE,1.0,1.0,,820681,62448324.0,pspl.licensing@parkwaypantai.com,
201800000301,ST0196,PCF SPARKLETOTS PRESCHOOL @ PUNGGOL COAST BLK 326 (CC),CC,Childcare Centre,326.0,SUMANG WALK,1.0,1.0,MULTI STOREY CAR PARK,820326,62450657.0,Shirley.KerkSL@pcf.org.sg,
201800000302,RC1789,SEVENTH-DAY ADVENTIST CONFERENCE (SINGAPORE) - ADVENTIST SCHOOLHOUSE,CC,Childcare Centre,90.0,JURONG EAST STREET 13,,,,609648,65624932.0,LEEMEI@SDAK.EDU.SG,
201900000095,19D0065,HEALTHWAY DENTAL,HC,Healthcare Institution,30.0,SEMBAWANG DRIVE,3.0,20.0,SUN PLAZA,757713,65551445.0,sunplaza@healthwaydentalgroup.com,
201900000165,19D0117,ALIGN BRACES CLINIC,HC,Healthcare Institution,68.0,ORCHARD ROAD,4.0,33.0,PLAZA SINGAPURA,238839,65130686.0,alignbracesclinic@gmail.com,
201900000166,19D0118,PENN PACIFIC DENTAL CENTER,HC,Healthcare Institution,160.0,ROBINSON ROAD,5.0,14.0,SINGAPORE BUSINESS FEDERATION CE,68914,69048482.0,info@ppdental.com.sg,
201700000167,SS20177966,SIN CHEW OPTICS & CONTACT LENS CENTRE,OS,Optical Shop,301.0,UPPER THOMSON ROAD,1.0,5.0,THOMSON PLAZA,574408,64599427.0,catngk@gmail.com,
201800000088,18M0044,VITACARE FAMILY CLINIC@SELETAR PTE.LTD.,HC,Healthcare Institution,417.0,FERNVALE LINK,1.0,3.0,,790417,63151608.0,vita3medical@gmail.com,
201800000094,PT9445,JUS INFANTS @ MACPHERSON PTE LTD,CC,Childcare Centre,47.0,KALLANG PUDDING ROAD,1.0,1.0,THE CRESCENT @ KALLANG,349318,81331708.0,crystalpoh@jusinfants.com,
201800000095,PT9447,MAPLEBEAR LEARNING JOURNEY PTE. LTD.,CC,Childcare Centre,22.0,THOMSON WALK,,,HAPPY PARK,574469,62554660.0,thomsonwalk@maplebear.sg,
201800000096,NT0579,MY FIRST SKOOL,CC,Childcare Centre,,CHOA CHU KANG CRESCENT,1.0,308.0,,681684,66349989.0,INFO@MYFIRSTSKOOL.COM,
201800000097,NT0578,MY FIRST SKOOL,CC,Childcare Centre,,WOODLANDS RISE,2.0,1.0,,735785,66349989.0,INFO@MYFIRSTSKOOL.COM,
201800000098,NT0580,MY FIRST SKOOL,CC,Childcare Centre,2.0,PUNGGOL DRIVE,,,,828803,66349989.0,INFO@MYFIRSTSKOOL.COM,
201800000099,PT9450,STAR LEARNERS @ BUKIT PANJANG PTE LTD,CC,Childcare Centre,522.0,JELAPANG ROAD,1.0,301.0,,670522,62500173.0,MENGWEI.TAN@STARLEARNERS.COM.SG,
201800000176,18D0105,ROYCE DENTAL SURGERY,HC,Healthcare Institution,153.0,BUKIT BATOK STREET 11,1.0,284.0,,650153,69096134.0,JANICE@ROYCEDENTAL.COM.SG,
201800000181,18M0081,WEE HEALTHFIRST MEDICAL CLINIC,HC,Healthcare Institution,378.0,CLEMENTI AVENUE 5,1.0,342.0,,120378,67775755.0,clementihealthfirstclinic@gmail.com,
201800000232,PT9496,ESHKOL VALLEY @ GOSPEL LIGHT PTE. LTD.,CC,Childcare Centre,39.0,PUNGGOL FIELD WALK,5.0,2.0,,828753,66120783.0,ESHKOLVALLEY.SG@GMAIL.COM,
201800000233,PT9462,KIDS EVERLAND HOUSE PTE. LTD.,CC,Childcare Centre,50.0,GAMBAS CRESCENT,1.0,25.0,PROXIMA@GAMBAS,757022,65131835.0,KIDSEVERLANDHOUSE@GMAIL.COM,
201800000234,18D0132,1728 DENTAL PRACTICE (ANG MO KIO),HC,Healthcare Institution,704.0,ANG MO KIO AVENUE 8,1.0,2559.0,,560704,96311728.0,info@1728dental.com.sg,
201500000847,PT9228,ISLANDER PRE-SCHOOL PTE LTD,CC,Childcare Centre,35.0,ALLANBROOKE ROAD,,,,99982,62742211.0,bridget.kang@etonhouse.edu.sg,
201500000893,SS20157887,VivaEyes,OS,Optical Shop,184.0,Toa Payoh Central,1.0,,,310184,62215446.0,vivaeyes.sg@gmail.com,
201600000441,SS20167934,EYESMILE OPTOMETRIST,OS,Optical Shop,10.0,SENGKANG SQUARE,1.0,114.0,KOPITIAM SQUARE,544829,63850298.0,eyesmileoptometrist@gmail.com,
201800000451,PT9493,MAPLEBEAR LEARNING LADDER PTE LTD,CC,Childcare Centre,2.0,HIGHGATE WALK,,,,598754,64672714.0,HIGHGATE@MAPLEBEAR.SG,
201800000597,SS20188061,EMM3 VISIONCARE,OS,Optical Shop,1.0,MARITIME SQUARE,2.0,91.0,HARBOURFRONT CENTRE,99253,,emmevisioncare@gmail.com,
201900000319,PT9699,LECLARE @ SHENTON PTE. LTD.,CC,Childcare Centre,7.0,SHENTON WAY,,,SINGAPORE CONFERENCE HALL,68810,97666834.0,clarissa@leclare.edu.sg,
201900000392,NT0592,MY FIRST SKOOL,CC,Childcare Centre,82.0,CIRCUIT ROAD,1.0,3.0,MULTI STOREY CAR PARK,370082,66349989.0,info@myfirstskool.com,
201700000547,17M0316,UNICARE FAMILY CLINIC & SURGERY,HC,Healthcare Institution,216.0,BOON LAY AVENUE,1.0,3.0,MULTI STOREY CAR PARK,640216,62660196.0,unicarefcs@gmail.com,
201700000548,NT0574,MY FIRST SKOOL,CC,Childcare Centre,676.0,WOODLANDS DRIVE 71,6.0,2.0,,730676,66349989.0,info@myfirstskool.com,
201700000549,NT0575,MY FIRST SKOOL,CC,Childcare Centre,,EDGEDALE PLAINS,1.0,739.0,WATERWAY VIEW,822682,66349989.0,INFO@MYFIRSTSKOOL.COM,
201700000550,RC1784,PPIS CHILD DEVELOPMENT CENTRE - JURONG WEST,CC,Childcare Centre,949.0,JURONG WEST STREET 91,1.0,709.0,NANYANG RUBY,640949,68176270.0,emildawati.bendiamin@ppis.sg,
201700000607,PT9404,REDPONY CENTRE CASHEW PTE. LTD.,CC,Childcare Centre,32.0,CASHEW TERRACE,,,CASHEW ESTATE,679564,84905810.0,redponycashew@gmail.com,
201800000194,PT9671,HOUSE ON THE HILL MONTESSORI PRE-SCHOOL,KN,Kindergarten,396.0,PASIR PANJANG ROAD,2.0,1.0,PASIR PANJANG POST OFFICE,118733,91680705.0,sunshine@houseonthehill.com.sg,
201800000196,PT9692,LITTLE SKITTLES INTERNATIONAL PRESCHOOL,KN,Kindergarten,11.0,MARGATE ROAD,,,,438052,91132061.0,baus.edu@gmail.com,
201800000197,PT9628,BELLO BAMBINI MONTESSORI PTE LTD,KN,Kindergarten,37.0,JALAN PEMIMPIN,1.0,12.0,MAPEX,577177,81819221.0,jaimemajalap@gmail.com,
201800000198,PT9455,SUNFLOWER PRESCHOOL @ MINDEF PTE. LTD.,CC,Childcare Centre,48.0,BOON LAY WAY,,,,609961,68617371.0,cv-jasmine@sunflowerkid.com,
201800000199,PT9458,SUNFLOWER PRESCHOOL @ MINDEF PTE. LTD.,CC,Childcare Centre,5.0,DEPOT ROAD,,,DEFENCE TECHNOLOGY BUILDING,109681,63731531.0,dp-masturaadam@sunflowerkid.com,
201800000200,PT9454,SUNFLOWER PRESCHOOL @ MINDEF PTE. LTD.,CC,Childcare Centre,307.0,BUKIT PANJANG LOOP,,,GOMBAK RECREATION CENTRE,669638,67683259.0,gb-indrani@sunflowerkid.com,
201800000201,PT9467,SUPERLAND PRE-SCHOOL (TBCC) PTE. LTD.,CC,Childcare Centre,,EU CHIN STREET,2.0,,TIONG BAHRU COMMUNITY CENTRE,169715,62241286.0,SUPERLANDTBCC@GMAIL.COM,
201800000256,PT9477,HOUSE ON THE HILL PTE. LTD.,CC,Childcare Centre,,BALMORAL CRESCENT,,,,259887,62586061.0,NEWTON@HOUSEONTHEHILL.COM.SG,
201800000259,PT9460,ROSEMARY HALL (KATONG) PTE. LTD.,CC,Childcare Centre,17.0,RAMBAI ROAD,,,,424336,64455765.0,ADMIN@ROSEMARYHALL.COM,
201800000278,PT9464,MINDCHAMPS PRESCHOOL@FUSION PTE LTD,CC,Childcare Centre,1.0,FUSIONOPOLIS WAY,3.0,3.0,CONNEXIS,138632,96349973.0,BELINDAYEO.PS@MINDCHAMPS.ORG,
201800000279,ST0194,PCF SPARKLETOTS PRESCHOOL @ SEMBAWANG BLK 503C (EY),CC,Childcare Centre,,CANBERRA LINK,1.0,41.0,MONTREAL SPRING,753503,67527445.0,Norhima.Binte.Selamat@pcf.org.sg,
201800000322,SS20188036,MAGICAL EYE CARE,OS,Optical Shop,123.0,BUKIT MERAH LANE 1,1.0,120.0,,150123,68780098.0,admin@magicaleyecare.com.sg,
201800000381,18M0211,MINMED CLINIC (PASIR RIS),HC,Healthcare Institution,1.0,PASIR RIS CENTRAL STREET 3,5.0,,WHITE SANDS,518457,65850123.0,SUZY@MINMED.SG,
201600000298,PT9293,BERRY TREE@PUNGGOL PTE LTD,CC,Childcare Centre,,PUNGGOL ROAD,1.0,532.0,THE PERIWINKLE,823195,65564566.0,YYWP5656@GMAIL.COM,
201600000402,16D0239,LUMINOUS DENTAL CLINIC @ 201D TAMPINES,HC,Healthcare Institution,,TAMPINES STREET 21,1.0,1139.0,,524201,67852293.0,ENQUIRIES@LUMINOUSDENTALGROUP.COM,
201600000455,PT9309,JUST KIDS @ BUKIT PANJANG PTE. LTD.,CC,Childcare Centre,435.0,BUKIT PANJANG RING ROAD,1.0,653.0,,670435,67679405.0,bukitpanjang@justkids.com.sg,
201600000458,16C0278,AESTHETICS DENTAL SURGERY,HC,Healthcare Institution,3.0,KILLINEY ROAD,9.0,1.0,WINSLAND HOUSE I,239519,63333233.0,,
201600000506,EB0010,E-BRIDGE PRE-SCHOOL PTE LTD,CC,Childcare Centre,217.0,COMPASSVALE DRIVE,1.0,11.0,MULTI STOREY CAR PARK,540217,63865350.0,COMPASSVALE217@E-BRIDGE.EDU.SG,
201600000606,SS20167955,RED DOT VISION CARE LLP,OS,Optical Shop,146.0,POTONG PASIR AVENUE 1,1.0,131.0,,350146,67423836.0,reddotvisioncare@gmail.com,
201600000607,SS20167949,Taeng Pte Ltd,OS,Optical Shop,194.0,KIM KEAT AVENUE,1.0,418.0,KIM KEAT VIEW,310194,,taengpteltd@gmail.com,
201700000068,17I0039,LUCENCE DIAGNOSTICS PTE LTD,HC,Healthcare Institution,211.0,HENDERSON ROAD,4.0,,211 HENDERSON,159552,62766488.0,minhan.tan@lucencedx.com,
201600000074,PT9237,MAPLEBEAR PREP SCHOOL PTE LTD,CC,Childcare Centre,63.0,HILLVIEW AVENUE,2.0,8.0,LAM SOON INDUSTRIAL BUILDING,669569,65140047.0,ADMIN-HILLVIEW@MAPLEBEAR.SG,
201600000075,ST0163,PCF SPARKLETOTS PRESCHOOL @ TANJONG PAGAR - TIONG BAHRU BLK 125 (CC),CC,Childcare Centre,125.0,KIM TIAN ROAD,1.0,88.0,,160125,62708485.0,Yohannes.azman@pcf.org.sg,
201800000235,18M0131,CORNERSTONE MEDICAL,HC,Healthcare Institution,,GHIM MOH LINK,1.0,3.0,,271029,62620018.0,kevinlimws@cornerstone-medical.com.sg,
201800000236,PT9483,JUST KIDS @ ST GEORGE'S PTE LTD,CC,Childcare Centre,84.0,ST. FRANCIS ROAD,,,,328069,62929335.0,STGEORGES@JUSTKIDS.COM.SG,
201800000237,18D0133,ROYCE DENTAL AESTHETIC AND IMPLANT CENTRE,HC,Healthcare Institution,,LORONG MAMBONG,,,HOLLAND VILLAGE,277674,69096614.0,JANICE@ROYCEDENTAL.COM.SG,
201800000248,18M0141,INTEGRATED WELLNESS CLINIC,HC,Healthcare Institution,8.0,SINARAN DRIVE,5.0,4.0,NOVENA SPECIALIST CENTER,307470,63390665.0,accounts@iwell.sg,
201800000275,18D0152,EXCEL DENTAL,HC,Healthcare Institution,1.0,PASIR RIS CLOSE,2.0,309.0,E!HUB@DOWNTOWN EAST,519599,62842518.0,yinghanprostho@gmail.com,
201800000277,18M0151,SAUDARA CLINIC BY A+J GENERAL PHYSICIANS,HC,Healthcare Institution,228.0,CHANGI ROAD,1.0,1.0,ICON@CHANGI,419741,62444485.0,rjuliana@ajgeneralphysicians.com,
201800000280,SS20188033,CAPITOL OPTICAL COMPANY (PRIVATE) LIMITED,OS,Optical Shop,50.0,JURONG GATEWAY RD,2.0,48.0,JEM,608549,68650151.0,PUIYEE@CAPITOL.COM.SG,
201800000281,ST0193,PCF SPARKLETOTS PRESCHOOL @ CANBERRA BLK 468C (EY),CC,Childcare Centre,,ADMIRALTY DRIVE,1.0,5.0,,753468,67554113.0,Junaidah.Bte.Jumari@pcf.org.sg,
201800000282,ST0195,PCF SPARKLETOTS PRESCHOOL @ HONG KAH NORTH BLK 447 (CC),CC,Childcare Centre,447.0,BUKIT BATOK WEST AVENUE 9,2.0,1.0,,650447,62537346.0,LIM.YEN.LEE@PCF.ORG.SG,
201800000422,18D0242,AJ WARREN DENTAL CLINIC,HC,Healthcare Institution,218.0,PASIR PANJANG ROAD,2.0,11.0,ICON @ PASIR PANJANG,118579,98275557.0,ajwarren.dentist@gmail.com,
201800000424,18D0244,Q & M DENTAL SURGERY (YISHUN RING ROAD),HC,Healthcare Institution,598.0,YISHUN RING ROAD,,10.0,WISTERIA MALL,768698,63390994.0,foosj@qandm.com.sg,
201600000005,SS20167892,ODOS VISION,OS,Optical Shop,804.0,HOUGANG CENTRAL,1.0,136.0,,530804,63853567.0,2359gin@gmail.com,
201600000028,SS20167893,SOONG CHOON OPTICS PTE LTD - TOA PAYOH 190,OS,Optical Shop,190.0,LORONG 6 TOA PAYOH,1.0,556.0,,310190,67411517.0,ty.soongchoon@gmail.com,
201600000059,MCPHA1600065,GUARDIAN PHARMACY ( WATERWAY POINT),PH,Pharmacy,83.0,PUNGGOL CENTRAL,,4.0,WATERTOWN,828761,,gwwp@guardian.com.sg,
201600000065,16M0030,PARKWAY SHENTON MEDICAL GROUP,HC,Healthcare Institution,10.0,EUNOS ROAD 8,2.0,122.0,SINGAPORE POST CENTRE,408600,68488018.0,spo@parkwayshenton.com,
201600000066,16M0032,SINGHEALTH POLYCLINICS,HC,Healthcare Institution,80.0,MARINE PARADE CENTRAL,1.0,,,440080,66436969.0,,
201600000067,EB0008,E-BRIDGE PRE-SCHOOL PTE. LTD.,CC,Childcare Centre,17.0,CIRCUIT ROAD,1.0,1.0,,370017,67420869.0,circuit17@e-bridge.edu.sg,
201600000070,16M0035,DUXTON MEDICAL CLINIC,HC,Healthcare Institution,7.0,TANJONG PAGAR PLAZA,1.0,106.0,,81007,65383573.0,dmedical2015@gmail.com,
201600000071,PT9250,SAFARI HOUSE PRESCHOOL VANDA,CC,Childcare Centre,5.0,VANDA ROAD,,,ORCHID VILLAGE,287775,64634398.0,vanda@safarihouse.com,
201600000080,PT9240,GREENLAND CHILDCARE @ FERNVALE PTE LTD,CC,Childcare Centre,,FERNVALE STREET,1.0,63.0,FERNVALE RIVERGROVE,793472,66340801.0,fernvale.greenlandcc@gmail.com,
201600000081,PT9241,GREENLAND CHILDCARE @ PUNGGOL PTE LTD,CC,Childcare Centre,,PUNGGOL WALK,1.0,448.0,WATERWAY TERRACES I,821308,64441752.0,punggol.greenlandcc@gmail.com,
201600000200,SS20167908,E'OPTICAL BOUTIQUE PTE LTD,OS,Optical Shop,18.0,YISHUN AVENUE 9,2.0,56.0,JUNCTION NINE,768897,,YISHUN@OPTICALBOUTIQUE.COM.SG,
201600000292,PT9284,ODYSSEY THE GLOBAL PRESCHOOL PTE LTD,CC,Childcare Centre,25.0,STILL ROAD SOUTH,,,GRAND HOTEL,423934,86682504.0,komaladewantara@theodyssey.sg,
201600000659,SS20177986,Vision Image Optical Centre,OS,Optical Shop,709.0,ANG MO KIO AVENUE 8,1.0,2591.0,,560709,65531900.0,Info@visionimage.sg,
201800000184,SS20188020,I-VISION OPTOMETRIST,OS,Optical Shop,79.0,SERANGOON GARDEN WAY,1.0,0.0,SERANGOON GARDEN ESTATE,555975,68024726.0,info@i-vision.com.sg,
201800000324,SK0015,SKOOL4KIDZ CENTRE (DS),CC,Childcare Centre,,CANBERRA STREET,1.0,530.0,EASTCROWN @ CANBERRA,752128,69500307.0,PARDIWALLACHRISTINA@SKOOL4KIDZ.COM.SG,
201800000400,18X0228,MWH CENTRE FOR MEDICAL IMAGING,HC,Healthcare Institution,101.0,IRRAWADDY ROAD,7.0,1.0,ROYAL SQUARE NOVENA,329565,69318000.0,enquiry@cmi.com.sg,
201800000464,SE20187871,RAINBOW CENTRE YISHUN PARK SCHOOL (WOODLANDS),SE,Special Education,11.0,MARSILING LANE,,,SI LING SECONDARY SCHOOL,739148,68179500.0,rcwoodlands@rainbowcentre.org.sg,
201800000471,18M0278,"A SPECIALIST CLINIC FOR SINUS, SNORING & ENT",HC,Healthcare Institution,38.0,IRRAWADDY ROAD,8.0,45.0,MOUNT ELIZABETH NOVENA SPECIALIS,329563,62537296.0,enquiry@drganent.com,
201800000475,18D0274,UNIVERSE DENTAL CLINIC,HC,Healthcare Institution,440.0,BUKIT BATOK WEST AVENUE 8,1.0,4.0,,650440,62525147.0,udc440@hotmail.com,
201800000490,PT9497,JUST KIDS @ ANG MO KIO PTE LTD,CC,Childcare Centre,4190.0,ANG MO KIO AVENUE 6,4.0,2.0,BROADWAY PLAZA,569841,62593630.0,angmokio@justkids.com.sg,
201800000520,SS20188051,ISO VISIO,OS,Optical Shop,1187.0,UPPER SERANGOON ROAD,,69.0,THE MIDTOWN,533971,62425691.0,isovisio0169@gmail.com,
201600000342,SS20167920,OPTICS CONNECTION PTE LTD,OS,Optical Shop,12.0,BEDOK NORTH DRIVE,2.0,6.0,Bedok Bus Interchange,465492,63863638.0,opticsconnection@gmail.com,
201600000663,PT9350,RAFFLES KIDZ @ PUNGGOL PTE LTD,CC,Childcare Centre,200.0,PONGGOL SEVENTEENTH AVENUE,,,,829646,65846125.0,ECDA_PG@raffleskidz.com,
201700000529,PT9427,SMILING STAR EDUHUB PTE LTD,CC,Childcare Centre,,GAMBAS CRESCENT,,,NORDCOM ONE,757089,62571101.0,JIMMY.NEW@SMILINGSTAR.COM.SG,
201700000544,PT9431,CHERRYBROOK PRESCHOOL FARRER,CC,Childcare Centre,82.0,QUEEN'S ROAD,,,,266774,64686550.0,SERVICE@CHERRYBROOK.EDU.SG,
201700000545,PT9397,LITTLE FOOTPRINTS PRESCHOOL PTE. LTD.,CC,Childcare Centre,420.0,PUNGGOL ROAD,,,,546674,62825911.0,joey.poh@littlefootprints.com.sg,
201800000106,EB0015,E-BRIDGE PRE-SCHOOL PTE LTD,CC,Childcare Centre,573.0,WOODLANDS DRIVE 16,3.0,1.0,,730573,63363322.0,WOODLANDSGLEN@E-BRIDGE.EDU.SG,
201800000107,ST0190,PCF SPARKLETOTS PRESCHOOL @ BUKIT BATOK BLK 293 (CC),CC,Childcare Centre,293.0,BUKIT BATOK STREET 21,1.0,1.0,MULTI STOREY CAR PARK,650293,64518208.0,Charis.WongBY@pcf.org.sg,
201800000112,18M0059,ISLAND FAMILY CLINIC & ENDOSCOPY CENTRE,HC,Healthcare Institution,338.0,ANCHORVALE CRESCENT,1.0,8.0,,540338,62810174.0,anchorvale@islandfamilyclinic.com,
201800000342,18M0194,HEALTHWAY MEDICAL,HC,Healthcare Institution,446.0,BUKIT BATOK WEST AVENUE 8,1.0,3.0,,650446,62565980.0,bbtw@healthwaymedical.com,
201800000343,18M0191,JGH CITY HEALTHCARE,HC,Healthcare Institution,1.0,RAFFLES PLACE,19.0,2.0,ONE RAFFLES PLACE,48616,65321788.0,jghleekx@japan-green.com.sg,
201800000346,18M0190,T MEDICAL CLINIC,HC,Healthcare Institution,115.0,CANBERRA WALK,1.0,5.0,,750115,69097550.0,Tmedical.sg@gmail.com,
201800000347,18M0193,WELLNESS & GYNAECOLOGY CENTRE BY DR JULINDA LEE,HC,Healthcare Institution,290.0,ORCHARD ROAD,16.0,,PARAGON,238859,62352152.0,wgc@smg.sg,
201900000178,PT9679,MORNING GLORY PRESCHOOL,KN,Kindergarten,41414.0,JURONG WEST STREET 42,1.0,793.0,,640414,82015284.0,theeba14111982@gmail.com,
201900000285,EP16149,PHYSIO AND SOLE CLINIC (KEMBANGAN),EI,Early Intervention Programmes,12.0,JALAN MASJID,,,,418932,,fiona@physioandsole.com,
201900000313,19M0208,ONECARE CLINIC FERNVALE,HC,Healthcare Institution,417.0,FERNVALE LINK,1.0,10.0,,790417,69709302.0,fernvale@onecaremedical.com.sg,
201900000315,19D0210,DRS. AUDREY & ALEXANDER (BOON LAY),HC,Healthcare Institution,221.0,BOON LAY PLACE,2.0,116.0,BOON LAY SHOPPING CENTRE,640221,69082421.0,drs.audrey.alexander.boonlay@gmail.com,
201700000258,RC1780,ST JOSEPH'S HOME INFANT AND CHILDCARE,CC,Childcare Centre,36.0,JURONG WEST STREET 24,,,SAINT JOSEPH'S HOME,648141,62680482.0,CHILDCARE@STJH.ORG.SG,
201700000374,17C0208,HERITAGE DENTAL,HC,Healthcare Institution,1.0,TANJONG PAGAR PLAZA,1.0,8.0,,82001,62257638.0,hq@advanceddental.com.sg,
201700000569,NT0576,MY FIRST SKOOL,CC,Childcare Centre,,JURONG WEST CENTRAL 3,1.0,79.0,JURONG WEST BLOSSOM,643698,66349989.0,info@myfirstskool.com,
201700000635,SS20178001,235 YISHUN OPTICS,OS,Optical Shop,235.0,YISHUN STREET 21,1.0,452.0,,760235,64820277.0,summer_appleq@yahoo.com.sg,
201800000332,18D0181,ALLSMILES DENTAL CARE PUNGGOL PTE. LTD.,HC,Healthcare Institution,681.0,PUNGGOL DRIVE,3.0,10.0,,820681,67879166.0,ALLSMILES.DENTALCARE@HOTMAIL.COM,
201800000338,18C0182,STREET 11 CLINIC,HC,Healthcare Institution,139.0,TAMPINES ST 11,1.0,18.0,,521139,65882139.0,lowjinkheng@hotmail.com,
201800000339,18C0180,SUMMIT MEDICAL CLINIC,HC,Healthcare Institution,632.0,ANG MO KIO AVE 4,1.0,956.0,,560632,64560060.0,yapgimhong@gmail.com,
201800000369,EP16144,SPEECH BUBBLES PTE LTD,EI,Early Intervention Programmes,129.0,BUKIT MERAH VIEW,14.0,146.0,,150129,,wtx.daniel@gmail.com,
201800000388,SS20188041,EYE GALLERY PTE LTD,OS,Optical Shop,681.0,PUNGGOL DRIVE,3.0,17.0,OASIS TERRACES,820681,,eyegallery@yahoo.com,
201800000467,SS20188044,EYECARE 24/7 PTE LTD,OS,Optical Shop,681.0,PUNGGOL DRIVE,1.0,18.0,OASIS TERRACES,820681,62444420.0,JTANKB8@GMAIL.COM,
201800000501,18M0297,HEALTHWAY MEDICAL,HC,Healthcare Institution,705.0,SERANGOON ROAD,1.0,6.0,KWONG WAI SHIU HOSPITAL,328127,62914331.0,hmgkwsc@healthwaymedical.com,
201800000505,18D0307,ABSOLUTE SMILE DENTAL,HC,Healthcare Institution,2.0,TAI THONG CRESCENT,1.0,4.0,THE VENUE SHOPPES,347836,,absolute0104@gmail.com,
201500000932,SS20167891,SPECTALK,OS,Optical Shop,998.0,TOA PAYOH NORTH,1.0,11.0,MAPLETREE INDUSTRIAL,318993,63543022.0,MIKETAY.OP@GMAIL.COM,
201500000933,SS20167890,IWEAR OPTOMETRISTS,OS,Optical Shop,7.0,TANJONG PAGAR PLAZA,1.0,102.0,,81007,62200069.0,JANETCHUNG76@GMAIL.COM,
201500000934,EP15110,LAZARUS CENTRE PTE. LTD.,EI,Early Intervention Programmes,272.0,UPPER BUKIT TIMAH ROAD,3.0,13.0,,588212,64632462.0,ECHEW@LAZARUS-CENTRE.COM,
201500000935,SS20167917,YOUR EYE CARE,OS,Optical Shop,510.0,BEDOK NORTH STREET 3,1.0,47.0,,460510,64493221.0,youreyecareyec@gmail.com,
201600000302,SS20167923,888 visual optics and merchandise,OS,Optical Shop,888.0,WOODLANDS DRIVE 50,1.0,,888 PLAZA,730888,63683705.0,888visualoptics@gmail.com,
201700000235,SS20177973,DG OPTICS CENTRE,OS,Optical Shop,414.0,YISHUN RING ROAD,1.0,1859.0,,760414,67562671.0,dgopticscentre@yahoo.com.sg,
201700000237,SS20177971,EYECARE SPECIALIST PTE LTD,OS,Optical Shop,83.0,MARINE PARADE CENTRAL,1.0,562.0,,440083,63421851.0,thepointoptical@hotmail.com,
201700000424,17M0231,ACCESS MEDICAL (REDHILL CLOSE),HC,Healthcare Institution,86.0,REDHILL CLOSE,1.0,600.0,,150086,68733165.0,accessmedrc@gmail.com,
201700000703,SS20178010,W OPTICS,OS,Optical Shop,50.0,JURONG GATEWAY ROAD,,,JEM,608549,63394785.0,jem@woptics.sg,
201800000069,ST0186,PCF SPARKLETOTS PRESCHOOL @ BRADDELL HEIGHTS BLK 246 (CC),CC,Childcare Centre,246.0,SERANGOON AVENUE 3,1.0,216.0,,550246,62825378.0,Krisnaveni.DO.Palanasamy.K@pcf.org.sg,
201800000070,ST0191,PCF SPARKLETOTS PRESCHOOL @ ULU PANDAN BLK 24 (DS),CC,Childcare Centre,24.0,GHIM MOH LINK,3.0,1.0,,270024,65702996.0,nirmala.thevi@pcf.org.sg,
201800000326,18M0176,BOSTON MEDICAL,HC,Healthcare Institution,119.0,ALJUNIED AVENUE 2,1.0,72.0,,380119,68179036.0,bmedenquiries@gmail.com,
201800000330,PT9476,SAIL PLAYHOUSE PTE LTD,CC,Childcare Centre,6.0,GAMBAS CRESCENT,,,NORDCOM TWO,757046,68160166.0,ENQUIRIES@SAILPLAYHOUSE.COM,
201800000331,PT9484,BABY ELK INFANT CARE PTE LTD,CC,Childcare Centre,3.0,ANG MO KIO STREET 62,1.0,36.0,LINK@AMK,569139,88154050.0,contact@babyelk.sg,
201700000388,SS20177996,WENDYS OPTICAL PTE LTD,OS,Optical Shop,164.0,BUKIT MERAH CENTRAL,1.0,3657.0,,150164,62719808.0,LIMCHINCHOO80@YAHOO.COM.SG,
201800000619,18I0357,CRYOVIVA (SINGAPORE) LABORATORY SERVICES (UNIT-2),HC,Healthcare Institution,37.0,JALAN PEMIMPIN,3.0,,MAPEX,577177,83398482.0,,
201800000621,18M0356,FRONTIER MEDICAL ASSOCIATES,HC,Healthcare Institution,451.0,BUKIT BATOK WEST AVE 6,1.0,7.0,,650451,67450875.0,admin@frontierhealthcare.com.sg,
201800000622,18D0354,NUFFIELD DENTAL HARBOURFRONT,HC,Healthcare Institution,,1 MARITIME SQUARE,2.0,,HARBOURFRONT CENTRE,99253,62800256.0,harbourfront@nuffielddental.com.sg,
201800000651,18M0379,EAGLE EYE CENTRE,HC,Healthcare Institution,101.0,IRRAWADDY ROAD,11.0,,ROYAL SQUARE AT NOVENA,329565,64561010.0,eecxiaoping@gmail.com,
201800000653,18M0381,ROYAL CARE MEDICAL YISHUN GROVE,HC,Healthcare Institution,675.0,YISHUN AVENUE 4,1.0,7.0,,760675,68152990.0,sgmedrock@gmail.com,
201900000039,SS20198067,SPECTACLED OWL PTD LTD,OS,Optical Shop,443.0,CLEMENTI AVENUE 3,1.0,77.0,,120443,69042468.0,SPECTACLEDOWL443@GMAIL.COM,
201900000040,SS20198063,VA OPTOMETRY CENTRE,OS,Optical Shop,821.0,TAMPINES STREET 81,1.0,214.0,,520821,62220488.0,vaoptometrycentre@gmail.com,
201900000056,EP16146,DYSLEXIA ASSOCIATION OF SINGAPORE (DAS),EI,Early Intervention Programmes,411.0,SERANGOON CENTRAL,1.0,387.0,,550411,,info@das.org.sg,
201900000125,19D0090,HEALTHWAY DENTAL,HC,Healthcare Institution,41.0,HOLLAND DRIVE,1.0,7.0,,270041,67789793.0,hollanddrive@healthwaydentalgroup.com,
201900000126,19M0088,SOG - HM LIEW SKIN AND LASER CLINIC,HC,Healthcare Institution,6.0,NAPIER ROAD,6.0,1.0,GLENEAGLES MEDICAL CENTRE,258499,62546646.0,hmliew.skinclinic@sog.com.sg,
201900000127,19M0087,SOG - PETRINA WONG CLINIC FOR CHILDREN RESPIRATORY AND SLEEP,HC,Healthcare Institution,6.0,NAPIER ROAD,8.0,14.0,GLENEAGLES MEDICAL CENTRE,258499,64404123.0,cecilia.wong@sog.com.sg,
201900000144,19M0105,1 MEDICAL TECK GHEE,HC,Healthcare Institution,410.0,ANG MO KIO AVENUE 10,1.0,837.0,TECK GHEE SQUARE,560410,62517030.0,1medicalteckghee@gmail.com,
201900000147,19M0104,ETERN MEDICAL CLINIC (PUNGGOL SUMANG LRT),HC,Healthcare Institution,,PUNGGOL WALK,1.0,302.0,WATERWAY TERRACES I,823308,62467288.0,ETERNMMEDICAL@DOCTOR.COM,
201500000798,EB0005,E-BRIDGE PRE-SCHOOL PTE. LTD.,CC,Childcare Centre,,MONTREAL LINK,1.0,26.0,,753592,64659538.0,montreal@e-bridge.edu.sg,
201600000496,PT9318,STAR LEARNERS @ CHANGI SIMEI PTE. LTD.,CC,Childcare Centre,114.0,SIMEI STREET 1,1.0,614.0,,520114,62500173.0,MENGWEI.TAN@STARLEARNERS.COM.SG,
201700000140,PT9382,BRIGHTYEARS CHILDCARE CENTRE PTE LTD,CC,Childcare Centre,1.0,KAKI BUKIT ROAD 1,1.0,32.0,ENTERPRISE ONE,415934,82234266.0,BRIGHTYEARSCHILDCARE@GMAIL.COM,
201700000205,PT9365,MAPLEBEAR LITTLE GEMS PTE LTD,CC,Childcare Centre,978.0,TOA PAYOH NORTH,1.0,1.0,,319001,69200978.0,LAURANG@MAPLEBEAR.SG,
201700000263,MCPH1700181,NATIONAL HEALTHCARE GROUP PHARMACY (PIONEER),PH,Pharmacy,26.0,JURONG WEST STREET 61,2.0,0.0,PIONEER POLYCLINIC,648201,,Samantha_Lm_KONG@pharmacy.nhg.com.sg,
201700000264,PT9371,KINGDOM EDUCATION PTE. LTD.,CC,Childcare Centre,182.0,JALAN JURONG KECHIL,1.0,67.0,THE HILLFORD,596152,97230369.0,YVONNEYEO.MLK@GMAIL.COM,
201700000265,PT9381,PAT'S SCHOOLHOUSE PTE. LTD.,CC,Childcare Centre,35.0,LOTUS AVENUE,,,LUCKY PARK,277618,63144526.0,EstherNga@patschoolhouse.com,
201700000508,PT9393,MAPLEBEAR DEVELOPMENT CENTRE PTE LTD,CC,Childcare Centre,3.0,GAMBAS CRESCENT,1.0,6.0,NORDCOM ONE,757088,62655238.0,principal-woodlands@maplebear.sg,
201700000553,17C0318,GSH CLINIC & SURGERY PTE. LTD.,HC,Healthcare Institution,9.0,YIO CHU KANG ROAD,1.0,40.0,SPACE @ KOVAN,545523,62605942.0,gshclinicsurgery@hotmail.com,
201700000566,17D0325,JOY DENTAL CENTRE,HC,Healthcare Institution,164.0,BUKIT MERAH CENTRAL,1.0,3641.0,,150164,69093088.0,joydentalcentre@gmail.com,
201700000618,SS20177999,EYECARE HOUSE PTE LTD,OS,Optical Shop,14.0,SCOTTS ROAD,1.0,51.0,FAR EAST PLAZA,228213,67372669.0,eyecarehouse@yahoo.com.sg,
201800000192,SS20188024,FRIEND OPTICAL,OS,Optical Shop,418.0,YISHUN AVENUE 11,1.0,393.0,,760418,64593671.0,kwongchangjing@gmail.com,
201800000221,SS20188026,PERSPECTIVE VISIONARY PTE LTD,OS,Optical Shop,338.0,ANCHORVALE CRESCENT,1.0,4.0,MULTI-STOREY CARPARK,540338,62866601.0,Love.our.lenses@gmail.com,
201800000458,SS20188045,FREEFORM OPTICS,OS,Optical Shop,305.0,WOODLANDS STREET 31,1.0,65.0,,730305,63626900.0,siewengteo65@gmail.com,
201800000506,18C0308,ALDA DENTAL SURGERY(BEDOK),HC,Healthcare Institution,158.0,BEDOK SOUTH AVENUE 3,1.0,589.0,,460158,64456038.0,omnidental@hotmail.com,
201800000507,18M0304,FRONTIER MEDICAL ASSOCIATES,HC,Healthcare Institution,494.0,TAMPINES STREET 45,1.0,2.0,,523494,67450875.0,admin@frontierhealthcare.com.sg,
201800000508,18M0302,AFFORD MEDICAL,HC,Healthcare Institution,25.0,SPRINGSIDE GREEN,1.0,9.0,THE BROOKS II,786015,64710071.0,drrakesh@gcmedical.com.sg,
201800000509,18D0303,Q & M DENTAL SURGERY (TIONG BAHRU) PTE LTD,HC,Healthcare Institution,18.0,JALAN MEMBINA,2.0,2.0,,164018,62708168.0,helen@qnm.sg,
201800000517,SS20188052,AI MUI OPTICAL & LADY WEAR,OS,Optical Shop,178.0,TOA PAYOH CENTRAL,1.0,216.0,,310178,,AIMUIOPTICAL@GMAIL.COM,
201800000529,SS20188056,ONE OPTIQUE TRADING,OS,Optical Shop,598.0,YISHUN RING ROAD,1.0,30.0,WISTERIA MALL,768698,63395518.0,oneoptique@gmail.com,
201800000530,SS20188050,IPROFESSIONALS LLP,OS,Optical Shop,,"1187 UPPER SERANGOON ROAD, THE M",1.0,51.0,THE MIDTOWN,533971,,doptometrist@yahoo.co.uk,
201800000538,PT9608,REPTON SCHOOLHOUSE,KN,Kindergarten,321.0,ALEXANDRA ROAD,3.0,11.0,ALEXANDRA CENTRAL,159971,81292550.0,louise.grant@chipengseng.com.sg,
201800000559,18D0321,THE DENTAL STUDIO,HC,Healthcare Institution,116.0,BISHAN STREET 12,1.0,,BISHAN VIEW,570116,62620936.0,BISHAN@DENTALSTUDIO.SG,
201800000657,PT9527,BUCKET HOUSE PRESCHOOL,CC,Childcare Centre,39.0,WOODLANDS CLOSE,1.0,62.0,MEGA@WOODLANDS,737856,69098373.0,ENQUIRY@BUCKETHOUSEPRESCHOOL.COM,
201600000201,SS20167915,ONE OPTIQUE,OS,Optical Shop,604.0,SEMBAWANG ROAD,1.0,7.0,SEMBAWANG SHOPPING CENTRE,758459,65709855.0,oneoptique@gmail.com,
201700000067,YM0168,MY WORLD PRESCHOOL LTD.,CC,Childcare Centre,,EDGEDALE PLAINS,1.0,616.0,WATERWAY SUNDEW,822661,66552362.0,CCWTY.SUNDEW@MYWORLD.ORG.SG,
201800000165,18M0101,ONECARE CLINIC CANBERRA,HC,Healthcare Institution,105.0,CANBERRA STREET,1.0,9.0,,750105,62513778.0,canberra@onecaremedical.com.sg,
201800000166,ST0373,PCF SPARKLETOTS PRESCHOOL @ BISHAN EAST - THOMSON BLK 309 (KN),KN,Kindergarten,309.0,SHUNFU ROAD,1.0,175.0,,570309,63562647.0,Dian.Marliah.Raihan@pcf.org.sg,
201800000167,PT9629,IDEAL KIDZ KINDERGARTEN,KN,Kindergarten,7.0,GAMBAS CRESCENT,1.0,15.0,ARK@GAMBAS,757087,97203690.0,principal@idealkidz.sg,
201800000293,PT9481,MLK EDUCATION PTE. LTD.,CC,Childcare Centre,1.0,WEST COAST DRIVE,1.0,5.0,NEWEST,128020,62543315.0,mylittlekingdomwestcoast@gmail.com,
201900000148,19M0102,MAYFAIR MEDICAL CLINIC,HC,Healthcare Institution,182.0,WOODLANDS STREET 13,1.0,4.0,,730182,62352880.0,mayfairmedical.gm@gmail.com,
201900000199,ST0380,PCF SPARKLETOTS PRESCHOOL @ GAMBAS BLK 461 (CC),CC,Childcare Centre,461.0,YISHUN AVENUE 6,2.0,1.0,MULTI STOREY CAR PARK,760461,62350930.0,Ruth.ChongLC@pcf.org.sg,
201900000205,SS20198082,KJ OPTOMETRISTS (PLAZASG) PTE LTD,OS,Optical Shop,68.0,ORCHARD ROAD,4.0,52.0,PLAZA SINGAPURA,238839,63330280.0,kjoptometrists@gmail.com,
201900000208,19M0134,ADULT & CHILD EYE (ACE) CLINIC,HC,Healthcare Institution,38.0,IRRAWADDY ROAD,7.0,43.0,MOUNT ELIZABETH NOVENA SPECIALIS,329563,,,
201900000209,19M0160,AFFINITY MEDICAL CLINIC,HC,Healthcare Institution,253.0,SERANGOON CENTRAL DRIVE,1.0,187.0,,550253,62808080.0,affinitymed8080@gmail.com,
201900000211,19D0152,CASA DENTAL ADMIRALTY,HC,Healthcare Institution,693.0,WOODLANDS AVENUE 6,1.0,5.0,,730693,68730452.0,CASADENTAL.ADM@GMAIL.COM,
201900000214,19M0132,CRAWFURD MEDICAL,HC,Healthcare Institution,3.0,TEMASEK BOULEVARD,2.0,482.0,SUNTEC CITY MALL,38983,68049580.0,enquiries@crawfurdmedical.com,
201600000493,ST0171,PCF SPARKLETOTS PRESCHOOL@TECK GHEE BLK 319 (CC),CC,Childcare Centre,319.0,ANG MO KIO AVENUE 1,1.0,1503.0,TECK GHEE VISTA,560319,64543050.0,Siti.Farida.Binte.Mohamed@pcf.org.sg,
201700000008,PT9337,AGAPE LITTLE UNI. @ COMPASSVALE PTE. LTD.,CC,Childcare Centre,,COMPASSVALE CRESCENT,1.0,53.0,COMPASSVALE BOARDWALK,542293,68160112.0,COMPASSVALE@AGAPELITTLEUNI.COM,
201700000009,ST0174,PCF SPARKLETOTS PRESCHOOL @ BUKIT GOMBAK BLK 807C (CC),CC,Childcare Centre,,CHOA CHU KANG AVENUE 1,1.0,552.0,KEAT HONG AXIS,683807,69125290.0,Chin.Ying.Lee@pcf.org.sg,
201700000012,PT9336,GREENLAND CHILDCARE @ PUNGGOL DRIVE PTE LTD,CC,Childcare Centre,,PUNGGOL DRIVE,1.0,816.0,WATERWAY BROOKS,821678,69190025.0,PUNGGOLDRIVE.GREENLANDCC@GMAIL.COM,
201700000095,SS20177963,KOOLOOK PTE LTD,OS,Optical Shop,17.0,PETIR ROAD,,60.0,HILLION MALL,678278,63762862.0,delvyn@opticsfv.com,
201700000579,PT9418,EQ-LEARNERS EDUCARE PTE LTD,CC,Childcare Centre,475.0,CHOA CHU KANG AVENUE 3,2.0,15.0,SUNSHINE PLACE,680475,67640010.0,KESCCKKG@KINDERLAND.COM.SG,
201700000580,ST0180,PCF SPARKLETOTS PRESCHOOL @ LIMBANG BLK 786 (EY),CC,Childcare Centre,786.0,CHOA CHU KANG DRIVE,1.0,237.0,,680786,67665694.0,Kaixin.Lau@pcf.org.sg,
201700000581,ST0188,PCF SPARKLETOTS PRESCHOOL @ PUNGGOL NORTH (EY),CC,Childcare Centre,50.0,EDGEFIELD PLAINS,,,,828717,62444050.0,Punggollccc@pcf.org.sg,
201700000582,PT9415,SUNFLOWER PRESCHOOL @ AMK PTE. LTD.,CC,Childcare Centre,216.0,ANG MO KIO AVENUE 4,4.0,2.0,KEBUN BARU COMMUNITY CLUB,569897,69240313.0,ENQUIRY@SUNFLOWERPRESCHOOLAMK.COM.SG,
201700000593,ST0179,PCF SPARKLETOTS PRESCHOOL @ CHUA CHU KANG BLK 123 (CC),CC,Childcare Centre,123.0,TECK WHYE LANE,1.0,864.0,,680123,67653630.0,Asmah.Bte.Ahmad@pcf.org.sg,
201700000594,ST0183,PCF SPARKLETOTS PRESCHOOL @ KAMPONG CHAI CHEE BLK 409 (CC),CC,Childcare Centre,409.0,BEDOK NORTH AVENUE 2,1.0,26.0,,460409,64490203.0,SitiNadiahBte.Mail@pcf.org.sg,
201700000598,RC1788,CANOSSAVILLE CHILDREN AND COMMUNITY SERVICES,CC,Childcare Centre,1.0,SALLIM ROAD,,,CANOSSA CONVENT PRIMARY SCHOOL,387621,67476554.0,CPS.PRINCIPAL@CANOSSAVILLE.ORG.SG,
201700000599,PT9412,KIDSCAMPUS CHAI CHEE PTE. LTD.,CC,Childcare Centre,11.0,BEDOK NORTH STREET 1,,,HEARTBEAT @ BEDOK,469662,65132621.0,INFO@ALORA.COM.SG,
201700000705,SS20178011,W OPTICS,OS,Optical Shop,1.0,HOUGANG STREET 91,1.0,33.0,HOUGANG 1,538692,68817930.0,hougangone@woptics.sg,
201800000022,SS20188014,ZOFF I SINGAPORE PTE LTD,OS,Optical Shop,6.0,EU TONG SEN STREET,2.0,20.0,THE CENTRAL,59817,62240795.0,cs.sg@zoff.com,
201800000023,SS20188015,EYECARE 24/7 PTE LTD,OS,Optical Shop,101.0,UPPER CROSS STREET,2.0,18.0,PEOPLE'S PARK CENTRE,58357,65330095.0,JTANKB8@GMAIL.COM,
201800000036,EP16137,PHYSIO AND SOLE CLINIC (JURONG) PTE LTD,EI,Early Intervention Programmes,21.0,JURONG GATEWAY ROAD,3.0,7.0,CPF JURONG BUILDING,608546,69248507.0,fiona@physioandsole.com,
201700000646,EP14089,ZEE JUNIORS,EI,Early Intervention Programmes,722.0,DUNMAN ROAD,,,,439235,64663320.0,enquiry@zee.com.sg,
201900000076,SS20198068,EYE DO VISION,OS,Optical Shop,633.0,BUKIT BATOK CENTRAL,1.0,128.0,,650633,69043502.0,EYEDOVISION633@GMAIL.COM,
201900000087,19M0060,ACUMED MEDICAL GROUP,HC,Healthcare Institution,14.0,TUAS AVENUE 1,1.0,5.0,JTC SPACE @ TUAS,639499,65639363.0,ENQUIRY@ACUMED.COM.SG,
201900000090,19M0061,REDWOOD CLINIC AND SURGERY PTE LTD,HC,Healthcare Institution,920.0,TIONG BAHRU ROAD,1.0,7.0,REDHILL MRT STATION,158792,62512193.0,redwoodclinicandsurgery@gmail.com,
201900000091,19M0057,UNICARE FAMILY CLINIC & SURGERY,HC,Healthcare Institution,175.0,BOON LAY DRIVE,1.0,338.0,BOON LAY GREEN,640175,62660196.0,unicarefcs@gmail.com,
201900000103,PT9541,BRILLIANT TOTS @ HOUGANG PTE. LTD,CC,Childcare Centre,2.0,TAI THONG CRESCENT,1.0,8.0,THE VENUE SHOPPES,347836,69517158.0,POTONGPASIR@BRILLIANTTOTS.COM.SG,
201500000712,PT9194,LEARNING VISION @ WORK PTE. LTD.,CC,Childcare Centre,131.0,RIFLE RANGE ROAD,3.0,1.0,TEMASEK CLUB,588406,64648100.0,SereneChan@learningvision.com,
201500000713,PT9188,MINDCHAMPS PRESCHOOL @ YISHUN PTE. LTD.,CC,Childcare Centre,6.0,YISHUN INDUSTRIAL STREET 1,1.0,9.0,NORTH VIEW BIZHUB,768090,69668758.0,admin.yishun@mindchamps.org,
201700000143,17M0091,KEAT HONG FAMILY MEDICINE CLINIC,HC,Healthcare Institution,2.0,CHOA CHU KANG LOOP,3.0,2.0,KEAT HONG COMMUNITY CLUB,689687,67690750.0,keathongfmc@nuhs.edu.sg,
201700000539,EP16134,KIDZROCK INTERNATIONAL PTE LTD (EIP),EI,Early Intervention Programmes,200.0,TURF CLUB ROAD,4.0,11.0,THE GRANDSTAND,287994,,info@kidzrockintl.com,
201700000571,PT9416,HEARTYLAND INFANT CARE PTE LTD,CC,Childcare Centre,35.0,TECK WHYE AVENUE,2.0,2.0,CHUA CHU KANG COMMUNITY CLUB,688892,67633488.0,HEARTYLANDINFANT@GMAIL.COM,
201700000572,PT9411,SUNFLOWER PRESCHOOL @ YISHUN PTE LTD,CC,Childcare Centre,513.0,YISHUN STREET 51,1.0,7.0,SARACA BREEZE @ YISHUN,760513,64811003.0,eimaj0621yeo@gmail.com,
201700000629,PT9410,MINDCHAMPS PRESCHOOL@ONE RAFFLES PLACE PTE.LTD,CC,Childcare Centre,1.0,RAFFLES PLACE,6.0,0.0,ONE RAFFLES PLACE,48616,68025838.0,PARIMALAFAKIRSAMY@MINDCHAMPS.ORG,
201700000631,EB0013,E-BRIDGE PRE-SCHOOL PTE LTD,CC,Childcare Centre,443.0,BUKIT BATOK WEST AVENUE 8,1.0,11.0,MULTI STOREY CAR PARK,650443,62515432.0,WESTRIDGES@E-BRIDGE.EDU.SG,
201700000632,ST0184,PCF SPARKLETOTS PRESCHOOL @ BISHAN NORTH BLK 409 (CC),CC,Childcare Centre,409.0,SIN MING AVENUE,2.0,1.0,,570409,65650245.0,Nurshahilah.Bibi.Husin@pcf.org.sg,
201700000633,ST0182,PCF SPARKLETOTS PRESCHOOL @ GAMBAS BLK 105 (CC),CC,Childcare Centre,105.0,CANBERRA STREET,3.0,1.0,,750105,62001131.0,peh.lay.hong@pcf.org.sg,
201700000634,ST0189,PCF SPARKLETOTS PRESCHOOL @ PUNGGOL WEST BLK 222 (CC),CC,Childcare Centre,222.0,SUMANG LANE,1.0,2.0,MULTI STOREY CAR PARK,820222,65383550.0,uma.devi.veeraya@pcf.org.sg,
201700000660,17M0380,OEI & KHO CLINIC AND SURGERY,HC,Healthcare Institution,18.0,LORONG 7 TOA PAYOH,1.0,250.0,,310018,62501328.0,jayamed3333@gmail.com,
201800000004,PT9448,MAPLEBEAR LEARNING HOUSE PTE LTD,CC,Childcare Centre,45.0,JALAN SONGKET,,,CHARLTON PARK,537416,63825401.0,kovan@maplebear.sg,
201700000248,SS20177975,SOONG CHOON OPTICS PTE LTD,OS,Optical Shop,5.0,TAMPINES CENTRAL 6,1.0,,TELEPARK,529482,67023681.0,hq.soongchoon@gmail.com,
201800000437,18M0251,HEALTHWAY MEDICAL,HC,Healthcare Institution,658.0,PUNGGOL EAST,1.0,4.0,,820658,63125202.0,hmgpget@healthwaymedical.co,
201800000537,PT9509,HAPPY KIDS PRESCHOOL PTE. LTD.,CC,Childcare Centre,8.0,JALAN ISMAIL,,,,419260,83281556.0,admin@littleatlaspreschool.com,
201800000540,PT9517,UNITED WORLD PRESCHOOL PTE. LTD.,CC,Childcare Centre,112.0,EAST COAST ROAD,2.0,13.0,112 KATONG,428802,64441800.0,HELLO@UNITEDWORLDPRESCHOOL.COM,
201800000599,SS20188060,AZ OPTICS CENTRE,OS,Optical Shop,1.0,QUEENSWAY,1.0,39.0,QUEENSWAY SHOPPING CENTRE,149053,,eng_de97@hotmail.com,
201900000217,19M0149,DUXTON MEDICAL CLINIC CANBERRA,HC,Healthcare Institution,361.0,SEMBAWANG CRESCENT,1.0,3.0,,750361,69691457.0,clinic@duxtonmedical.com,
201900000218,19D0131,DENTAL FORTE,HC,Healthcare Institution,101.0,IRRAWADDY ROAD,19.0,,ROYAL SQUARE AT NOVENA,329565,65536783.0,info@dentalforte.com.sg,
201900000219,19M0146,DR CHUA & LEE FAMILY CLINIC,HC,Healthcare Institution,213.0,BISHAN STREET 23,,235.0,,570213,62616988.0,nahkmj@gmail.com,
201900000226,19D0159,HEALTHWAY DENTAL,HC,Healthcare Institution,721.0,ANG MO KIO AVENUE 8,1.0,2801.0,,560721,64554629.0,amhr@healthwaydentalgroup.com,
201900000230,19D0169,JOY DENTAL CENTRE (BUANGKOK),HC,Healthcare Institution,991.0,BUANGKOK LINK,2.0,17.0,BUANGKOK SQUARE,530991,0.0,Admin@joydental.sg,
201600000617,PT9344,A STAR CHILDCARE PTE. LTD.,CC,Childcare Centre,55.0,SERANGOON NORTH AVE 4,1.0,8.0,S9,555859,62662452.0,wani.astarS9@urbankids.edu.sg,
201600000618,PT9313,LITTLE TREASURES CHILDCARE (MACPHERSON) PTE LTD,CC,Childcare Centre,70.0,MACPHERSON ROAD,2.0,1.0,MACPHERSON ROAD POST OFFICE,348475,68461535.0,NATMAHA@GMAIL.COM,
201600000619,PT9343,LITTLE TREASURES CHILDCARE @ WDLS CIRCLE PTE LTD,CC,Childcare Centre,749.0,WOODLANDS CIRCLE,1.0,604.0,,730749,63691525.0,NATMAHA@GMAIL.COM,
201600000625,PT9317,MAPLE BEAR HOLLAND PTE LTD,CC,Childcare Centre,9.0,GROVE DRIVE,,,HENRY PARK,279050,87780001.0,HOLLAND@MAPLEBEAR.SG,
201700000131,SS20177961,PEOPLE'S OPTICS,OS,Optical Shop,507.0,YISHUN AVENUE 4,1.0,10.0,,760507,,WHATJEROM@HOTMAIL.COM,
201700000132,SS20177962,DARLING OPTICAL AND CONTACT LENS CENTRE,OS,Optical Shop,151.0,BUKIT BATOK STREET 11,1.0,254.0,,650151,,ypfoong@live.com,
201700000236,SS20177970,SUN RAY OPTICS,OS,Optical Shop,810.0,GEYLANG ROAD,2.0,21.0,CITY PLAZA,409286,67491951.0,sunray.optics95@gmail.com,
201700000649,17D0377,MEIPLUS DENTALCARE,HC,Healthcare Institution,1.0,TANJONG PAGAR PLAZA,2.0,24.0,TANJONG PAGAR PLAZA,82001,65381400.0,admin@mykonosmed.com,
201800000114,ST0192,PCF SPARKLETOTS PRESCHOOL @ TAMPINES NORTH BLK 492 (CC),CC,Childcare Centre,492.0,TAMPINES STREET 45,1.0,11.0,MULTI STOREY CAR PARK,524492,62600150.0,Susan.MoS@pcf.org.sg,
201800000195,SS20188022,W OPTICS,OS,Optical Shop,501.0,ORCHARD ROAD,3.0,3.0,WHEELOCK PLACE,238880,67355665.0,wheelock@woptics.sg,
201800000374,MCPH1800661,UNITY BY FAIRPRICE (HAMK) AMK HUB,PH,Pharmacy,53.0,ANG MO KIO AVENUE 3,,40.0,AMK HUB,569933,65522001.0,muamk@fairprice.com.sg,
201800000375,MCPH1800651,UNITY BY FAIRPRICE (UYSM) YISHUN BLK 417,PH,Pharmacy,417.0,YISHUN AVENUE 11,1.0,331.0,,760417,64842500.0,muysm@fairprice.com.sg,
201800000377,PT9485,HI-5 HOL PRESCHOOL @ BUKIT TIMAH PTE LTD,CC,Childcare Centre,6.0,JALAN KERIA,,,MAYFAIR PARK,588534,92255559.0,principalBT@hi-5world.com,
201800000378,PT9491,CANBERRA SCHOOLHOUSE PTE. LTD.,CC,Childcare Centre,,PARRY AVENUE,,,,547227,63820454.0,lynn@canberrapreschool.com.sg,
201600000095,CPE649414,Canadian International School Pte Ltd,KP,CPE Kindergarten,7.0,JURONG WEST STREET 41,,,,649414,,joocheng.tan@cis.edu.sg,
201800000045,PT9714,GRACE HOUSE @ TRBK,KN,Kindergarten,45.0,THOMSON ROAD,,,THOMSON ROAD BAPTIST CHURCH,307584,62550111.0,gh_thomson@gracehouse.com.sg,
201800000046,PT9440,SUNFLOWER PRESCHOOL @ SEMBAWANG PTE. LTD.,CC,Childcare Centre,534.0,SEMBAWANG ROAD,,,SEMBAWANG SPRINGS ESTATE,758407,64816388.0,sfk.sembawang@gmail.com,
201800000352,PT9480,CAMBERLEY INTERNATIONAL PRE-SCHOOL PRIVATE LIMITED,CC,Childcare Centre,14.0,JALAN CHELAGI,,,BUKIT LOYANG ESTATE,509575,63877555.0,GEORGEOH@CAMBERLEY-EDU.COM,
201800000503,18D0300,B & F DENTAL,HC,Healthcare Institution,11.0,ANAMALAI AVENUE,,,,279982,93836121.0,info@bnfdental.com,
201800000521,MKC0012019,NASCANS PTE. LTD.,KN,Kindergarten,91.0,TELOK BLANGAH HEIGHTS,,,BLANGAH RISE PRIMARY SCHOOL,109100,65505070.0,info@nascans.com,
201800000522,MKC0142019,YOUNG MEN'S CHRISTIAN ASSOCIATION OF SINGAPORE,KN,Kindergarten,71.0,ANCHORVALE LINK,,,SPRINGDALE PRIMARY SCHOOL,544799,65862222.0,cdcscc@ymca.edu.sg,
201800000523,MKC0042019,LITTLE PROFESSORS LEARNING CENTRE PTE. LTD.,KN,Kindergarten,9.0,PUNGGOL PLACE,,,PUNGGOL VIEW PRIMARY SCHOOL,828845,61008789.0,enquiry@littleprofessors.com.sg,
201800000524,MKC0102019,MERCU LEARNING POINT PTE LTD,KN,Kindergarten,,YISHUN AVENUE 9,1.0,126.0,,761318,64368301.0,yishun.kcare@merculearning.com,
201800000525,MKC0122019,MERCU LEARNING POINT PTE LTD,KN,Kindergarten,61.0,SEMBAWANG DRIVE,,,NORTHOAKS PRIMARY SCHOOL,757622,64368301.0,northoaks.kcare@merculearning.com,
201800000526,MKC0132019,RAFFLES STUDENT CARE CENTRE (RIVERSIDE) LLP,KN,Kindergarten,110.0,WOODLANDS CRESCENT,,,RIVERSIDE PRIMARY SCHOOL,737803,63680168.0,kcrs@RafflesStudentCare.com,
201800000527,MKC0152019,PRO-TEACH SCHOOLCARE (WESTWOOD),KN,Kindergarten,1.0,JURONG WEST STREET 73,,,WESTWOOD PRIMARY SCHOOL,649188,83508280.0,patsy.yeo@pro-teach.com,
201900000174,SS20198072,OPTIQUE PARIS MIKI (S) PTE LTD (JEWEL),OS,Optical Shop,78.0,AIRPORT BOULEVARD,,250.0,JEWEL CHANGI AIRPORT,819666,69043948.0,jewel@parismiki.com.sg,
201900000175,SS20198076,SOONG CHOON OPTICS PTE LTD,OS,Optical Shop,1028.0,UPPER SERANGOON ROAD,,,,534766,67023982.0,hq.soongchoon@gmail.com,
201900000177,SS20198071,HIROCON,OS,Optical Shop,8.0,WILKIE ROAD,1.0,2.0,WILKIE EDGE,228095,,wilkieedge@hirocon-net.com,
201900000179,SS20198074,EYE V OPTICS,OS,Optical Shop,587.0,BUKIT TIMAH ROAD,2.0,26.0,CORONATION PLAZA,269707,69280080.0,eyevoptics@gmail.com,
201900000180,SS20198075,ELEVEN ELEVEN CONTACT LENS AND VISION CARE EXPERTS,OS,Optical Shop,348.0,BEDOK ROAD,1.0,10.0,BEDOK MARKET PLACE,469560,62665156.0,vinielism@outlook.com,
201900000204,SK0022,SKOOL4KIDZ CENTRE,CC,Childcare Centre,,TAMPINES STREET 61,1.0,404.0,TAMPINES GREENRIDGES,522606,69312961.0,vasandy@skool4kidz.com.sg,
201600000213,ST0165,PCF SPARKLETOTS PRESCHOOL@TAMPINES WEST BLK 151 (CC),CC,Childcare Centre,151.0,TAMPINES STREET 12,1.0,26.0,,521151,67856155.0,Maslinda.Ibrahim@pcf.org.sg,
201600000214,SK0009,SKOOL4KIDZ CENTRE,CC,Childcare Centre,,CHAI CHEE ROAD,1.0,56.0,PING YI GREENS,463807,62436564.0,bdpy@skool4kidz.com.sg,
201600000531,16M0319,DR ANITA'S KIDS CLINIC,HC,Healthcare Institution,691.0,EAST COAST ROAD,,,FRANKEL ESTATE,459057,66363460.0,,
201900000272,SS20198086,VISUAL ART'S OPTICS & CONTACT LENS CENTRE(HOUGANG),OS,Optical Shop,809.0,HOUGANG CENTRAL,1.0,186.0,,530809,64880250.0,va183183@yahoo.com.sg,
201900000292,EP16151,FEI YUE COMMUNITY SERVICES,EI,Early Intervention Programmes,600.0,UPPER THOMSON ROAD,1.0,31.0,JAMES COOK UNIVERSITY SINGAPORE,574421,67719600.0,gracekang@fycs.org,
201900000301,SS20198089,ZOFF,OS,Optical Shop,107.0,NORTH BRIDGE ROAD,1.0,28.0,FUNAN MALL,179105,69687908.0,cs.sg@zoff.com,
201900000393,ST0211,PCF SPARKLETOTS PRESCHOOL @ TELOK BLANGAH BLK 78A (DS),CC,Childcare Centre,,TELOK BLANGAH STREET 32,3.0,1.0,,101078,62701511.0,Wong.Wai.Sum@pcf.org.sg,
201900000394,ST0212,PCF SPARKLETOTS PRESCHOOL @ CLEMENTI BLK 330 (DS),CC,Childcare Centre,330.0,CLEMENTI AVENUE 2,1.0,170.0,,120330,67731958.0,Chen.Qiu.Rong@pcf.org.sg,
201900000395,ST0227,PCF SPARKLETOTS PRESCHOOL @ WHAMPOA BLK 85 (DS),CC,Childcare Centre,85.0,WHAMPOA DRIVE,1.0,248.0,,320085,62543823.0,Jessica.TanBG@pcf.org.sg,
201900000396,ST0240,PCF SPARKLETOTS PRESCHOOL @ MARINE PARADE BLK 46 (DS),CC,Childcare Centre,46.0,MARINE CRESCENT,1.0,44.0,,440046,64426945.0,Chin.Ne.Seow@pcf.org.sg,
201900000397,ST0242,PCF SPARKLETOTS PRESCHOOL @ FENGSHAN BLK 126 (DS),CC,Childcare Centre,126.0,BEDOK NORTH STREET 2,1.0,88.0,,460126,62430031.0,khairuniza.ibrahim@pcf.org.sg,
201900000398,ST0260,PCF SPARKLETOTS PRESCHOOL @ TAMPINES EAST BLK 262 (DS),CC,Childcare Centre,262.0,TAMPINES STREET 21,1.0,272.0,,520262,67834463.0,Bee.Hoon.Pek@pcf.org.sg,
201900000399,ST0265,PCF SPARKLETOTS PRESCHOOL @ TAMPINES CENTRAL BLK 725 (DS),CC,Childcare Centre,725.0,TAMPINES STREET 71,1.0,179.0,,520725,67893677.0,Buay.Ngor.Choo@pcf.org.sg,
201900000400,ST0270,PCF SPARKLETOTS PRESCHOOL @ HOUGANG BLK 328 (DS),CC,Childcare Centre,328.0,HOUGANG AVENUE 5,1.0,196.0,,530328,62825856.0,Khadijah.Yashin@pcf.org.sg,
201900000401,ST0271,PCF SPARKLETOTS PRESCHOOL @ BEDOK RESERVOIR - PUNGGOL BLK 414 (DS),CC,Childcare Centre,414.0,HOUGANG AVENUE 10,1.0,1256.0,,530414,63868507.0,Malika.Krishnan@pcf.org.sg,
201900000402,ST0274,PCF SPARKLETOTS PRESCHOOL @ ANG MO KIO - HOUGANG BLK 632 (DS),CC,Childcare Centre,632.0,HOUGANG AVENUE 8,1.0,28.0,,530632,62426952.0,Chin.Ping.Chua@pcf.org.sg,
201900000403,ST0280,PCF SPARKLETOTS PRESCHOOL @ SENGKANG CENTRAL BLK 231 (DS),CC,Childcare Centre,231.0,COMPASSVALE WALK,1.0,436.0,,540231,68817901.0,Li.Kin.Boon@pcf.org.sg,
201900000404,ST0289,PCF SPARKLETOTS PRESCHOOL @ TECK GHEE BLK 301 (DS),CC,Childcare Centre,301.0,ANG MO KIO STREET 31,1.0,1814.0,,560301,64564995.0,Rafeahdah.Mohamed.Hussain@pcf.org.sg,
201900000405,ST0296,PCF SPARKLETOTS PRESCHOOL @ BISHAN NORTH BLK 231 (DS),CC,Childcare Centre,231.0,BISHAN STREET 23,1.0,21.0,,570231,64549608.0,mei.mui.tan@pcf.org.sg,
201700000515,EB0012,E-BRIDGE PRE-SCHOOL PTE LTD,CC,Childcare Centre,,FERNVALE LINK,1.0,172.0,FERNVALE RIVERWALK,791417,63363322.0,FERNVALE417@E-BRIDGE.EDU.SG,
201700000516,EB0014,E-BRIDGE PRE-SCHOOL PTE LTD,CC,Childcare Centre,,SUMANG LANE,2.0,206.0,THE VERANDAH @ MATILDA,821226,69697329.0,VERANDAMATILDA@E-BRIDGE.EDU.SG,
201700000517,PT9395,BRAINY BEE JUNIOR EDUCATION PTE. LTD.,CC,Childcare Centre,10.0,UPPER ALJUNIED LINK,4.0,8.0,,367904,65844088.0,LIMBB3939@GMAIL.COM,
201800000415,ST0203,PCF SPARKLETOTS PRESCHOOL @ BUKIT TIMAH BLK 319 (EY),CC,Childcare Centre,319.0,CLEMENTI AVENUE 4,1.0,55.0,CLEMENTI JADE,120319,67770864.0,Joanne.LuoM@pcf.org.sg,
201800000416,ST0199,PCF SPARKLETOTS PRESCHOOL @ CLEMENTI BLK 462A (EY),CC,Childcare Centre,,CLEMENTI AVENUE 3,1.0,1.0,CLEMENTI HEIGHTS,121462,67793135.0,Halimah.Binte.Othman@pcf.org.sg,
201800000418,ST0204,PCF SPARKLETOTS PRESCHOOL @ JURONG SPRING BLK 515 (CC),CC,Childcare Centre,515.0,JURONG WEST STREET 52,1.0,17.0,,640515,65656500.0,KALWANT.KAUR.GURBACHAN.SINGH@PCF.ORG.SG,
201800000419,ST0200,PCF SPARKLETOTS PRESCHOOL @ SENGKANG SOUTH BLK 443 (EY),CC,Childcare Centre,443.0,FERNVALE ROAD,1.0,411.0,FERNVALE VISTA,791443,66366816.0,Faizahhanim.Ahmad@pcf.org.sg,
201900000240,19M0175,ONECARE CLINIC AMK CHENG SAN PTE LTD,HC,Healthcare Institution,531.0,ANG MO KIO AVENUE 10,1.0,2447.0,CHENG SAN CENTRE,560531,63522639.0,angmokio@onecaremedical.com.sg,
201900000244,19M0176,PINNACLE FAMILY CLINIC (SERANGOON NORTH),HC,Healthcare Institution,518.0,SERANGOON NORTH AVENUE 4,,208.0,,550518,62193910.0,wenrui_1@hotmail.com,
201900000245,19M0157,PLATINUM MEDICAL CLINIC AND SURGERY PTE LTD,HC,Healthcare Institution,513.0,YISHUN STREET 51,1.0,3.0,SARACA BREEZE @ YISHUN,760513,69740800.0,,
201600000205,SS20167910,Vision Lab Eyewear Premium Pte Ltd,OS,Optical Shop,53.0,ANG MO KIO AVENUE 3,1.0,4.0,AMK HUB,569933,64842800.0,jingyi@visionlabeyewear.com.sg,
201700000343,SS20188035,BRILLIANT OPTICS,OS,Optical Shop,306.0,UBI AVENUE 1,1.0,209.0,,400306,,brilliantoptics1313@gmail.com,
201700000509,17M0298,ABLE MEDICAL,HC,Healthcare Institution,,TAMPINES STREET 21,1.0,1129.0,,524201,69093955.0,admin@ablemedical.com.sg,
201700000511,17D0296,SMILE DESIGN DENTAL PRACTICE,HC,Healthcare Institution,10.0,JALAN SERENE,2.0,4.0,SERENE CENTRE,258748,64638588.0,INFO@SMILEDESIGNDENTAL.COM.SG,
201700000698,SS20178009,W OPTICS,OS,Optical Shop,10.0,EUNOS ROAD 8,,140.0,SINGAPORE POST CENTRE,408600,67471548.0,singpost@woptics.sg,
201800000638,PT9579,LODESTAR MONTESSORI PRESCHOOL PTE LTD,KN,Kindergarten,23.0,JALAN TELITI,,,,537319,62418985.0,angie@lodestarmontessori.com,
201900000296,SS20198088,KING POTATO EYEWEAR,OS,Optical Shop,328.0,CLEMENTI AVENUE 2,1.0,192.0,,120328,,ELAINEARH1@GMAIL.COM,
201900000323,19D0215,Q & M DENTAL SURGERY (KOVAN) PTE LTD,HC,Healthcare Institution,203.0,HOUGANG STREET 21,1.0,87.0,,530203,62463956.0,helen@qnm.sg,
201900000350,19D0241,Q & M DENTAL SURGERY (CLEMENTI WEST) PTE LTD,HC,Healthcare Institution,725.0,CLEMENTI WEST STREET 2,1.0,206.0,,120725,62611752.0,helen@qnm.sg,
201900000377,19M0259,MAYFAIR MEDICAL CLINIC (YISHUN CHONG PANG),HC,Healthcare Institution,103.0,YISHUN RING ROAD,1.0,73.0,,760103,62352880.0,mayfairmedical.gm@gmail.com,
201900000441,PT9718,SUPERGENIUS PRESCHOOL OASIS PTE. LTD.,CC,Childcare Centre,681.0,PUNGGOL DRIVE,5.0,1.0,,820681,88773233.0,principal.oasis@supergenius.sg,
201900000442,ST0221,PCF SPARKLETOTS PRESCHOOL @ MOULMEIN - CAIRNHILL BLK 10 (DS),CC,Childcare Centre,10.0,GLOUCESTER ROAD,1.0,33.0,,210010,62973354.0,Ong.Bee.Hong@pcf.org.sg,
201900000443,ST0273,PCF SPARKLETOTS PRESCHOOL @ SENGKANG SOUTH BLK 535 (DS),CC,Childcare Centre,535.0,HOUGANG STREET 52,1.0,18.0,,530535,63851030.0,Noraini.Bte.Tabiin@pcf.org.sg,
201900000444,ST0287,PCF SPARKLETOTS PRESCHOOL @ JALAN KAYU BLK 518 (DS),CC,Childcare Centre,518.0,SERANGOON NORTH AVENUE 4,1.0,218.0,,550518,64830353.0,geraldine.shalimah.lee@pcf.org.sg,
201900000445,ST0293,PCF SPARKLETOTS PRESCHOOL @ JALAN KAYU BLK 556 (DS),CC,Childcare Centre,556.0,ANG MO KIO AVENUE 10,1.0,1902.0,,560556,64569714.0,Ida.Iryani.Ramli@pcf.org.sg,
201500000892,EP15108,TLC SPEECH CLINIC PTE LTD,EI,Early Intervention Programmes,101.0,THOMSON ROAD,7.0,1.0,UNITED SQUARE,307591,62503816.0,contact@tlcspeechclinic.com,
201500000894,SS20157886,Tokyo Megane (WS) Pte Ltd,OS,Optical Shop,1.0,PASIR RIS CENTRAL STREET 3,3.0,,White Sands,518457,65817717.0,ricksonchew@yahoo.com,
201500000895,EP15109,THK MORAL CHARITIES LTD (MACPEHRSON),EI,Early Intervention Programmes,121.0,PAYA LEBAR WAY,1.0,2859.0,,381121,68059480.0,faithtan@thkmc.org.sg,
201600000432,EP16115,STEP SINGAPORE PTE LTD,EI,Early Intervention Programmes,9.0,Temasek Boulevard,29.0,1.0,Suntec Tower 2,38989,,info@autismstep.com,
201600000510,PT9306,MINDCHAMPS PRESCHOOL @ CHANGI AIRPORT PTE LTD,CC,Childcare Centre,65.0,AIRPORT BOULEVARD,3.0,22.0,CHANGI AIRPORT TERMINAL 3,819663,90076331.0,SUFANGNG@MINDCHAMPS.ORG,
201600000511,PT9315,LITTLE KINDER MONTESSORI @ PP LLP,CC,Childcare Centre,51.0,CHWEE CHIAN ROAD,,,,119759,91393676.0,principal@littlekindermontessori.com,
201600000549,SS20167942,Tokyo Megane (HF) Pte Ltd,OS,Optical Shop,1.0,MARITIME SQUARE,2.0,,HARBOURFRONT CENTRE,99253,63520533.0,ricksonchew@yahoo.com,
201900000167,SS20198069,W HUB PTE LTD,OS,Optical Shop,205.0,BEDOK NORTH STREET 1,1.0,377.0,,460205,,WHUB@OUTLOOK.SG,
201900000169,19M0121,ADMIRALTY FAMILY MEDICAL CLINIC,HC,Healthcare Institution,693.0,WOODLANDS AVENUE 6,1.0,8.0,,730693,69048894.0,PUNGGOL_AW@HOTMAIL.COM,
201900000271,EP16150,BRIDGING THE GAP PTE. LTD.,EI,Early Intervention Programmes,35.0,ROCHESTER DRIVE,3.0,26.0,"ROCHESTER, THE",138639,69092170.0,sharewithus@bridgingthegap.com.sg,
201900000406,ST0297,PCF SPARKLETOTS PRESCHOOL @ AYER RAJAH BLK 48 (DS),CC,Childcare Centre,48.0,TEBAN GARDENS ROAD,1.0,241.0,,600048,65698256.0,Godge.Archana.Mandar@pcf.org.sg,
201900000407,ST0330,PCF SPARKLETOTS PRESCHOOL @ KEAT HONG BLK 411 (DS),CC,Childcare Centre,411.0,CHOA CHU KANG AVENUE 3,1.0,359.0,,680411,67692092.0,Jessica.LeeML@pcf.org.sg,
201900000408,ST0338,PCF SPARKLETOTS PRESCHOOL @ ADMIRALTY BLK 581 (DS),CC,Childcare Centre,581.0,WOODLANDS DRIVE 16,1.0,486.0,,730581,63146160.0,Azian.Mohd.Stom@pcf.org.sg,
201900000409,ST0344,PCF SPARKLETOTS PRESCHOOL @ ADMIRALTY BLK 687B (DS),CC,Childcare Centre,,WOODLANDS DRIVE 75,1.0,47.0,,732687,63146162.0,Kathleen.OhBN@pcf.org.sg,
201900000410,ST0346,PCF SPARKLETOTS PRESCHOOL @ CANBERRA BLK 330 (DS),CC,Childcare Centre,330.0,SEMBAWANG CLOSE,1.0,383.0,,750330,62570112.0,Ren.Hao.Daniel.Ho@pcf.org.sg,
201900000411,ST0356,PCF SPARKLETOTS PRESCHOOL @ NEE SOON SOUTH BLK 875 (DS),CC,Childcare Centre,875.0,YISHUN ST 81,1.0,175.0,,760875,67593514.0,Ong.Geok.Mui@pcf.org.sg,
201900000412,ST0371,PCF SPARKLETOTS PRESCHOOL @ NEE SOON EAST BLK 671 (DS),CC,Childcare Centre,671.0,YISHUN AVENUE 4,1.0,1.0,,760671,64813512.0,Esther.AwYongBL@pcf.org.sg,
201700000356,SS20177994,CLEAR VISION OPTOMETRIST,OS,Optical Shop,818.0,CHOA CHU KANG AVENUE 1,1.0,11.0,KEAT HONG MIRAGE,680818,67608825.0,2020visionoptom@gmail.com,
201700000357,SS20177978,SPECTACLE HUT BOUTIQUE,OS,Optical Shop,391.0,ORCHARD ROAD,,27.0,"TAKASHIMAYA S.C, NGEE ANN CITY",238872,,doreen@spectaclehut.com.sg,
201900000028,EB0017,E-BRIDGE PRE-SCHOOL PTE LTD,CC,Childcare Centre,140.0,CORPORATION DRIVE,1.0,7.0,,610140,63363322.0,CORPORATION@E-BRIDGE.EDU.SG,
201900000041,SS20198064,VIDERE EYECARE PTE LTD,OS,Optical Shop,583.0,ORCHARD ROAD,1.0,26.0,FORUM,238884,,forum@videre-eyecare.com.sg,
201900000252,19D0128,SUNSHINE DENTAL,HC,Healthcare Institution,371.0,BEACH ROAD,2.0,12.0,CITY GATE,199597,69741800.0,,
201900000256,19D0154,TRUST DENTAL SURGERY PTE. LTD.,HC,Healthcare Institution,491.0,JURONG WEST AVENUE 1,1.0,171.0,JURONGVILLE @ AVE 1,640491,67632528.0,drwong@trustdentalsurgery.com,
201900000257,19M0178,TUAS SOUTH MEDICAL CENTRE,HC,Healthcare Institution,6.0,TUAS SOUTH STREET 15,1.0,103.0,CDPL (TUAS) DORMITORY,636906,98201646.0,mail@tuasmedical.com,
201900000342,19D0230,Q & M DENTAL SURGERY (TANJONG KATONG) PTE LTD,HC,Healthcare Institution,11.0,TANJONG KATONG ROAD,,13.0,KINEX,437157,62416562.0,helen@qnm.sg,
201900000343,19D0232,RAFFLESDENTAL,HC,Healthcare Institution,1.0,SCOTTS ROAD,4.0,,SHAW CENTRE,228208,68380070.0,d_shawcentre@rafflesmedical.com,
201600000374,SS20167927,H2 HUB EYEWEAR,OS,Optical Shop,205.0,BEDOK NORTH STREET 1,1.0,377.0,,460205,64487858.0,enyiwoo@h2hub.com.sg,
201600000381,PT9304,LITTLE FOOTPRINTS PRESCHOOL PTE LTD,CC,Childcare Centre,,COMPASSVALE LANE,1.0,39.0,,541205,62436629.0,mathi.bavani@littlefootprints.com.sg,
201600000395,PT9298,GLOBAL TOTS @ ADMIRALTY PTE LTD,CC,Childcare Centre,12.0,ADMIRALTY ROAD EAST,,,,759992,67554647.0,ADMIRALTY@GLOBALTOTS.COM.SG,
201600000406,16D0242,POLYGEMS (PG) DENTAL CARE PTE. LTD.,HC,Healthcare Institution,305.0,WOODLANDS STREET 31,1.0,87.0,,730305,63622204.0,,
201600000548,SS20167944,Vision Lab Eyewear Premium Pte Ltd,OS,Optical Shop,7.0,Wallich Street,,24.0,Tanjong Pagar Centre,78884,63868128.0,jingyi@visionlabeyewear.com.sg,
201600000550,SS20167943,Spectacle Hut Pte Ltd,OS,Optical Shop,1.0,SENGKANG SQUARE,2.0,8.0,COMPASS ONE,545078,63367717.0,shsco@singnet.com.sg,
201600000551,SS20167946,Chew's Optics,OS,Optical Shop,144.0,TECK WHYE LANE,1.0,211.0,,680144,67601895.0,chewoptics@gmail.com,
201700000083,MCPHA1700074,GUARDIAN PHARMACY (TAI SENG STREET),PH,Pharmacy,18.0,TAI SENG STREET,1.0,,18 TAI SENG,539775,68918321.0,wjtan@guardian.com.sg,
201700000084,MCPHA1700073,GUARDIAN PHARMACY (WESTGATE),PH,Pharmacy,3.0,GATEWAY DRIVE,,20.0,WESTGATE,608532,68918321.0,wjtan@guardian.com.sg,
201700000086,PT9355,ILHAM CHILD CARE (EAST) PTE LTD,CC,Childcare Centre,1.0,UBI VIEW,1.0,20.0,FOCUS ONE,408555,67496323.0,PRINCIPAL@ILHAMCHILDCARE.COM,
201800000642,18M0371,EDGEDALE MEDICAL CLINIC (CAMBRIDGE),HC,Healthcare Institution,40.0,CAMBRIDGE ROAD,1.0,115.0,,210040,62921088.0,edgedalecliniccambridge@gmail.com,
201800000644,18M0369,PHOENIX MEDICAL GROUP ( CACTUS ),HC,Healthcare Institution,7.0,ANG MO KIO STREET 66,1.0,17.0,FLORAVISTA,567708,67639185.0,LYNYANG@PHOENIXMEDICAL.SG,
201900000011,MCPH1800877,WATSON'S PERSONAL CARE STORES PTE LTD (POIZ CENTRE),PH,Pharmacy,51.0,UPPER SERANGOON ROAD,1.0,,THE POIZ CENTRE,347697,,sherlin.toh@watsons.com.sg,
201900000024,19D0017,CLEAR DENTAL CLINIC,HC,Healthcare Institution,38.0,TEBAN GARDENS ROAD,1.0,320.0,,600038,62599650.0,CLEARDENTALTEBAN@GMAIL.COM,
201900000132,19M0093,W MEDICAL,HC,Healthcare Institution,365.0,SEMBAWANG CRESCENT,1.0,6.0,,750365,62731246.0,ganweilin@gmail.com,
201800000448,SS20188043,CHINATOWN OPTICS,OS,Optical Shop,133.0,NEW BRIDGE ROAD,1.0,19.0,CHINATOWN POINT,59413,65383376.0,JOEY.ER@FRAMESLENSES.COM,
201800000459,SS20188047,CANBERRA OPTICS,OS,Optical Shop,105.0,CANBERRA STREET,1.0,4.0,,750105,62526624.0,sinlip2005@yahoo.com.sg,
201900000450,ST0354,PCF SPARKLETOTS PRESCHOOL @ NEE SOON CENTRAL BLK 646 (DS),CC,Childcare Centre,646.0,YISHUN STREET 61,1.0,354.0,,760646,62571146.0,Sulasteri.Bte.Sakiman@pcf.org.sg,
201900000452,SS20198098,J GLASSES PTE LTD,OS,Optical Shop,10.0,PAYA LEBAR ROAD,3.0,17.0,PLQ MALL,409057,69709488.0,henrytan79@hotmail.com,
201900000458,MCPHA1900422,GUARDIAN PHARMACY (VIVO),PH,Pharmacy,1.0,HARBOURFRONT WALK,2.0,79.0,VIVO CITY,98585,62614776.0,gviv@guardian.com.sg,
201900000459,MCPH1900428,UNITY BY FAIRPRICE THOMSON PLAZA (UTSZ),PH,Pharmacy,301.0,UPPER THOMSON ROAD,1.0,,THOMSON PLAZA,574408,,mutsz@fairprice.com.sg,
201900000461,19D0296,BRIGHT SMILE DENTAL SURGERY (BUANGKOK MRT) PTE LTD,HC,Healthcare Institution,10.0,SENGKANG CENTRAL,1.0,2.0,BUANGKOK MRT STATION,545061,67059888.0,helen@qnm.sg,
201900000463,19M0295,Q & M MEDICAL CLINIC (BUANGKOK MRT) PTE. LTD.,HC,Healthcare Institution,10.0,SENGKANG CENTRAL,1.0,2.0,BUANGKOK MRT STATION,545061,62429133.0,foosj@qandm.com.sg,
201900000465,ST0369,PCF SPARKLETOTS PRESCHOOL @ KEAT HONG BLK 801 (DS),CC,Childcare Centre,801.0,KEAT HONG CLOSE,1.0,1.0,,680801,68910214.0,anooradha@pcf.org.sg,
201500000727,PT9205,LITTLE PETALS PRESCHOOL PTE. LTD.,CC,Childcare Centre,6.0,YISHUN INDUSTRIAL STREET 1,1.0,6.0,NORTH VIEW BIZHUB,768090,66352520.0,JOHN@LITTLEPETALS.SG,
201500000735,15M0320,ONECARE CLINIC BUKIT PANJANG,HC,Healthcare Institution,547.0,SEGAR ROAD,1.0,5.0,MULTI STOREY CAR PARK,670547,62508533.0,onecare.bukitpanjang@gmail.com,
201500000751,15M0338,ACCESS MEDICAL (WHAMPOA),HC,Healthcare Institution,87.0,WHAMPOA DRIVE,1.0,869.0,,320087,62521070.0,,
201500000839,YM0164,MY WORLD PRESCHOOL LTD.,CC,Childcare Centre,,UPPER SERANGOON VIEW,1.0,534.0,,533476,63853461.0,CCUSR.VIEW@MYWORLD.ORG.SG,
201500000840,ST0155,PCF SPARKLETOTS PRESCHOOL @ NANYANG BLK 825 (CC),CC,Childcare Centre,825.0,JURONG WEST STREET 81,1.0,414.0,,640825,67920225.0,Teo.Su.Lyn@pcf.org.sg,
201500000841,PT9224,RAINBOW COVE @ SENNETT PTE. LTD.,CC,Childcare Centre,21.0,SENNETT LANE,,,,466912,62462387.0,shelyn.rainbowcove@gmail.com,
201500000842,SK0008,SKOOL4KIDZ CENTRE,CC,Childcare Centre,,ANCHORVALE CRESCENT,1.0,38.0,,542336,67025186.0,SKAC@skool4kidz.com.sg,
201600000053,16M0027,THE FAMILY PRACTICE@ SKYVILLE,HC,Healthcare Institution,85.0,DAWSON ROAD,1.0,6.0,,141085,62551382.0,tfp.skyville@gmail.com,
201800000428,18M0246,ACCESS MEDICAL (BRADDELL),HC,Healthcare Institution,124.0,LORONG 1 TOA PAYOH,1.0,489.0,,310124,67478180.0,accessmedicalpl@gmail.com,
201900000184,EP16147,MINDCHAMPS ALLIED CARE @ EAST COAST PTE. LIMITED,EI,Early Intervention Programmes,136.0,TEMBELING ROAD,,,,423645,,kevinsuryadi@mindchamps.org,
201900000413,ST0372,PCF SPARKLETOTS PRESCHOOL @ TOA PAYOH WEST - BALESTIER BLK 131 (DS),CC,Childcare Centre,131.0,LORONG 1 TOA PAYOH,3.0,1.0,,310131,62589068.0,chia.see.choo@pcf.org.sg,
201900000414,ST0374,PCF SPARKLETOTS PRESCHOOL @ HONG KAH NORTH BLK 446 (DS),CC,Childcare Centre,446.0,BUKIT BATOK WEST AVENUE 8,2.0,1.0,,650446,98516616.0,Simarjeet.Kaur.Harbajan@pcf.org.sg,
201900000415,ST0381,PCF SPARKLETOTS PRESCHOOL @ KOLAM AYER BLK 26B (CC),CC,Childcare Centre,,ST. GEORGE'S LANE,,,ST GEORGE'S TOWERS,322026,62444600.0,Kalamathy.Miniandi@PCF.org.sg,
201900000416,YM0183,MY WORLD PRESCHOOL LTD,CC,Childcare Centre,460.0,BUKIT BATOK WEST AVENUE 9,1.0,1.0,MULTI STOREY CAR PARK,650460,69178944.0,ccwest.quarrybb@myworld.org.sg,
201500000737,15M0323,VIVA MEDICAL GROUP (WESTSIDE),HC,Healthcare Institution,154.0,WEST COAST ROAD,1.0,81.0,WEST COAST PLAZA,127371,67779069.0,tanclinicandsurgery@gmail.com,
201500000745,15M0327,MINDCHAMPS MEDICAL CLINIC,HC,Healthcare Institution,11.0,TANJONG KATONG ROAD,2.0,3.0,ONE KM,437157,63845644.0,medical.onekm@mindchamps.org,
201500000746,15M0326,MY EYE SPECIALIST & RETINA SURGEON,HC,Healthcare Institution,38.0,IRRAWADDY ROAD,10.0,42.0,MOUNT ELIZABETH NOVENA SPECIALIS,329563,62508421.0,aceeyeretina@gmail.com,
201500000748,15M0325,THE EYECLINIC BY DR CHERYL LEE,HC,Healthcare Institution,,ORCHARD ROAD,4.0,,MANDARIN GALLERY,238897,62355833.0,,
201500000912,15D0422,CASA DENTAL (HOLLAND),HC,Healthcare Institution,45.0,HOLLAND DRIVE,1.0,353.0,,270045,68730451.0,casadental.management@gmail.com,
201600000029,PT9235,LITTLE GEMS PRESCHOOL PTE LTD,CC,Childcare Centre,3.0,ANG MO KIO STREET 62,1.0,9.0,LINK@AMK,569139,62537009.0,contact@littlegemspreschool.sg,
201600000190,16M0109,ADELPHI PSYCH MEDICINE CLINIC,HC,Healthcare Institution,1.0,COLEMAN STREET,4.0,32.0,THE ADELPHI,179803,62509833.0,hello@adelphipsych.sg,
201600000191,16M0106,HEALTHMARK FAMILY CLINIC (WATERWAY),HC,Healthcare Institution,671.0,EDGEFIELD PLAINS,2.0,4.0,,820671,63849632.0,,
201500000797,15M0356,DR.W FAMILY CLINIC,HC,Healthcare Institution,8.0,EMPRESS ROAD,1.0,9.0,,260008,4754262.0,,
201500000815,15M0368,STANDARD CLINIC & SURGERY,HC,Healthcare Institution,261.0,PUNGGOL WAY,1.0,5.0,MULTI STOREY CAR PARK,820261,64441950.0,,
201500000855,15D0388,NEUGEN DENTAL,HC,Healthcare Institution,631.0,BEDOK RESERVOIR ROAD,1.0,978.0,,470631,64448915.0,admin@neugendental.com,
201500000866,15M0397,PROHEALTH MEDICAL GROUP @ HOUGANG PTE LTD,HC,Healthcare Institution,,UPPER SERANGOON VIEW,2.0,4.0,,537476,63847662.0,prohealthhg@phmgpl.com,
201500000868,15D0398,TEETH. Q DENTAL SURGEONS @ HOUGANG GREEN,HC,Healthcare Institution,21.0,HOUGANG STREET 51,1.0,21.0,HOUGANG GREEN SHOPPING MALL,538719,63855745.0,,
201500000871,15M0399,WELLNESS & GYNAECOLOGY CENTRE BY DR JULINDA LEE,HC,Healthcare Institution,290.0,ORCHARD ROAD,16.0,,PARAGON,238859,62352152.0,regulatory@smg.sg,
201800000116,PT9446,WCHESTER PRESCHOOLERS PTE LTD,CC,Childcare Centre,1.0,KAY SIANG ROAD,1.0,1.0,,248922,67370643.0,welcome@winchester.school,
201800000122,PT9456,SPRING BRAINY KIDZ (BUKIT BATOK) PTE LTD,CC,Childcare Centre,,BUKIT BATOK STREET 22,1.0,56.0,SKYLINE II @ BUKIT BATOK,651296,66554128.0,springbrainykidzbb@gmail.com,
201500000719,15D0310,LUMINOUS DENTAL CLINIC @ 821 TAMPINES,HC,Healthcare Institution,821.0,TAMPINES STREET 81,1.0,226.0,,520821,66363080.0,rebecca.tan@luminousdentalgroup.com,
201500000720,15D0313,NUFFIELD DENTAL SERANGOON GARDENS,HC,Healthcare Institution,57.0,SERANGOON GARDEN WAY,,,SERANGOON GARDEN ESTATE,555953,62807909.0,,
201500000786,15D0350,FIRST AVENUE DENTAL SURGERY,HC,Healthcare Institution,301.0,UBI AVENUE 1,1.0,237.0,,400301,67451182.0,firstavenuedentalsurgery@gmail.com,
201500000909,15D0420,DENTAL FOCUS BENDEMEER CLINIC,HC,Healthcare Institution,30.0,BENDEMEER ROAD,1.0,883.0,,330030,62966848.0,BENDEMEER@SMILESDFI.COM,
201500000910,15C0418,LIFE FAMILY CLINIC,HC,Healthcare Institution,713.0,ANG MO KIO AVE 6,1.0,4052.0,,560713,64563535.0,drlimks@lifefamilyclinic.com,
201500000911,15D0419,SHUANG DENTISTRY,HC,Healthcare Institution,,YISHUN AVENUE 9,1.0,284.0,YISHUN GREENWALK,762317,62030010.0,enquiry@shuangdentistry.com.sg,
201600000089,PT9257,SUPERLAND PRE-SCHOOL (UE SQUARE) PTE. LTD.,CC,Childcare Centre,,CLEMENCEAU AVENUE,4.0,15.0,UE SQUARE,239918,62356898.0,UESQUARE@SUPERLAND.SG,
201600000090,ST0365,PCF SPARKLETOTS PRESCHOOL @ PUNGGOL WEST BLK 308B (DS),KN,Kindergarten,,PUNGGOL WALK,1.0,364.0,,822308,64448032.0,Serene.NgSH@pcf.org.sg,
201600000091,ST0366,PCF SPARKLETOTS PRESCHOOL @ BEDOK RESERVOIR-PUNGGOL BLK 475C (DS),KN,Kindergarten,,UPPER SERANGOON CRESCENT,1.0,547.0,,533475,63855687.0,Nurhaseena.Chin@pcf.org.sg,
201600000094,RC1778,NEW LIFE COMMUNITY SERVICES,CC,Childcare Centre,1.0,WOODLANDS ROAD,4.0,2.0,TEN MILE JUNCTION,677899,68920084.0,enquiry.j10cc@newlife.org.sg,
201600000102,PT9256,ACEKIDZ @ LAKEVISTA PTE. LTD.,CC,Childcare Centre,138.0,YUAN CHING ROAD,,,LAKE VISTA @ YUAN CHING,610138,64932456.0,LAKEVISTA@ACEKIDZ.SG,
201800000617,PT9521,LITTLE PADDINGTON PRESCHOOL EC PTE LTD,CC,Childcare Centre,,JALAN ULU SIGLAP,,,,457184,62803007.0,ADMIN@LITTLEPADDINGTON.COM,
201800000624,PT9523,GUG PRESCHOOL @ TAMPINES PTE LTD,CC,Childcare Centre,300.0,TAMPINES AVENUE 5,7.0,1.0,INCOME AT TAMPINES JUNCTION,529653,67884722.0,adil.goh@gugifted.com,
201900000309,PT9696,KIDSCAMPUS (CHANGI SIMEI) PTE LTD,CC,Childcare Centre,10.0,SIMEI STREET 2,4.0,1.0,,529915,62261126.0,INFO@KIDSCAMPUS.SG,
201900000310,MCPHA1900352,GUARDIAN PHARMACY (ANG MO KIO HUB),PH,Pharmacy,53.0,ANG MO KIO AVENUE 3,,,AMK HUB,569933,62354973.0,gamk@guardian.com.sg,
201900000311,MCPH1900344,WATSON'S PERSONAL CARE STORES PTE LTD (PAYA LEBAR QUARTER),PH,Pharmacy,10.0,PAYA LEBAR ROAD,2.0,19.0,,409057,65920357.0,helena.hor@watsons.com.sg,
201500000820,15M0373,NAAMAN SKIN & LASER CENTRE,HC,Healthcare Institution,10.0,SINARAN DRIVE,10.0,16.0,NOVENA MEDICAL CENTER SQUARE 2,307506,63972833.0,naamanclinic@gmail.com,
201500000917,PT9245,LITTLE FOOTPRINTS PRESCHOOL @ PUNGGOL BEACH PTE LTD,CC,Childcare Centre,33.0,PONGGOL TWENTY-FOURTH AVENUE,,,,829498,64257677.0,mindy.chng@nurture.com.sg,
201600000202,16D0115,G DENTAL CENTER,HC,Healthcare Institution,25.0,GHIM MOH LINK,1.0,4.0,GHIM MOH VALLEY,270025,62621580.0,gsmilestaff@gmail.com,
201600000225,16D0127,KONG DENTAL SURGERY,HC,Healthcare Institution,475.0,CHOA CHU KANG AVENUE 3,2.0,6.0,SUNSHINE PLACE,680475,64932587.0,sunshine@kongdental.com,
201600000226,16M0131,LYNNE LIM EAR NOSE THROAT AND HEARING CENTRE (CHILD & ADULT),HC,Healthcare Institution,1.0,FARRER PARK STATION ROAD,15.0,2.0,CONNEXION,217562,67020990.0,enquiry@drlynnelim.com,
201600000228,16M0125,UNIHEALTH 24-HR CLINIC (TOA PAYOH),HC,Healthcare Institution,178.0,TOA PAYOH CENTRAL,1.0,218.0,,310178,62031639.0,admin@unihealthclinic.com,
201600000238,16M0134,PROVIDENCE CLINIC @ BALESTIER,HC,Healthcare Institution,400.0,BALESTIER ROAD,1.0,45.0,BALESTIER PLAZA,329802,62550063.0,,
201600000240,16M0137,TEMASEK CLINIC & SURGERY,HC,Healthcare Institution,73.0,BEDOK SOUTH AVENUE 3,1.0,460.0,,460073,64436113.0,temasekclinic@fastmail.fm,
201600000241,16C0136,YSL BEDOK CLINIC & SURGERY,HC,Healthcare Institution,539.0,BEDOK NORTH STREET 3,1.0,631.0,,460539,62452684.0,yslbedok@singnet.com.sg,
201600000255,16M0147,AE MEDICAL CLINIC,HC,Healthcare Institution,,FERNVALE LINK,1.0,529.0,,792467,68162900.0,,
201600000262,16D0151,ANG MO KIO 10 DENTAL,HC,Healthcare Institution,532.0,ANG MO KIO AVENUE 10,1.0,2485.0,CHENG SAN CENTRE,560532,64524086.0,,
201700000355,PT9384,MULBERRY MARYMOUNT PTE LTD,CC,Childcare Centre,38.0,JALAN PEMIMPIN,1.0,5.0,WISDOM INDUSTRIAL BUILDING,577178,62663239.0,DANIEL.SIM@MULBERRYLEARNING.COM,
201800000592,PT9520,MAPLE BEAR EDUCARE PTE. LTD.,CC,Childcare Centre,1.0,JALAN TAMAN,,,ST. MICHAEL'S PLACE,329022,81639818.0,STMICHAEL@MAPLEBEAR.SG,
201800000594,PT9505,MINDCHAMPS PRESCHOOL @ NORDCOM II PTE. LIMITED,CC,Childcare Centre,2.0,GAMBAS CRESCENT,1.0,26.0,NORDCOM TWO,757044,69046026.0,sg.psnordcom2.principal@mindchamps.org,
201800000631,SS20188062,SK OPTIC,OS,Optical Shop,1.0,QUEENSWAY,1.0,,QUEENSWAY SHOPPING CENTRE,149053,,skoptic.sales@gmail.com,
201900000097,19M0066,BOON LAY CORPORATION CLINIC,HC,Healthcare Institution,350.0,JURONG EAST AVENUE 1,1.0,1225.0,,600350,68994569.0,hmgblcp@healthwaymedical.com,
201900000123,19M0086,VITAL-CARE CLINIC AND SURGERY PTE LTD,HC,Healthcare Institution,525.0,ANG MO KIO AVENUE 10,1.0,2399.0,CHENG SAN CENTRE,560525,62565154.0,vcare.amk@gmail.com,
201900000151,PT9543,CAMBRIDGE @ MACPHERSON PTE LTD,CC,Childcare Centre,50.0,MACPHERSON ROAD,1.0,1.0,AMAZANA,348471,67411508.0,LULEEYAP@HOTMAIL.COM,
201900000294,PT9688,CAPELLA PRESCHOOL PTE. LTD.,CC,Childcare Centre,4.0,SIMS DRIVE,1.0,70.0,SIMS URBAN OASIS,387387,69244091.0,SAYHELLO@CAPELLAPRESCHOOL.COM,
201900000295,PT9689,BRILLIANT TOTS JUNIOR PTE LTD,CC,Childcare Centre,24.0,CHEONG CHIN NAM ROAD,,,ANGSANA HOUSE,599747,69085024.0,fadillah.brillianttots@gmail.com,
201600000105,PT9248,SAFARI HOUSE PRESCHOOL RIVER VALLEY,CC,Childcare Centre,370.0,RIVER VALLEY ROAD,,,,248279,66844150.0,rv@safarihouse.com,
201600000109,PT9255,SUNFLOWER PRESCHOOL @ FRANKEL PTE LTD,CC,Childcare Centre,50.0,FRANKEL AVENUE,,,FRANKEL ESTATE,458177,63480311.0,DORIS-STAR@HOTMAIL.COM,
201600000121,16D0056,Q & M DENTAL SURGERY (BISHAN),HC,Healthcare Institution,502.0,BISHAN STREET 11,1.0,350.0,,570502,62555228.0,,
201600000122,ST0367,PCF SPARKLETOTS PRESCHOOL @ PUNGGOL NORTH BLK 663A (DS),KN,Kindergarten,,PUNGGOL DRIVE,1.0,260.0,,821663,97880637.0,Png.kim.yang@pcf.org.sg,
201600000138,EB0009,E-BRIDGE PRE-SCHOOL PTE LTD,CC,Childcare Centre,78.0,EDGEDALE PLAINS,,,,828683,64812680.0,EDGEDALE@E-BRIDGE.EDU.SG,
201600000204,PT9270,SMILING STAR FOUR SEASONS PTE LTD,CC,Childcare Centre,635.0,JURONG WEST STREET 65,1.0,334.0,,640635,90260368.0,JIMMY.NEW@SMILINGSTAR.COM.SG,
201600000251,SK0010,SKOOL4KIDZ CENTRE,CC,Childcare Centre,61.0,YISHUN AVENUE 11,,,,768866,62572456.0,ysc@skool4kidz.com.sg,
201600000259,PT9587,CALLIDUS PRESCHOOL,KN,Kindergarten,229.0,BISHAN STREET 23,,53.0,,570229,64552577.0,calliduspreschool@gmail.com,
201600000268,PT9268,MAPLEBEAR KIDS HOUSE PTE. LTD.,CC,Childcare Centre,207.0,BALESTIER ROAD,3.0,1.0,,329683,69010272.0,BUKITBATOK@MAPLEBEAR.SG,
201600000269,YM0165,MY WORLD PRESCHOOL LTD.,CC,Childcare Centre,55.0,TEBAN GARDENS ROAD,1.0,455.0,TEBAN VIEW,600055,62624688.0,CCTBG@MYWORLD.ORG.SG,
201600000279,PT9283,KIDSCAMPUS WHAMPOA PTE LTD,CC,Childcare Centre,300.0,WHAMPOA DRIVE,1.0,2.0,WHAMPOA COMMUNITY CLUB,327737,63528232.0,info@littlecampus.com.sg,
201600000289,16M0168,RAFFLESMEDICAL,HC,Healthcare Institution,118.0,HOLLAND AVENUE,5.0,,RAFFLES HOLLAND V,278997,62501411.0,hollandv@rafflesmedical.com,
201600000299,16D0176,ADVANCED DENTAL CLINIC WHAMPOA PTE LTD,HC,Healthcare Institution,88.0,WHAMPOA DRIVE,1.0,853.0,,320088,63520828.0,,
201600000082,EP15111,PHYSIO AND SOLE CLINIC (TANGLIN) PTE LTD,EI,Early Intervention Programmes,19.0,TANGLIN ROAD,5.0,19.0,TANGLIN SHOPPING CENTRE,247909,67360519.0,fiona@physioandsole.com,
201900000304,NT0591,MY FIRST SKOOL,CC,Childcare Centre,438.0,BUKIT BATOK WEST AVENUE 8,1.0,2.0,,650438,66349989.0,info@myfirstskool.com,
201600000174,SS20167919,PERCEPTION @ BOON LAY PTE LTD,OS,Optical Shop,221.0,BOON LAY PLACE,1.0,218.0,BOON LAY SHOPPING CENTRE,640221,62641507.0,SOONPEOW@GMAIL.COM,
201600000266,PT9291,APOLLO INTERNATIONAL PRESCHOOL PRIVATE LIMITED,CC,Childcare Centre,44.0,LIMAU GARDEN,,,BEDOK PARK,467903,62090946.0,terese.teo@apollointernationalpreschool.com.sg,
201600000270,16M0154,EAGLE EYE CENTRE,HC,Healthcare Institution,3.0,GATEWAY DRIVE,2.0,,WESTGATE,608532,62550002.0,ailing.kiak@gmail.com,
201600000274,16C0161,KILLINEY MEDICAL CLINIC,HC,Healthcare Institution,61.0,KILLINEY ROAD,,,,239522,67362998.0,lilian@qualitashealth.com,
201600000276,16M0158,RAFFLESMEDICAL,HC,Healthcare Institution,20.0,AIRPORT BOULEVARD,,,SATS INFLIGHT CATERING CENTRE 1,819659,63861203.0,inhousesats@rafflesmedical.com,
201600000315,16M0188,ONECARE CLINIC TIONG BAHRU,HC,Healthcare Institution,,BOON TIONG ROAD,1.0,8.0,,161011,63582568.0,,
201600000318,16M0190,DR. TAN & PARTNERS @ KATONG,HC,Healthcare Institution,184.0,EAST COAST ROAD,,,,428890,66352551.0,,
201600000333,16D0197,ADVANCED DENTAL CLINIC EAST COAST PTE LTD,HC,Healthcare Institution,17.0,BEDOK SOUTH ROAD,1.0,569.0,,460017,66046646.0,,
201600000351,16M0210,PLUSHEALTH MEDICAL CLINIC & SURGERY,HC,Healthcare Institution,89.0,WHAMPOA DRIVE,1.0,841.0,,320089,62647845.0,,
201600000361,16D0218,M DENTAL (PASIR RIS) PTE LTD,HC,Healthcare Institution,735.0,PASIR RIS STREET 72,2.0,326.0,PASIR RIS WEST PLAZA,510735,65848160.0,mdental.pr@gmail.com,
201600000366,16M0223,THE ENT SPECIALIST CENTRE,HC,Healthcare Institution,820.0,THOMSON ROAD,7.0,65.0,MOUNT ALVERNIA MEDICAL CENTRE,574623,62588638.0,,
201900000047,PT9542,KIDDWINKIE SCHOOLHOUSE PTE. LTD.,CC,Childcare Centre,15.0,SCOTTS ROAD,2.0,1.0,THONG TECK BUILDING,228218,68750444.0,chongpeng.lim@nurture.com.sg,
201900000048,PT9536,MAPLE BEAR LEARNING PLACE PTE. LTD.,CC,Childcare Centre,1.0,WEST COAST DRIVE,1.0,57.0,NEWEST,128020,64635733.0,WESTCOAST@MAPLEBEAR.SG,
201900000049,PT9540,STAR LEARNERS @ CCK CENTRAL PTE LTD,CC,Childcare Centre,229.0,CHOA CHU KANG CENTRAL,1.0,139.0,,680229,62500173.0,MENGWEI.TAN@STARLEARNERS.COM.SG,
201900000050,PT9534,SUPERGENIUS PRESCHOOL HBB PTE. LTD.,CC,Childcare Centre,11.0,BEDOK NORTH STREET 1,1.0,1.0,HEARTBEAT @ BEDOK,469662,88113233.0,principal.hbb@supergenius.sg,
201900000051,PT9545,"WHITE LODGE, UPPER EAST COAST PTE LTD",CC,Childcare Centre,36.0,TOH DRIVE,,,,507889,65431802.0,UEC@WHITELODGE.EDU.SG,
201900000052,PT9538,"WHITE LODGE, UPPER BUKIT TIMAH PTE. LTD.",CC,Childcare Centre,1.0,JALAN SIAP,,,FUYONG ESTATE,678541,63145481.0,UBT@WHITELODGE.EDU.SG,
201900000426,PT9716,GUG PRESCHOOL @ KATONG PTE LTD,CC,Childcare Centre,30.0,EAST COAST ROAD,3.0,6.0,VILLAGE HOTEL KATONG,428751,84682099.0,zhangjing@gugifted.com,
201900000428,ST0267,PCF SPARKLETOTS PRESCHOOL @ TAMPINES - CHANGKAT BLK 106 (DS),CC,Childcare Centre,106.0,TAMPINES STREET 11,1.0,333.0,,521106,67885334.0,Yap.Chwee.Luan@pcf.org.sg,
201900000429,ST0329,PCF SPARKLETOTS PRESCHOOL @ KEAT HONG BLK 295 (DS),CC,Childcare Centre,295.0,CHOA CHU KANG AVENUE 2,1.0,169.0,,680295,67629925.0,Li.Chen.Toh@pcf.org.sg,
201900000430,ST0370,PCF SPARKLETOTS PRESCHOOL @ BUKIT TIMAH BLK 312B (DS),CC,Childcare Centre,,CLEMENTI AVENUE 4,1.0,181.0,,122312,62642678.0,Siti.Raudha.Mansor@pcf.org.sg,
201500000900,CPE768039,GEMS WORLD ACADEMY (SINGAPORE) PTE. LTD,KP,CPE Kindergarten,2.0,YISHUN STREET 42,,,,768039,,donil.manjali@gemseducation.com,
201600000162,PT9277,CAMELOT INTERNATIONAL INFANT CARE PTE LTD,CC,Childcare Centre,301.0,SERANGOON AVENUE 2,1.0,342.0,CHUAN VILLAGE,550301,62820608.0,principal@camelotinfant.com,
201600000362,ST0168,PCF SPARKLETOTS PRESCHOOL@SENGKANG WEST BLK 469B (EY),CC,Childcare Centre,,SENGKANG WEST WAY,1.0,614.0,FERNVALE LEA,792469,64436772.0,Wan.Yi.Yaw@PCF.Org.sg,
201600000373,NT0565,MY FIRST SKOOL,CC,Childcare Centre,,FAJAR ROAD,1.0,92.0,FAJAR HILLS,671443,66349989.0,INFO@MYFIRSTSKOOL.COM,
201600000461,PT9305,LITTLE PADDINGTON PRESCHOOL TANGLIN PTE LTD,CC,Childcare Centre,236.0,TURF CLUB ROAD,0.0,0.0,,287985,64630327.0,office.turfclub@littlepaddington.com,
201600000498,PT9308,CHILDREN'S VINEYARD PRESCHOOL PTE. LTD,CC,Childcare Centre,37.0,JALAN PEMIMPIN,1.0,3.0,MAPEX,577177,69090069.0,adminp@childrensvineyard.com,
201600000499,KM0008,MOE KINDERGARTEN @ WEST SPRING,KN,Kindergarten,60.0,BUKIT PANJANG RING ROAD,,,WEST SPRING PRIMARY SCHOOL,679946,63144192.0,mk_westspring@moe.edu.sg,
201600000500,KM0009,MOE KINDERGARTEN @ FRONTIER,KN,Kindergarten,20.0,JURONG WEST STREET 61,,,FRONTIER PRIMARY SCHOOL,648200,67895557.0,Barbara_ONG@schools.gov.sg,
201600000501,KM0006,MOE KINDERGARTEN @ PUNGGOL GREEN,KN,Kindergarten,98.0,PUNGGOL WALK,,,PUNGGOL GREEN PRIMARY SCHOOL,828772,64438335.0,mk_punggolgreen@moe.edu.sg,
201600000502,KM0007,MOE KINDERGARTEN @ SENGKANG GREEN,KN,Kindergarten,15.0,FERNVALE ROAD,,,SENGKANG GREEN PRIMARY SCHOOL,797636,62416640.0,mk_sengkanggreen@moe.edu.sg,
201600000503,KM0010,MOE KINDERGARTEN @ HUAMIN,KN,Kindergarten,21.0,YISHUN AVENUE 11,0.0,0.0,HUAMIN PRIMARY SCHOOL,768857,67107874.0,mirzahana_mohdar@schools.gov.sg,
202000000006,SS20208112,V'SION EYEWEAR,OS,Optical Shop,144.0,UPPER BUKIT TIMAH ROAD,1.0,38.0,BEAUTY WORLD CENTRE,588177,62197216.0,mike5860@hotmail.com,
202000000016,ST0230,PCF SPARKLETOTS PRESCHOOL @ POTONG PASIR BLK 143 (DS),CC,Childcare Centre,143.0,POTONG PASIR AVENUE 2,1.0,24.0,,350143,62881720.0,Tan.Lay.Yen@pcf.org.sg,
202000000026,ST0283,PCF SPARKLETOTS PRESCHOOL @ SENGKANG CENTRAL BLK 277B (EY),CC,Childcare Centre,,COMPASSVALE LINK,1.0,264.0,,542277,65563209.0,Vanitha.Hariram@pcf.org.sg,
202000000022,ST0276,PCF SPARKLETOTS PRESCHOOL @ ANG MO KIO - HOUGANG BLK 970 (DS),CC,Childcare Centre,970.0,HOUGANG STREET 91,1.0,152.0,,530970,63840064.0,Fanny.Mary.Chan@pcf.org.sg,
202000000058,PT9733,AKARUI EARLY YEARS LEARNING CENTRE PTE. LTD.,CC,Childcare Centre,24.0,PECK SEAH STREET,1.0,1.0,NEHSONS BUILDING,79314,81631881.0,hy.akarui@gmail.com,
202000000102,SS20208117,ZOFF JEM,OS,Optical Shop,50.0,JURONG GATEWAY ROAD,1.0,27.0,JEM,608549,,WAYNET@ZOFF.COM,
202000000098,PT9741,CHARIS MONTESSORI @ ELIM,CC,Childcare Centre,1079.0,SERANGOON ROAD,,,ELIM CHURCH,328182,90062621.0,elim@charis.sg,
201900000513,YM0184,MY WORLD PRESCHOOL LTD,CC,Childcare Centre,,BIDADARI PARK DRIVE,1.0,68.0,,342106,62084513.0,ccbdd.alkaffvista@myworld.org.sg,
201900000515,19M0323,HEARTLANDHEALTH,HC,Healthcare Institution,66.0,LORONG 4 TOA PAYOH,1.0,315.0,TOA PAYOH VISTA,310066,62528223.0,heartlandhealth.sg@gmail.com,
201900000518,19M0328,UNIHEALTH 24-HR CLINIC (JURONG EAST),HC,Healthcare Institution,135.0,JURONG GATEWAY ROAD,1.0,317.0,,600135,69705868.0,jurongeast@unihealthclinic.com,
202000000091,20M0038,HEALTHSPRINGS MEDICAL & LASER CLINIC,HC,Healthcare Institution,,BIDADARI PARK DRIVE,1.0,9.0,,341105,68368386.0,woodleigh@healthsprings.com.sg,
201900000519,MKC0262020,PRO-TEACH SCHOOLCARE (HORIZON),KN,Kindergarten,61.0,EDGEDALE PLAINS,,,,828819,96280687.0,kcarehorizon@pro-teach.com,
201900000520,MKC0272020,THE ENABLERS II PTE LTD,KN,Kindergarten,7.0,YISHUN AVENUE 4,,,,769028,96317746.0,kcare_nbps@nable2.com,
201900000521,MKC0282020,NASCANS PTE LTD,KN,Kindergarten,20.0,COMPASSVALE LINK,,,,544974,81989722.0,supervisor.nvkcc@nascans.com,
201900000522,MKC0292020,YMCA OF SINGAPORE,KN,Kindergarten,52.0,SUMANG WALK,,,,828674,81279370.0,vlkcc@ymca.edu.sg,
202000000203,PT9749,MAPLEBEAR LEARNING POINT PTE LTD,CC,Childcare Centre,2.0,ST. ANNE'S WOOD,,,,545270,91155011.0,myron@mynt.sg,
202000000068,SS20208115,V'SION EYEWEAR,OS,Optical Shop,51.0,UPPER SERANGOON ROAD,1.0,26.0,THE POIZ CENTRE,347697,67219557.0,MIKE5860@HOTMAIL.COM,
202000000069,SS20208118,CRESCENT OPTICS,OS,Optical Shop,12.0,TELOK BLANGAH CRESCENT,1.0,99.0,,90012,,TANWAHKWANG@GMAIL.COM,
201900000488,PT9724,MY LEARNING HAVEN (MEDIAPOLIS),CC,Childcare Centre,29.0,MEDIA CIRCLE,2.0,2.0,ALICE@MEDIAPOLIS,138565,69700628.0,jocelyn.chang@mylearninghaven.com,
202000000059,ST0351,PCF SPARKLETOTS PRESCHOOL @ NEE SOON EAST BLK 367 (EY),CC,Childcare Centre,367.0,YISHUN RING ROAD,1.0,1534.0,,760367,67545551.0,Raihanah.Bte.Abdul.Majid@Pcf.org.sg,
202000000130,NT0593,MY FIRST SKOOL,CC,Childcare Centre,49.0,RIVERVALE CRESCENT,,,,544576,66349989.0,info@myfirstskool.com,
201900000483,PT9723,GREENTREE MONTESSORI CHILDREN COTTAGE,CC,Childcare Centre,26.0,JALAN SHAER,,,SEMBAWANG SPRINGS ESTATE,769372,91591322.0,greentreemontessori@gmail.com,
201900000501,PT9725,AL-NASRY CHILDCARE PTE. LTD.,CC,Childcare Centre,354.0,TAMPINES STREET 33,1.0,530.0,,520354,91863173.0,tampchild2020@gmail.com,
201900000507,SS20198103,OPTICS HOUSE,OS,Optical Shop,6.0,RAFFLES BOULEVARD,3.0,361.0,MARINA SQUARE,39594,63382610.0,alan.yong@frameslenses.com,
202000000048,KM0026,MOE KINDERGARTEN @ HORIZON,KN,Kindergarten,61.0,EDGEDALE PLAINS,,,HORIZON PRIMARY SCHOOL,828819,67535411.0,mk_horizon@moe.edu.sg,
202000000049,KM0027,MOE KINDERGARTEN @ NAVAL BASE,KN,Kindergarten,7.0,YISHUN AVENUE 4,,,NAVAL BASE PRIMARY SCHOOL,769028,62570443.0,mk_navalbase@moe.edu.sg,
202000000050,KM0028,MOE KINDERGARTEN @ NORTH VISTA,KN,Kindergarten,20.0,COMPASSVALE LINK,0.0,0.0,NORTH VISTA PRIMARY SCHOOL,544974,64843566.0,mk_northvista@moe.edu.sg,
202000000051,KM0029,MOE KINDERGARTEN @ VALOUR,KN,Kindergarten,49.0,PUNGGOL CENTRAL,0.0,0.0,VALOUR PRIMARY SCHOOL,828728,63857339.0,mk_valour@moe.edu.sg,
202000000032,ST0368,PCF SPARKLETOTS PRESCHOOL @ PUNGGOL COAST BLK 676B (DS),CC,Childcare Centre,,PUNGGOL DRIVE,2.0,724.0,,822676,69190854.0,Florence.Fok@pcf.org.sg,
202000000063,PT9734,MAPLEBEAR PLAYWORKS PTE.LTD.,CC,Childcare Centre,207.0,BALESTIER ROAD,2.0,5.0,,329683,96158987.0,JANICE.KONG.HS@GMAIL.COM,
202000000064,PT9735,CHARIS MONTESSORI @ BLC,CC,Childcare Centre,485.0,BEDOK SOUTH AVENUE 2,,,BEDOK LUTHERAN CHURCH,469315,67772703.0,blc@charis.sg,
202000000066,PT9736,CHATSWORTH PRESCHOOL,CC,Childcare Centre,,CLEMENTI ROAD,,,,129781,98893682.0,huiling_fann@sdmgroup.sg,
202000000117,PT9742,HEARTYLAND PRESCHOOL PTE LTD,CC,Childcare Centre,2.0,PETIR ROAD,1.0,,MAYSPRINGS,678265,83883816.0,heartylandinfant@gmail.com,
202000000118,PT9743,MAPLEBEAR EARLY DEVELOPMENT PTE LTD,CC,Childcare Centre,,INTERNATIONAL BUSINESS PARK,1.0,7.0,ICON@IBP,609935,91766710.0,director.icon-ibp@maplebear.sg,
202000000128,PT9745,MULBERRY LEARNING CENTRE @ KALLANG PTE LTD,CC,Childcare Centre,8.0,STADIUM WALK,2.0,5.0,,397699,91761933.0,laisuwen@gmail.com,
201900000502,SS20198104,YES EYEWEAR,OS,Optical Shop,,MARINA BOULEVARD,,8.0,MARINA BAY LINK MALL,18984,63341633.0,alan.yong@frameslenses.com,
201900000503,SS20198102,OCULAR SUNTEC,OS,Optical Shop,3.0,TEMASEK BOULEVARD,2.0,368.0,SUNTEC CITY MALL,38983,68357989.0,alan.yong@frameslenses.com,
201900000504,SS20198106,EMPEROR OPTICS LOT ONE,OS,Optical Shop,21.0,CHOA CHU KANG AVENUE 4,,6.0,"LOT ONE, SHOPPERS' MALL",689812,67644608.0,alan.yong@frameslenses.com,
201900000505,SS20198105,CHINATOWN OPTICS,OS,Optical Shop,133.0,NEW BRIDGE ROAD,1.0,19.0,CHINATOWN POINT,59413,65383376.0,alan.yong@frameslenses.com,
202000000002,19M0342,INTEMEDICAL (KOVAN),HC,Healthcare Institution,210.0,HOUGANG STREET 21,1.0,233.0,,530210,62433036.0,dr.tyler@intemedical.com,
202000000043,20M0003,HEARTLANDHEALTH,HC,Healthcare Institution,164.0,BUKIT BATOK STREET 11,1.0,152.0,,650164,68732458.0,heartlandhealth.sg@gmail.com,
201900000524,19M0330,HEARTLANDHEALTH,HC,Healthcare Institution,86.0,REDHILL CLOSE,1.0,600.0,,150086,68733165.0,heartlandhealth.sg@gmail.com,
201900000477,PT9715,REPTON SCHOOLHOUSE BUKIT TIMAH,KN,Kindergarten,70.0,BUKIT TINGGI ROAD,,,"THE INSTITUTION OF ENGINEERS, SI",289758,81292550.0,louise.grant@chipengseng.com.sg,
201900000506,SS20198100,VIEWER OPTICS,OS,Optical Shop,600.0,LORONG 4 TOA PAYOH,1.0,1.0,600 @ TOA PAYOH,319515,,vieweroptics@yahoo.com,
202000000005,SS20208122,OPTICAL 88,OS,Optical Shop,252.0,NORTH BRIDGE ROAD,3.0,19.0,RAFFLES CITY SHOPPING CENTRE,179103,,JANUAR.PRASETYO@CITYCHAIN.COM.SG,
202000000097,PT9740,MULBERRY LEARNING CENTRE@FUSIONOPOLIS PTE. LTD.,CC,Childcare Centre,1.0,FUSIONOPOLIS WALK,1.0,14.0,SOLARIS,138628,90031454.0,cici@global-eduhub.com,
202000000072,20M0023,HEARTLANDHEALTH,HC,Healthcare Institution,463.0,JURONG WEST STREET 41,1.0,564.0,,640463,68732420.0,heartlandhealth.sg@gmail.com,
202000000073,20M0024,HEARTLANDHEALTH,HC,Healthcare Institution,18.0,BEDOK SOUTH ROAD,1.0,69.0,,460018,62418812.0,heartlandhealth.sg@gmail.com,
202000000074,20M0025,HEARTLANDHEALTH,HC,Healthcare Institution,19.0,LORONG 7 TOA PAYOH,1.0,272.0,KIM KEAT PALM,310019,62523858.0,heartlandhealth.sg@gmail.com,
201900000508,SS20198101,OCULAR PARKWAY,OS,Optical Shop,80.0,MARINE PARADE ROAD,,99.0,PARKWAY PARADE,449269,62826038.0,alan.yong@frameslenses.com,
201900000509,SS20198108,FRAMES & LENSES TIONG BAHRU,OS,Optical Shop,302.0,TIONG BAHRU ROAD,1.0,134.0,TIONG BAHRU PLAZA,168732,62710578.0,alan.yong@frameslenses.com,
201900000510,SS20198107,EMPEROR OPTICS PARKWAY,OS,Optical Shop,80.0,MARINE PARADE ROAD,,72.0,PARKWAY PARADE,449269,64473780.0,alan.yong@frameslenses.com,
202000000163,PT9746,ARTS KIDZ PRE-SCHOOL PTE LTD,CC,Childcare Centre,10.0,RAEBURN PARK,2.0,33.0,,88702,96822325.0,chris@artskidz.com.sg,
202000000164,PT9747,MAPLEBEAR JUBILEE PTE LTD,CC,Childcare Centre,31.0,JUBILEE ROAD,,,,128583,97336911.0,adrianfong@maplebear.sg,
202000000010,EB0018,E-BRIDGE PRE-SCHOOL PTE LTD,CC,Childcare Centre,20.0,SENGKANG SQUARE,,,,544709,62909590.0,sklccc@e-bridge.edu.sg,
202000000012,PT9728,MAPLEBEAR YIO CHU KANG,CC,Childcare Centre,357.0,YIO CHU KANG ROAD,,,TUAN SING PARK,805939,82888935.0,amandakoe@maplebear.sg,
202000000013,PT9729,THE LITTLE SKOOL-HOUSE AT-KK HOSPITAL,CC,Childcare Centre,99.0,BUKIT TIMAH ROAD,1.0,1.0,ALFA CENTRE,229835,63167512.0,chuajy@littleskoolhouse.com,
202000000014,ST0222,PCF SPARKLETOTS PRESCHOOL @ BUONA VISTA BLK 4 (DS),CC,Childcare Centre,4.0,HOLLAND CLOSE,1.0,7.0,,271004,67766927.0,Lay.Hong.Soh@pcf.org.sg,
202000000015,ST0226,PCF SPARKLETOTS PRESCHOOL @ TOA PAYOH WEST - BALESTIER BLK 205 (DS),CC,Childcare Centre,205.0,TOA PAYOH NORTH,1.0,1173.0,,310205,62526930.0,AgnesHY.Tan@pcf.org.sg,
202000000017,ST0238,PCF SPARKLETOTS PRESCHOOL @ KEMBANGAN CHAI CHEE BLK 116 (DS),CC,Childcare Centre,116.0,LENGKONG TIGA,1.0,187.0,,410116,67419943.0,Kalaivani.Raju@pcf.org.sg,
202000000018,ST0247,PCF SPARKLETOTS PRESCHOOL @ BEDOK BLK 30 (DS),CC,Childcare Centre,30.0,NEW UPPER CHANGI ROAD,1.0,812.0,,461030,64423628.0,Saratah.DO.Ramasamy@pcf.org.sg,
202000000019,ST0250,PCF SPARKLETOTS PRESCHOOL @ BEDOK RESERVOIR - PUNGGOL BLK 713 (DS),CC,Childcare Centre,713.0,BEDOK RESERVOIR ROAD,1.0,3960.0,,470713,64428657.0,Kayathiri.DO.Anbalagan@pcf.org.sg,
202000000020,ST0258,PCF SPARKLETOTS PRESCHOOL @ TAMPINES WEST BLK 140 (DS),CC,Childcare Centre,140.0,TAMPINES STREET 12,1.0,426.0,,520140,67821177.0,Buvanesh.Jayamogan@pcf.org.sg,
202000000021,ST0272,PCF SPARKLETOTS PRESCHOOL @ SENGKANG SOUTH BLK 452 (DS),CC,Childcare Centre,452.0,HOUGANG AVENUE 10,1.0,575.0,,530452,63871004.0,Herlena.Masehkoo@pcf.org.sg,
202000000023,ST0277,PCF SPARKLETOTS PRESCHOOL @ BRADDELL HEIGHTS BLK 417 (DS),CC,Childcare Centre,417.0,SERANGOON CENTRAL,1.0,456.0,,550417,62845761.0,sok.han.anne.yeow@pcf.org.sg,
202000000024,ST0278,PCF SPARKLETOTS PRESCHOOL @ PUNGGOL EAST BLK 103 (EY),CC,Childcare Centre,103.0,RIVERVALE WALK,1.0,86.0,,540103,64897584.0,Zahirah.Bte.Surian@pcf.org.sg,
202000000025,ST0281,PCF SPARKLETOTS PRESCHOOL @ SENGKANG CENTRAL BLK 206A (EY),CC,Childcare Centre,,COMPASSVALE LANE,1.0,67.0,,541206,64892370.0,Glory.Janessa.PK@pcf.org.sg,
202000000027,ST0301,PCF SPARKLETOTS PRESCHOOL @ TAMAN JURONG BLK 352 (DS),CC,Childcare Centre,352.0,KANG CHING ROAD,1.0,71.0,,610352,62656991.0,Hedy.WangXJ@pcf.org.sg,
202000000028,ST0363,PCF SPARKLETOTS PRESCHOOL @ SENGKANG WEST BLK 330A (DS),CC,Childcare Centre,,ANCHORVALE STREET,1.0,519.0,,541330,63851420.0,Johana.Christopher@pcf.org.sg,
202000000029,ST0365,PCF SPARKLETOTS PRESCHOOL @ PUNGGOL WEST BLK 308B (DS),CC,Childcare Centre,,PUNGGOL WALK,1.0,364.0,,822308,64448032.0,Rahilah.Binte.Md.Hassan@pcf.org.sg,
202000000030,ST0366,PCF SPARKLETOTS PRESCHOOL @ BEDOK RESERVOIR - PUNGGOL BLK 475C (DS),CC,Childcare Centre,,UPPER SERANGOON CRESCENT,1.0,547.0,,533475,63855687.0,Nurhaseena.Chin@pcf.org.sg,
202000000031,ST0367,PCF SPARKLETOTS PRESCHOOL @ PUNGGOL NORTH BLK 663A (DS),CC,Childcare Centre,,PUNGGOL DRIVE,1.0,260.0,,821663,63153800.0,Lin.Nah.Ong@pcf.org.sg,
202000000110,20M0048,HEARTLANDHEALTH,HC,Healthcare Institution,59.0,NEW UPPER CHANGI ROAD,1.0,1268.0,,461059,64453100.0,heartlandhealth.sg@gmail.com,
202000000111,20M0049,HEARTLANDHEALTH,HC,Healthcare Institution,87.0,WHAMPOA DRIVE,1.0,869.0,,320087,62521070.0,heartlandhealth.sg@gmail.com,
202000000171,20D0085,Q & M DENTAL SURGERY (TAMPINES ST 11),HC,Healthcare Institution,139.0,TAMPINES STREET 11,1.0,54.0,,521139,67810309.0,foosj@qandm.com.sg,
202000000086,20M0029,SHENTON MEDICAL GROUP,HC,Healthcare Institution,33.0,SENGKANG WEST AVENUE,1.0,,THE SELETAR MALL,797653,62339538.0,slm@parkwaypantai.com,
202000000088,PT9738,HUDA CHILDCARE (WRR) PTE LTD,CC,Childcare Centre,11.0,WOODLANDS CLOSE,1.0,3.0,WOODLANDS 11,737853,65929918.0,suhudachildcare@gmail.com,
202000000089,PT9739,THINKKIDZ,CC,Childcare Centre,3.0,ANG MO KIO STREET 62,1.0,37.0,LINK@AMK,569139,84980420.0,info@thinkkidz.com,
202000000119,PT9744,LITTLE MOPPETS PRESCHOOL @ TAMPINES PTE LTD,KN,Kindergarten,,TAMPINES STREET 45,1.0,54.0,,522497,88125264.0,LITTLEMOPPETSPRESCHOOL@GMAIL.COM,
202000000101,SS20208116,KAI JOO OPTICS (KATONG),OS,Optical Shop,845.0,GEYLANG ROAD,1.0,24.0,TANJONG KATONG COMPLEX,400845,,kjoptometrists@gmail.com,
201900000466,SS20198109,ONE OPTIQUE TRADING,OS,Optical Shop,90.0,HOUGANG AVENUE 10,1.0,29.0,HOUGANG MALL,538766,65473066.0,oneoptique@gmail.com,
201900000484,MCPHA1900461,GUARDIAN PHARMACY (GREAT WORLD CITY),PH,Pharmacy,1.0,KIM SENG PROMENADE,,,GREAT WORLD CITY,237994,62354037.0,ggwm@guardian.com.sg,
201900000485,MCPH1900477,WATSON'S PERSONAL CARE STORES PTE LTD (GREAT WORLD CITY),PH,Pharmacy,1.0,KIM SENG PROMENADE,,,GREAT WORLD CITY,237994,,siuying@watsons.com.sg,
202000000147,20M0079,DR STANLEY PECK FAMILY CLINIC,HC,Healthcare Institution,636.0,BUKIT BATOK CENTRAL,1.0,6.0,,650636,69177889.0,peckclinic@gmail.com,
202000000148,20M0077,HEALTHCARE AMK MEDICAL CLINIC,HC,Healthcare Institution,157.0,ANG MO KIO AVENUE 4,1.0,578.0,MAYFLOWER SHOPPING & FOOD CENTRE,560157,64511528.0,healthcareamk@gmail.com,
201900000481,19M0306,KIDS CLINIC @ NOVENA,HC,Healthcare Institution,101.0,IRRAWADDY ROAD,16.0,9.0,ROYAL SQUARE NOVENA,329565,68179608.0,REGULATORY@SMG.SG,
201900000482,19M0307,SHENTON MEDICAL GROUP,HC,Healthcare Institution,598.0,YISHUN RING ROAD,,9.0,THE WISTERIA,768698,62339538.0,ysr@parkwaypantai.com,
201900000540,SS20208110,EMPEROR OPTICS BEDOK,OS,Optical Shop,311.0,NEW UPPER CHANGI ROAD,,52.0,BEDOK MALL,467360,67817666.0,alan.yong@frameslenses.com,
202000000182,ST0239,PCF SPARKLETOTS PRESCHOOL @ JOO CHIAT (DS),CC,Childcare Centre,15.0,LORONG K TELOK KURAU,,,,425611,63460121.0,Ching.Hsiao.Phang@pcf.org.sg,
201900000487,19M0309,OUR FAMILY PHYSICIAN CLINIC & SURGERY,HC,Healthcare Institution,829.0,TAMPINES ST 81,1.0,292.0,,520829,67850147.0,our.family.physician@gmail.com,
201900000492,19M0316,BRADDELL MEDICAL CLINIC,HC,Healthcare Institution,124.0,LORONG 1 TOA PAYOH,1.0,489.0,,310124,62536288.0,braddellmedclinic@gmail.com,
201900000493,19M0314,HEARTLANDHEALTH,HC,Healthcare Institution,730.0,TAMPINES STREET 71,1.0,51.0,TAMPINES COURTVIEW,520730,65887833.0,heartlandhealth.sg@gmail.com,
201900000494,19M0315,HEARTLANDHEALTH,HC,Healthcare Institution,114.0,JURONG EAST STREET 13,1.0,406.0,JURONG EAST VILLE,600114,65608004.0,heartlandhealth.je@gmail.com,
201900000531,19M0336,PARKWAY EAST PAEDIATRIC CLINIC,HC,Healthcare Institution,319.0,JOO CHIAT PLACE,3.0,7.0,PARKWAY EAST HOSPITAL,427989,62295849.0,pepc@parkwaypantai.com,
201900000532,19D0334,Q & M DENTAL CENTRE (RIVER VALLEY) PTE LTD,HC,Healthcare Institution,19.0,HOOT KIAM ROAD,,,,249401,62354261.0,helen@qnm.sg,
202000000075,MCPHA2000019,GUARDIAN PHARMACY (DEPARTURE 3-SOUTH),PH,Pharmacy,65.0,AIRPORT BOULEVARD,2.0,29.0,CHANGI AIRPORT TERMINAL 3,819663,65759768.0,dfsg-gdops@guardian.com.sg,
202000000076,MCPHA2000013,GUARDIAN PHARMACY (THOMSON),PH,Pharmacy,301.0,UPPER THOMSON ROAD,3.0,28.0,THOMSON PLAZA,574408,65757126.0,dfsg-gdops@guardian.com.sg,
202000000077,MCPH2000005,POISSON PHARMACY,PH,Pharmacy,682.0,RACE COURSE ROAD,1.0,323.0,,210682,,contact@poissonpharma.sg,
202000000166,MCPHA2000056,GUARDIAN PHARMACY (SUNTEC CITY-GIANT),PH,Pharmacy,3.0,TEMASEK BOULEVARD,,,SUNTEC CITY MALL,38983,,dfsg-gdops@guardian.com.sg,
202000000185,PT9748,AKARUI EARLY YEARS LEARNING CENTRE PTE LTD,CC,Childcare Centre,490.0,LORONG 6 TOA PAYOH,3.0,12.0,HDB HUB,310490,81631881.0,hy.akarui@gmail.com,
201900000467,19D0298,CHARISMILE DENTISTRY @ KING GEORGE,HC,Healthcare Institution,803.0,KING GEORGE'S AVENUE,1.0,238.0,,200803,62952886.0,charismile@singnet.com.sg,
202000000100,20M0040,CHUNG & EE MEDICAL CLINIC,HC,Healthcare Institution,10.0,TELOK BLANGAH CRESCENT,1.0,151.0,,90010,69963782.0,dr.chung.cem@gmail.com,
202000000187,20M0117,57 MEDICAL CLINIC (GEYLANG BAHRU),HC,Healthcare Institution,57.0,GEYLANG BAHRU,1.0,3505.0,,330057,66947078.0,57medicalgb@gmail.com,
202000000189,20D0121,Q & M DENTAL SURGERY (MAYFLOWER),HC,Healthcare Institution,157.0,ANG MO KIO AVENUE 4,1.0,580.0,MAYFLOWER SHOPPING & FOOD CENTRE,560157,67059888.0,helen@qnm.sg,
202000000190,20M0119,REDWOOD @ TPY CLINIC AND SURGERY PTE. LTD.,HC,Healthcare Institution,83.0,LORONG 2 TOA PAYOH,1.0,457.0,TOA PAYOH PEAKVIEW,310083,62667820.0,redwoodtpy@gmail.com,
202000000129,SS20208121,EYEWEAR TALENT,OS,Optical Shop,414.0,YISHUN RING ROAD,1.0,1867.0,,760414,,eyewear.talent@gmail.com,
202000000053,20M0016,HEARTLANDHEALTH,HC,Healthcare Institution,88.0,CIRCUIT ROAD,1.0,965.0,MACPHERSON OASIS,370088,65478840.0,heartlandhealth.sg@gmail.com,
202000000140,20M0072,AIDAN MEDICAL CLINIC,HC,Healthcare Institution,539.0,BEDOK NORTH STREET 3,1.0,623.0,,460539,69707820.0,noriza@aidanmedical.com.sg,
202000000144,20M0069,SHERWOOD AESTHETICS,HC,Healthcare Institution,1.0,JALAN ANAK BUKIT,1.0,8.0,BUKIT TIMAH PLAZA,588996,,clinic@sherwoodaesthetics.com.sg,
202000000007,SS20208113,PREMIUM EYECARE FUNAN PTE LTD,OS,Optical Shop,107.0,NORTH BRIDGE ROAD,2.0,22.0,FUNAN,179105,69700511.0,funan@premiumeyecare.com.sg,
202000000004,SS20208111,FRAMES & LENSES BUGIS,OS,Optical Shop,200.0,VICTORIA STREET,1.0,64.0,BUGIS JUNCTION,188021,63378680.0,alan.yong@frameslenses.com,
202000000122,20M0057,CORNERSTONE MEDICAL BIDADARI,HC,Healthcare Institution,,BIDADARI PARK DRIVE,1.0,3.0,,341106,67075660.0,cornerstone@cornerstone-medical.com.sg,
202000000079,PT9732,MILAGROS DE MONTESSORI SCHOOL - QUEENS CLOSE,KN,Kindergarten,21.0,QUEEN'S CLOSE,1.0,141.0,,140021,98291020.0,jil@milagrosmontessori.com,
201900000538,19M0345,EIDDWEN FAMILY MEDICINE CLINIC,HC,Healthcare Institution,34.0,CASSIA CRESCENT,1.0,80.0,,390034,69705818.0,eiddwen.clinic@gmail.com,
202000000003,PT9727,WORKPLAYZ MONTESSORI,KN,Kindergarten,,TELOK BLANGAH HEIGHTS,1.0,2.0,MULTI STOREY CAR PARK,101088,98378794.0,sychua79@gmail.com,
202000000152,20M0081,PEAK MEDICAL CLINIC & SURGERY,HC,Healthcare Institution,,TAMPINES AVENUE 9,1.0,5.0,TAMPINES GREENRIDGES,522601,65136326.0,PEAKMEDICALSG@GMAIL.COM,
202000000201,MCPH2000187,UNITY BY FAIRPRICE (UWIS) WISMA ATRIA,PH,Pharmacy,435.0,ORCHARD ROAD,,,WISMA ATRIA,238877,66945104.0,muwis@fairprice.com.sg,
